Rk,Player,Nation,Pos,Squad,Age,Born,MP,Starts,Min,90s,Gls,Ast,G+A,G-PK,PK,PKatt,CrdY,CrdR,Gls,Ast,G+A,G-PK,G+A-PK,Matches
1,Keyliane Abdallah,fr FRA,FW,Marseille,18,2006,1,0,3,0.0,0,0,0,0,0,0,0,0,0.00,0.00,0.00,0.00,0.00,Matches
2,Yunis Abdelhamid,ma MAR,DF,Saint-Étienne,36,1987,16,11,1033,11.5,0,0,0,0,0,0,2,0,0.00,0.00,0.00,0.00,0.00,Matches
3,Himad Abdelli,dz ALG,MF,Angers,24,1999,32,32,2842,31.6,6,1,7,3,3,4,4,0,0.19,0.03,0.22,0.10,0.13,Matches
4,Mohamed Abdelmoneim,eg EGY,DF,Nice,25,1999,12,10,855,9.5,0,0,0,0,0,0,2,0,0.00,0.00,0.00,0.00,0.00,Matches
5,Ali Abdi,tn TUN,MF,Nice,30,1993,25,17,1393,15.5,5,2,7,5,0,0,2,0,0.32,0.13,0.45,0.32,0.45,Matches
6,Matthis Abline,fr FRA,FW,Nantes,21,2003,34,33,2768,30.8,9,2,11,8,1,1,3,0,0.29,0.07,0.36,0.26,0.33,Matches
7,Abner,br BRA,"DF,MF",Lyon,24,2000,19,12,1090,12.1,1,1,2,1,0,0,1,0,0.08,0.08,0.17,0.08,0.17,Matches
8,Zakaria Aboukhlal,ma MAR,"MF,FW",Toulouse,24,2000,26,22,1901,21.1,7,2,9,6,1,2,4,0,0.33,0.09,0.43,0.28,0.38,Matches
9,Akor Adams,ng NGA,FW,Montpellier,24,2000,15,13,1075,11.9,3,1,4,3,0,0,2,0,0.25,0.08,0.33,0.25,0.33,Matches
10,Martin Adeline,fr FRA,MF,Reims,20,2003,1,0,26,0.3,0,0,0,0,0,0,0,0,0.00,0.00,0.00,0.00,0.00,Matches
11,Adryelson,br BRA,DF,Lyon,26,1998,1,0,1,0.0,0,0,0,0,0,0,1,0,0.00,0.00,0.00,0.00,0.00,Matches
12,Emmanuel Agbadou,ci CIV,DF,Reims,27,1997,14,14,1260,14.0,0,0,0,0,0,0,3,0,0.00,0.00,0.00,0.00,0.00,Matches
13,Jeremy Agbonifo,se SWE,FW,Lens,18,2005,8,1,300,3.3,1,0,1,1,0,0,1,0,0.30,0.00,0.30,0.30,0.30,Matches
14,Ruben Aguilar,fr FRA,"MF,DF",Lens,31,1993,16,13,1124,12.5,1,2,3,1,0,0,4,0,0.08,0.16,0.24,0.08,0.24,Matches
15,Naouirou Ahamada,fr FRA,MF,Rennes,22,2002,3,0,58,0.6,0,0,0,0,0,0,0,0,0.00,0.00,0.00,0.00,0.00,Matches
16,Jean-Eudes Aholou,ci CIV,MF,Angers,30,1994,26,26,1959,21.8,2,0,2,2,0,0,7,0,0.09,0.00,0.09,0.09,0.09,Matches
17,Ayman Aiki,fr FRA,MF,Saint-Étienne,19,2005,5,1,127,1.4,0,0,0,0,0,0,0,0,0.00,0.00,0.00,0.00,0.00,Matches
18,Ludovic Ajorque,fr FRA,FW,Brest,30,1994,31,29,2495,27.7,13,2,15,13,0,1,5,0,0.47,0.07,0.54,0.47,0.54,Matches
19,Ümit Akdag,ro ROU,DF,Toulouse,20,2003,9,6,500,5.6,0,0,0,0,0,0,2,0,0.00,0.00,0.00,0.00,0.00,Matches
20,Sergio Akieme,es ESP,DF,Reims,26,1997,30,29,2523,28.0,2,3,5,2,0,0,5,0,0.07,0.11,0.18,0.07,0.18,Matches
21,Maghnes Akliouche,fr FRA,MF,Monaco,22,2002,32,27,2406,26.7,5,10,15,4,1,1,2,0,0.19,0.37,0.56,0.15,0.52,Matches
22,Paul Akouokou,ci CIV,MF,Lyon,26,1997,2,0,19,0.2,0,0,0,0,0,0,1,0,0.00,0.00,0.00,0.00,0.00,Matches
23,Clément Akpa,ci CIV,DF,Auxerre,22,2001,31,29,2486,27.6,0,1,1,0,0,0,7,0,0.00,0.04,0.04,0.00,0.04,Matches
24,Chuba Akpom,eng ENG,FW,Lille,28,1995,14,6,639,7.1,3,1,4,2,1,2,0,0,0.42,0.14,0.56,0.28,0.42,Matches
25,Al-Musrati,ly LBY,MF,Monaco,28,1996,10,3,386,4.3,1,1,2,1,0,0,0,0,0.23,0.23,0.47,0.23,0.47,Matches
26,Mohamed Ali Cho,fr FRA,"FW,MF",Nice,20,2004,27,21,1621,18.0,3,4,7,3,0,0,2,0,0.17,0.22,0.39,0.17,0.39,Matches
27,Jim Allevinah,ga GAB,MF,Angers,29,1995,28,23,1750,19.4,1,3,4,1,0,0,3,0,0.05,0.15,0.21,0.05,0.21,Matches
28,Thiago Almada,ar ARG,MF,Lyon,23,2001,16,9,951,10.6,1,4,5,1,0,0,3,0,0.09,0.38,0.47,0.09,0.47,Matches
29,Jordan Amavi,fr FRA,DF,Brest,30,1994,11,8,790,8.8,0,0,0,0,0,0,2,0,0.00,0.00,0.00,0.00,0.00,Matches
30,Kelvin Amian,fr FRA,DF,Nantes,26,1998,30,23,2165,24.1,1,0,1,1,0,0,5,0,0.04,0.00,0.04,0.04,0.04,Matches
31,Michael Amir Murillo,pa PAN,DF,Marseille,28,1996,30,27,2437,27.1,1,3,4,1,0,0,3,0,0.04,0.11,0.15,0.04,0.15,Matches
32,Samuel Amo-Ameyaw,eng ENG,MF,Strasbourg,18,2006,9,3,320,3.6,2,0,2,2,0,0,0,0,0.56,0.00,0.56,0.56,0.56,Matches
33,Mathis Amougou,fr FRA,MF,Saint-Étienne,18,2006,17,9,859,9.5,0,0,0,0,0,0,2,0,0.00,0.00,0.00,0.00,0.00,Matches
34,Benjamin André,fr FRA,MF,Lille,33,1990,30,30,2692,29.9,0,3,3,0,0,0,12,0,0.00,0.10,0.10,0.00,0.10,Matches
35,Kyllian Antonio,fr FRA,"MF,DF",Lens,16,2008,3,2,139,1.5,0,0,0,0,0,0,0,0,0.00,0.00,0.00,0.00,0.00,Matches
36,Dennis Appiah,fr FRA,DF,Saint-Étienne,32,1992,29,22,2128,23.6,0,1,1,0,0,0,2,0,0.00,0.04,0.04,0.00,0.04,Matches
37,Carlens Arcus,ht HAI,DF,Angers,28,1996,28,25,2047,22.7,0,1,1,0,0,0,3,0,0.00,0.04,0.04,0.00,0.04,Matches
38,Marco Asensio,es ESP,"FW,MF",Paris Saint-Germain,28,1996,12,8,618,6.9,2,4,6,2,0,0,0,0,0.29,0.58,0.87,0.29,0.87,Matches
39,Lorenz Assignon,tg TOG,"MF,DF",Rennes,24,2000,32,27,2357,26.2,3,4,7,3,0,0,9,0,0.11,0.15,0.27,0.11,0.27,Matches
40,Dehmaine Assoumani,fr FRA,FW,Nantes,19,2005,12,0,98,1.1,0,0,0,0,0,0,0,0,0.00,0.00,0.00,0.00,0.00,Matches
41,Valentin Atangana Edoa,fr FRA,MF,Reims,18,2005,34,33,2854,31.7,1,0,1,1,0,0,7,0,0.03,0.00,0.03,0.03,0.03,Matches
42,Florian Ayé,fr FRA,FW,Auxerre,27,1997,26,4,575,6.4,2,0,2,2,0,0,0,0,0.31,0.00,0.31,0.31,0.31,Matches
43,André Ayew,gh GHA,FW,Le Havre,34,1989,27,15,1453,16.1,4,1,5,4,0,0,2,0,0.25,0.06,0.31,0.25,0.31,Matches
44,Neil El Aynaoui,ma MAR,MF,Lens,23,2001,24,17,1588,17.6,8,1,9,5,3,3,4,0,0.45,0.06,0.51,0.28,0.34,Matches
45,Shavy Babicka,ga GAB,MF,Toulouse,24,2000,30,11,1186,13.2,4,2,6,4,0,0,2,0,0.30,0.15,0.46,0.30,0.46,Matches
46,Theo Bair,ca CAN,FW,Auxerre,24,1999,29,11,939,10.4,2,1,3,2,0,0,1,0,0.19,0.10,0.29,0.19,0.29,Matches
47,Mitchel Bakker,nl NED,"MF,DF",Lille,24,2000,24,14,1139,12.7,3,2,5,3,0,0,3,1,0.24,0.16,0.40,0.24,0.40,Matches
48,Darryl Bakola,fr FRA,MF,Marseille,16,2007,2,0,14,0.2,0,0,0,0,0,0,1,0,0.00,0.00,0.00,0.00,0.00,Matches
49,Dilane Bakwa,fr FRA,MF,Strasbourg,21,2002,30,29,2497,27.7,6,8,14,6,0,0,4,0,0.22,0.29,0.50,0.22,0.50,Matches
50,Leonardo Balerdi,ar ARG,DF,Marseille,25,1999,27,27,2273,25.3,0,0,0,0,0,0,9,1,0.00,0.00,0.00,0.00,0.00,Matches
51,Fodé Ballo-Touré,sn SEN,"DF,MF",Le Havre,27,1997,10,9,589,6.5,0,0,0,0,0,0,0,0,0.00,0.00,0.00,0.00,0.00,Matches
52,Folarin Balogun,us USA,FW,Monaco,23,2001,13,7,615,6.8,4,0,4,4,0,0,0,0,0.59,0.00,0.59,0.59,0.59,Matches
53,Abdoulaye Bamba,ci CIV,DF,Angers,34,1990,19,16,1510,16.8,0,0,0,0,0,0,2,0,0.00,0.00,0.00,0.00,0.00,Matches
54,Mohamed Bamba,ci CIV,MF,Reims,19,2004,2,0,10,0.1,0,0,0,0,0,0,0,0,0.00,0.00,0.00,0.00,0.00,Matches
55,Valentín Barco,ar ARG,MF,Strasbourg,20,2004,14,14,1157,12.9,0,2,2,0,0,0,2,0,0.00,0.16,0.16,0.00,0.16,Matches
56,Bradley Barcola,fr FRA,FW,Paris Saint-Germain,21,2002,34,27,2181,24.2,14,10,24,14,0,0,2,0,0.58,0.41,0.99,0.58,0.99,Matches
57,Melvin Bard,fr FRA,"DF,MF",Nice,23,2000,24,22,1938,21.5,2,1,3,2,0,0,4,2,0.09,0.05,0.14,0.09,0.14,Matches
58,Gabriel Bares,ch SUI,MF,Montpellier,23,2000,6,0,56,0.6,0,0,0,0,0,0,0,0,0.00,0.00,0.00,0.00,0.00,Matches
59,Téo Barisic,hr CRO,DF,Lyon,19,2004,1,0,2,0.0,0,0,0,0,0,0,0,0,0.00,0.00,0.00,0.00,0.00,Matches
60,Dylan Batubinsika,cd COD,DF,Saint-Étienne,28,1996,25,22,2016,22.4,1,0,1,1,0,0,3,1,0.04,0.00,0.04,0.04,0.04,Matches
61,Haris Belkebla,dz ALG,MF,Angers,30,1994,22,21,1792,19.9,0,1,1,0,0,0,1,0,0.00,0.05,0.05,0.00,0.05,Matches
62,Yassin Belkhdim,fr FRA,MF,Angers,22,2002,29,16,1523,16.9,1,1,2,1,0,0,4,0,0.06,0.06,0.12,0.06,0.12,Matches
63,Eliesse Ben Seghir,ma MAR,MF,Monaco,19,2005,33,19,1750,19.4,6,3,9,4,2,2,0,0,0.31,0.15,0.46,0.21,0.36,Matches
64,Ismaël Bennacer,dz ALG,MF,Marseille,26,1997,12,8,646,7.2,0,2,2,0,0,0,2,0,0.00,0.28,0.28,0.00,0.28,Matches
65,Saïd Benrahma,dz ALG,"FW,MF",Lyon,28,1995,13,9,735,8.2,1,3,4,1,0,0,0,0,0.12,0.37,0.49,0.12,0.49,Matches
66,Nabil Bentaleb,dz ALG,MF,Lille,29,1994,10,3,329,3.7,1,0,1,1,0,0,0,0,0.27,0.00,0.27,0.27,0.27,Matches
67,Lucas Beraldo,br BRA,DF,Paris Saint-Germain,20,2003,25,22,2011,22.3,1,0,1,1,0,0,6,0,0.04,0.00,0.04,0.04,0.04,Matches
68,Maxime Bernauer,fr FRA,DF,Saint-Étienne,26,1998,11,9,763,8.5,0,0,0,0,0,0,4,1,0.00,0.00,0.00,0.00,0.00,Matches
69,Dimitry Bertaud,cd COD,GK,Montpellier,26,1998,4,4,360,4.0,0,0,0,0,0,0,0,0,0.00,0.00,0.00,0.00,0.00,Matches
70,Mika Biereth,dk DEN,FW,Monaco,21,2003,16,16,1228,13.6,13,2,15,12,1,2,0,0,0.95,0.15,1.10,0.88,1.03,Matches
71,Emmanuel Biumla,fr FRA,DF,Angers,19,2005,17,15,1336,14.8,1,0,1,1,0,0,2,0,0.07,0.00,0.07,0.07,0.07,Matches
72,Marco Bizot,nl NED,GK,Brest,33,1991,32,32,2880,32.0,0,0,0,0,0,0,4,0,0.00,0.00,0.00,0.00,0.00,Matches
73,Ludovic Blas,fr FRA,"MF,FW",Rennes,26,1997,29,26,2293,25.5,6,8,14,6,0,0,6,0,0.24,0.31,0.55,0.24,0.55,Matches
74,Augustine Boakye,gh GHA,"MF,FW",Saint-Étienne,23,2000,17,8,733,8.1,3,0,3,3,0,0,5,0,0.37,0.00,0.37,0.37,0.37,Matches
75,Mathéo Bodmer,fr FRA,DF,Le Havre,20,2004,1,0,6,0.1,0,0,0,0,0,0,0,0,0.00,0.00,0.00,0.00,0.00,Matches
76,Jeremie Boga,ci CIV,"MF,FW",Nice,27,1997,21,12,1054,11.7,1,2,3,1,0,0,0,0,0.09,0.17,0.26,0.09,0.26,Matches
77,Moïse Bombito,ca CAN,DF,Nice,24,2000,27,25,2192,24.4,0,0,0,0,0,0,3,1,0.00,0.00,0.00,0.00,0.00,Matches
78,Saïmon Bouabré,fr FRA,MF,Monaco,18,2006,3,1,97,1.1,0,0,0,0,0,0,0,0,0.00,0.00,0.00,0.00,0.00,Matches
79,Ayyoub Bouaddi,fr FRA,MF,Lille,16,2007,24,11,1151,12.8,0,1,1,0,0,0,2,0,0.00,0.08,0.08,0.00,0.08,Matches
80,Badredine Bouanani,dz ALG,"MF,FW",Nice,19,2004,26,11,1099,12.2,3,3,6,2,1,1,2,0,0.25,0.25,0.49,0.16,0.41,Matches
81,Benjamin Bouchouari,ma MAR,MF,Saint-Étienne,22,2001,25,20,1772,19.7,1,0,1,1,0,0,6,0,0.05,0.00,0.05,0.05,0.05,Matches
82,Hicham Boudaoui,dz ALG,MF,Nice,24,1999,29,27,2435,27.1,2,3,5,2,0,0,9,0,0.07,0.11,0.18,0.07,0.18,Matches
83,Justin Bourgault,fr FRA,DF,Brest,18,2005,2,2,122,1.4,1,0,1,1,0,0,0,0,0.74,0.00,0.74,0.74,0.74,Matches
84,Benjamin Bourigeaud,fr FRA,MF,Rennes,30,1994,1,1,80,0.9,1,0,1,1,0,0,0,0,1.13,0.00,1.13,1.13,1.13,Matches
85,Bilal Brahimi,dz ALG,MF,Nice,24,2000,2,1,76,0.8,0,0,0,0,0,0,0,0,0.00,0.00,0.00,0.00,0.00,Matches
86,Lilian Brassier,fr FRA,DF,Marseille,24,1999,12,9,779,8.7,0,0,0,0,0,0,3,0,0.00,0.00,0.00,0.00,0.00,Matches
87,Lilian Brassier,fr FRA,DF,Rennes,24,1999,14,14,1234,13.7,1,1,2,1,0,0,1,0,0.07,0.07,0.15,0.07,0.15,Matches
88,Anthony Briançon,fr FRA,"DF,MF",Saint-Étienne,29,1994,1,0,1,0.0,0,0,0,0,0,0,0,0,0.00,0.00,0.00,0.00,0.00,Matches
89,Aurélio Buta,pt POR,DF,Reims,27,1997,27,24,1970,21.9,0,1,1,0,0,0,5,0,0.00,0.05,0.05,0.00,0.05,Matches
90,Marcin Bułka,pl POL,GK,Nice,24,1999,34,34,3060,34.0,0,0,0,0,0,0,0,0,0.00,0.00,0.00,0.00,0.00,Matches
91,Rémy Cabella,fr FRA,MF,Lille,34,1990,23,12,1011,11.2,1,2,3,1,0,0,1,0,0.09,0.18,0.27,0.09,0.27,Matches
92,Mathieu Cafaro,fr FRA,"MF,FW",Saint-Étienne,27,1997,15,9,732,8.1,1,0,1,1,0,0,3,1,0.12,0.00,0.12,0.12,0.12,Matches
93,Duje Ćaleta-Car,hr CRO,DF,Lyon,27,1996,19,17,1584,17.6,1,0,1,1,0,0,8,0,0.06,0.00,0.06,0.06,0.06,Matches
94,Issiaga Camara,gn GUI,MF,Nice,19,2005,4,0,20,0.2,0,0,0,0,0,0,0,0,0.00,0.00,0.00,0.00,0.00,Matches
95,Lamine Camara,sn SEN,MF,Monaco,20,2004,29,25,2054,22.8,2,7,9,2,0,0,10,1,0.09,0.31,0.39,0.09,0.39,Matches
96,Mahdi Camara,fr FRA,MF,Brest,26,1998,34,31,2659,29.5,5,3,8,5,0,0,5,0,0.17,0.10,0.27,0.17,0.27,Matches
97,Ousmane Camara,ml MLI,DF,Angers,21,2003,3,3,252,2.8,0,0,0,0,0,0,1,0,0.00,0.00,0.00,0.00,0.00,Matches
98,Axel Camblan,fr FRA,FW,Brest,20,2003,2,0,26,0.3,0,0,0,0,0,0,0,0,0.00,0.00,0.00,0.00,0.00,Matches
99,Jaydee Canvot,fr FRA,"DF,MF",Toulouse,18,2006,18,12,1106,12.3,0,0,0,0,0,0,2,0,0.00,0.00,0.00,0.00,0.00,Matches
100,Pierrick Capelle,fr FRA,MF,Angers,37,1987,16,3,483,5.4,0,0,0,0,0,0,4,0,0.00,0.00,0.00,0.00,0.00,Matches
101,Gabin Capuano,fr FRA,FW,Lens,18,2006,1,0,11,0.1,0,0,0,0,0,0,0,0,0.00,0.00,0.00,0.00,0.00,Matches
102,Maxence Caqueret,fr FRA,MF,Lyon,24,2000,9,6,573,6.4,0,0,0,0,0,0,1,0,0.00,0.00,0.00,0.00,0.00,Matches
103,Simon Cara,fr FRA,FW,Montpellier,19,2005,2,0,9,0.1,0,0,0,0,0,0,0,0,0.00,0.00,0.00,0.00,0.00,Matches
104,Valentin Carboni,ar ARG,MF,Marseille,19,2005,4,1,103,1.1,0,0,0,0,0,0,1,0,0.00,0.00,0.00,0.00,0.00,Matches
105,Irvin Cardona,mt MLT,"FW,MF",Saint-Étienne,26,1997,15,13,1063,11.8,5,3,8,5,0,1,2,0,0.42,0.25,0.68,0.42,0.68,Matches
106,Patrik Carlgren,se SWE,GK,Nantes,32,1992,5,4,417,4.6,0,0,0,0,0,0,0,0,0.00,0.00,0.00,0.00,0.00,Matches
107,Josué Casimir,ht HAI,"MF,FW",Le Havre,22,2001,27,23,1997,22.2,4,4,8,4,0,0,5,0,0.18,0.18,0.36,0.18,0.36,Matches
108,Cristian Cásseres Jr.,ve VEN,MF,Toulouse,24,2000,32,31,2696,30.0,1,3,4,1,0,0,11,0,0.03,0.10,0.13,0.03,0.13,Matches
109,Jean-Charles Castelletto,cm CMR,"DF,MF",Nantes,29,1995,30,30,2620,29.1,0,0,0,0,0,0,5,1,0.00,0.00,0.00,0.00,0.00,Matches
110,Enzo Caumont,fr FRA,MF,Angers,20,2004,2,0,34,0.4,0,0,0,0,0,0,1,0,0.00,0.00,0.00,0.00,0.00,Matches
111,Fabien Centonze,fr FRA,DF,Nantes,28,1996,7,3,265,2.9,0,0,0,0,0,0,0,0,0.00,0.00,0.00,0.00,0.00,Matches
112,Brendan Chardonnet,fr FRA,DF,Brest,29,1994,27,27,2416,26.8,1,0,1,1,0,0,6,0,0.04,0.00,0.04,0.04,0.04,Matches
113,Jhoanner Chávez,ec ECU,MF,Lens,22,2002,10,7,596,6.6,1,0,1,1,0,0,1,0,0.15,0.00,0.15,0.15,0.15,Matches
114,Théo Chennahi,fr FRA,DF,Montpellier,19,2005,4,2,181,2.0,0,0,0,0,0,0,2,0,0.00,0.00,0.00,0.00,0.00,Matches
115,Sidiki Cherif,fr FRA,FW,Angers,17,2006,7,3,324,3.6,0,0,0,0,0,0,0,0,0.00,0.00,0.00,0.00,0.00,Matches
116,Rayan Cherki,fr FRA,"MF,FW",Lyon,20,2003,30,22,2041,22.7,8,11,19,8,0,0,3,0,0.35,0.49,0.84,0.35,0.84,Matches
117,Lucas Chevalier,fr FRA,GK,Lille,22,2001,34,34,3060,34.0,0,0,0,0,0,0,0,0,0.00,0.00,0.00,0.00,0.00,Matches
118,Pedro Chirivella,es ESP,MF,Nantes,27,1997,30,28,2348,26.1,0,2,2,0,0,0,6,0,0.00,0.08,0.08,0.00,0.08,Matches
119,Joris Chotard,fr FRA,MF,Montpellier,22,2001,26,23,1892,21.0,1,0,1,1,0,0,5,0,0.05,0.00,0.05,0.05,0.05,Matches
120,Djaoui Cissé,fr FRA,MF,Rennes,20,2004,14,14,1121,12.5,1,0,1,1,0,0,4,0,0.08,0.00,0.08,0.08,0.08,Matches
121,Yoann Cissé,fr FRA,MF,Auxerre,19,2004,2,0,5,0.1,0,0,0,0,0,0,0,0,0.00,0.00,0.00,0.00,0.00,Matches
122,Jonathan Clauss,fr FRA,"MF,DF",Nice,31,1992,28,27,2303,25.6,3,8,11,3,0,0,7,0,0.12,0.31,0.43,0.12,0.43,Matches
123,Marcus Coco,fr FRA,DF,Nantes,28,1996,20,10,951,10.6,0,1,1,0,0,0,3,2,0.00,0.09,0.09,0.00,0.09,Matches
124,Alois Confais,fr FRA,"DF,MF",Le Havre,27,1996,1,0,3,0.0,0,0,0,0,0,0,0,0,0.00,0.00,0.00,0.00,0.00,Matches
125,Francis Coquelin,fr FRA,MF,Nantes,33,1991,6,3,224,2.5,1,1,2,1,0,0,1,0,0.40,0.40,0.80,0.40,0.80,Matches
126,Derek Cornelius,ca CAN,DF,Marseille,26,1997,21,17,1420,15.8,0,0,0,0,0,0,9,2,0.00,0.00,0.00,0.00,0.00,Matches
127,Pierre Cornud,fr FRA,"DF,MF",Saint-Étienne,27,1996,11,7,576,6.4,0,0,0,0,0,0,2,0,0.00,0.00,0.00,0.00,0.00,Matches
128,David Costa,pt POR,MF,Lens,23,2001,11,3,352,3.9,0,0,0,0,0,0,0,1,0.00,0.00,0.00,0.00,0.00,Matches
129,Logan Costa,cv CPV,DF,Toulouse,23,2001,1,1,90,1.0,0,0,0,0,0,0,0,0,0.00,0.00,0.00,0.00,0.00,Matches
130,Grégoire Coudert,fr FRA,GK,Brest,25,1999,2,2,180,2.0,0,0,0,0,0,0,0,0,0.00,0.00,0.00,0.00,0.00,Matches
131,Lasso Coulibaly,ci CIV,MF,Auxerre,21,2002,3,0,45,0.5,1,0,1,1,0,0,0,0,2.00,0.00,2.00,2.00,2.00,Matches
132,Mamadou Coulibaly,fr FRA,MF,Monaco,20,2004,1,0,8,0.1,0,0,0,0,0,0,0,0,0.00,0.00,0.00,0.00,0.00,Matches
133,Soumaïla Coulibaly,fr FRA,DF,Brest,20,2003,7,5,438,4.9,0,0,0,0,0,0,1,0,0.00,0.00,0.00,0.00,0.00,Matches
134,Tanguy Coulibaly,fr FRA,"MF,FW",Montpellier,23,2001,25,17,1485,16.5,3,0,3,3,0,0,4,2,0.18,0.00,0.18,0.18,0.18,Matches
135,Marius Courcoul,fr FRA,MF,Angers,17,2007,8,3,309,3.4,0,0,0,0,0,0,0,0,0.00,0.00,0.00,0.00,0.00,Matches
136,Nicolas Cozza,fr FRA,"DF,MF",Nantes,25,1999,27,23,2051,22.8,1,0,1,1,0,0,3,1,0.04,0.00,0.04,0.04,0.04,Matches
137,Charlie Cresswell,eng ENG,DF,Toulouse,21,2002,31,29,2592,28.8,3,1,4,3,0,0,5,0,0.10,0.03,0.14,0.10,0.14,Matches
138,Kévin Danois,fr FRA,MF,Auxerre,20,2004,22,16,1460,16.2,0,0,0,0,0,0,1,0,0.00,0.00,0.00,0.00,0.00,Matches
139,Kevin Danso,at AUT,DF,Lens,25,1998,12,12,1080,12.0,0,0,0,0,0,0,3,0,0.00,0.00,0.00,0.00,0.00,Matches
140,Dante,br BRA,DF,Nice,40,1983,25,21,1964,21.8,0,0,0,0,0,0,5,1,0.00,0.00,0.00,0.00,0.00,Matches
141,Pape Daouda Diongue,sn SEN,MF,Strasbourg,18,2006,9,1,78,0.9,1,0,1,1,0,0,0,0,1.15,0.00,1.15,1.15,1.15,Matches
142,Mohamed Daramy,dk DEN,"FW,MF",Reims,22,2002,2,0,16,0.2,0,0,0,0,0,0,0,0,0.00,0.00,0.00,0.00,0.00,Matches
143,Jonathan David,ca CAN,FW,Lille,24,2000,32,28,2554,28.4,16,5,21,10,6,7,4,0,0.56,0.18,0.74,0.35,0.53,Matches
144,Zuriko Davitashvili,ge GEO,"FW,MF",Saint-Étienne,23,2001,33,32,2778,30.9,9,8,17,7,2,2,3,0,0.29,0.26,0.55,0.23,0.49,Matches
145,Théo De Percin,mq MTQ,GK,Auxerre,23,2001,2,2,180,2.0,0,0,0,0,0,0,0,0,0.00,0.00,0.00,0.00,0.00,Matches
146,Thibault De Smet,be BEL,DF,Reims,26,1998,5,2,192,2.1,0,0,0,0,0,0,0,0,0.00,0.00,0.00,0.00,0.00,Matches
147,Amar Dedić,ba BIH,MF,Marseille,21,2002,10,2,314,3.5,0,1,1,0,0,0,1,0,0.00,0.29,0.29,0.00,0.29,Matches
148,Romain Del Castillo,fr FRA,"FW,MF",Brest,28,1996,26,14,1259,14.0,6,4,10,3,3,4,0,0,0.43,0.29,0.71,0.21,0.50,Matches
149,Thomas Delaine,fr FRA,"DF,MF",Strasbourg,32,1992,2,0,9,0.1,0,0,0,0,0,0,0,0,0.00,0.00,0.00,0.00,0.00,Matches
150,Andy Delort,dz ALG,FW,Montpellier,32,1991,9,8,607,6.7,0,0,0,0,0,0,1,0,0.00,0.00,0.00,0.00,0.00,Matches
151,Ousmane Dembélé,fr FRA,FW,Paris Saint-Germain,27,1997,29,20,1730,19.2,21,6,27,20,1,1,1,0,1.09,0.31,1.40,1.04,1.35,Matches
152,Rémy Descamps,fr FRA,GK,Lyon,28,1996,1,1,90,1.0,0,0,0,0,0,0,0,0,0.00,0.00,0.00,0.00,0.00,Matches
153,Arthur Desmas,fr FRA,GK,Le Havre,30,1994,18,18,1620,18.0,0,0,0,0,0,0,2,0,0.00,0.00,0.00,0.00,0.00,Matches
154,Mamadou Diakhon,sn SEN,"MF,FW",Reims,18,2005,28,5,858,9.5,2,1,3,2,0,0,2,0,0.21,0.10,0.31,0.21,0.31,Matches
155,Bafodé Diakité,fr FRA,DF,Lille,23,2001,31,31,2766,30.7,4,1,5,4,0,0,8,1,0.13,0.03,0.16,0.13,0.16,Matches
156,Oumar Diakité,ci CIV,FW,Reims,20,2003,26,20,1628,18.1,4,1,5,4,0,1,6,0,0.22,0.06,0.28,0.22,0.28,Matches
157,Habib Diarra,sn SEN,"MF,FW",Strasbourg,20,2004,30,27,2352,26.1,4,5,9,2,2,2,6,0,0.15,0.19,0.34,0.08,0.27,Matches
158,Krépin Diatta,sn SEN,"DF,MF",Monaco,25,1999,19,3,508,5.6,0,0,0,0,0,0,3,0,0.00,0.00,0.00,0.00,0.00,Matches
159,Kandet Diawara,gn GUI,MF,Le Havre,24,2000,1,0,4,0.0,0,0,0,0,0,0,0,0,0.00,0.00,0.00,0.00,0.00,Matches
160,Mahamadou Diawara,fr FRA,MF,Le Havre,19,2005,15,6,582,6.5,0,1,1,0,0,0,0,0,0.00,0.15,0.15,0.00,0.15,Matches
161,Mahamadou Diawara,fr FRA,MF,Lyon,19,2005,2,0,16,0.2,0,0,0,0,0,0,0,0,0.00,0.00,0.00,0.00,0.00,Matches
162,Bamba Dieng,sn SEN,FW,Angers,24,2000,18,5,532,5.9,3,0,3,2,1,1,1,0,0.51,0.00,0.51,0.34,0.34,Matches
163,Kembo Diliwidi,fr FRA,FW,Lens,18,2006,1,0,4,0.0,0,0,0,0,0,0,0,0,0.00,0.00,0.00,0.00,0.00,Matches
164,Sinaly Diomande,ci CIV,DF,Auxerre,23,2001,23,22,1945,21.6,3,2,5,3,0,0,6,0,0.14,0.09,0.23,0.14,0.23,Matches
165,Lois Diony,fr FRA,FW,Angers,31,1992,1,0,21,0.2,0,0,0,0,0,0,0,0,0.00,0.00,0.00,0.00,0.00,Matches
166,Sérigné Diop,sn SEN,FW,Brest,19,2005,2,0,4,0.0,0,0,0,0,0,0,0,0,0.00,0.00,0.00,0.00,0.00,Matches
167,Sofiane Diop,ma MAR,"MF,FW",Nice,24,2000,28,8,1064,11.8,6,4,10,6,0,0,3,0,0.51,0.34,0.85,0.51,0.85,Matches
168,Andy Diouf,fr FRA,MF,Lens,21,2003,34,27,2225,24.7,1,2,3,1,0,0,2,0,0.04,0.08,0.12,0.04,0.12,Matches
169,Yehvann Diouf,sn SEN,GK,Reims,24,1999,34,34,3060,34.0,0,0,0,0,0,0,1,0,0.00,0.00,0.00,0.00,0.00,Matches
170,Assane Dioussé,sn SEN,MF,Auxerre,26,1997,17,7,663,7.4,0,0,0,0,0,0,1,0,0.00,0.00,0.00,0.00,0.00,Matches
171,Álex Domínguez,es ESP,GK,Toulouse,26,1998,1,0,19,0.2,0,0,0,0,0,0,0,0,0.00,0.00,0.00,0.00,0.00,Matches
172,Gianluigi Donnarumma,it ITA,GK,Paris Saint-Germain,25,1999,24,24,2091,23.2,0,0,0,0,0,0,2,0,0.00,0.00,0.00,0.00,0.00,Matches
173,Sékou Doucoure,fr FRA,DF,Nantes,19,2005,2,0,12,0.1,0,0,0,0,0,0,0,0,0.00,0.00,0.00,0.00,0.00,Matches
174,Désiré Doué,fr FRA,"MF,FW",Paris Saint-Germain,19,2005,31,18,1730,19.2,6,6,12,6,0,0,1,0,0.31,0.31,0.62,0.31,0.62,Matches
175,Guela Doué,ci CIV,"DF,MF",Strasbourg,21,2002,32,30,2717,30.2,1,2,3,1,0,0,7,0,0.03,0.07,0.10,0.03,0.10,Matches
176,Douglas,br BRA,MF,Nantes,27,1997,28,28,2307,25.6,4,2,6,4,0,0,8,0,0.16,0.08,0.23,0.16,0.23,Matches
177,Ismaël Doukouré,fr FRA,"DF,MF",Strasbourg,21,2003,31,31,2639,29.3,1,1,2,1,0,0,7,0,0.03,0.03,0.07,0.03,0.07,Matches
178,Kamory Doumbia,ml MLI,"MF,FW",Brest,21,2003,30,13,1322,14.7,3,2,5,3,0,0,1,0,0.20,0.14,0.34,0.20,0.34,Matches
179,Amidou Doumbouya,fr FRA,MF,Nice,16,2007,2,0,46,0.5,0,0,0,0,0,0,0,0,0.00,0.00,0.00,0.00,0.00,Matches
180,Jean-Kevin Duverne,ht HAI,DF,Nantes,27,1997,9,7,537,6.0,0,0,0,0,0,0,2,0,0.00,0.00,0.00,0.00,0.00,Matches
181,Stefan Džodić,rs SRB,DF,Montpellier,19,2005,7,2,242,2.7,0,0,0,0,0,0,2,1,0.00,0.00,0.00,0.00,0.00,Matches
182,Aron Dønnum,no NOR,MF,Toulouse,26,1998,32,31,2689,29.9,3,2,5,3,0,0,6,0,0.10,0.07,0.17,0.10,0.17,Matches
183,Noah Edjouma,fr FRA,MF,Toulouse,18,2005,10,1,171,1.9,2,0,2,2,0,0,0,1,1.05,0.00,1.05,1.05,1.05,Matches
184,Jacques Ekomie,ga GAB,"DF,MF",Angers,20,2003,18,7,697,7.7,0,0,0,0,0,0,1,0,0.00,0.00,0.00,0.00,0.00,Matches
185,Pierre Ekwah Elimby,fr FRA,MF,Saint-Étienne,22,2002,29,29,2575,28.6,1,0,1,1,0,0,3,0,0.03,0.00,0.03,0.03,0.03,Matches
186,Meschak Elia,cd COD,FW,Nantes,26,1997,8,1,170,1.9,1,0,1,1,0,0,0,0,0.53,0.00,0.53,0.53,0.53,Matches
187,Breel Embolo,ch SUI,"FW,MF",Monaco,27,1997,29,19,1841,20.5,6,4,10,6,0,0,5,0,0.29,0.20,0.49,0.29,0.49,Matches
188,Emanuel Emegha,nl NED,FW,Strasbourg,21,2003,27,27,2293,25.5,14,3,17,14,0,0,5,0,0.55,0.12,0.67,0.55,0.67,Matches
189,Romain Faivre,fr FRA,"MF,FW",Brest,26,1998,20,10,899,10.0,3,2,5,2,1,1,2,0,0.30,0.20,0.50,0.20,0.40,Matches
190,Khalil Fayad,fr FRA,"MF,FW",Montpellier,20,2004,20,10,1028,11.4,0,0,0,0,0,0,5,0,0.00,0.00,0.00,0.00,0.00,Matches
191,Luiz Felipe,it ITA,DF,Marseille,27,1997,4,2,122,1.4,0,0,0,0,0,0,1,0,0.00,0.00,0.00,0.00,0.00,Matches
192,Zinedine Ferhat,dz ALG,MF,Angers,31,1993,24,8,849,9.4,2,0,2,2,0,0,1,0,0.21,0.00,0.21,0.21,0.21,Matches
193,Edimilson Fernandes,ch SUI,"MF,DF",Brest,28,1996,19,12,1105,12.3,0,1,1,0,0,0,1,0,0.00,0.08,0.08,0.00,0.08,Matches
194,Matias Fernandez-Pardo,be BEL,"MF,FW",Lille,19,2005,22,12,1065,11.8,4,2,6,4,0,0,4,0,0.34,0.17,0.51,0.34,0.51,Matches
195,Jordan Ferri,fr FRA,MF,Montpellier,32,1992,25,21,1773,19.7,0,2,2,0,0,0,6,1,0.00,0.10,0.10,0.00,0.10,Matches
196,Karol Fila,pl POL,DF,Strasbourg,26,1998,1,0,5,0.1,0,0,0,0,0,0,1,0,0.00,0.00,0.00,0.00,0.00,Matches
197,Malick Fofana,be BEL,"FW,MF",Lyon,19,2005,29,16,1589,17.7,5,4,9,5,0,0,2,0,0.28,0.23,0.51,0.28,0.51,Matches
198,Rayan Fofana,fr FRA,MF,Lens,18,2006,2,0,25,0.3,0,0,0,0,0,0,0,0,0.00,0.00,0.00,0.00,0.00,Matches
199,Seko Fofana,ci CIV,MF,Rennes,29,1995,16,9,844,9.4,1,1,2,1,0,0,3,0,0.11,0.11,0.21,0.11,0.21,Matches
200,Yahia Fofana,ci CIV,GK,Angers,23,2000,33,33,2970,33.0,0,0,0,0,0,0,4,0,0.00,0.00,0.00,0.00,0.00,Matches
201,Lamine Fomba,fr FRA,MF,Saint-Étienne,26,1998,7,3,217,2.4,0,0,0,0,0,0,2,0,0.00,0.00,0.00,0.00,0.00,Matches
202,Przemysław Frankowski,pl POL,"MF,DF",Lens,29,1995,18,16,1387,15.4,4,2,6,2,2,2,3,0,0.26,0.13,0.39,0.13,0.26,Matches
203,Angelo Fulgini,nc NCL,MF,Lens,27,1996,23,11,1045,11.6,1,1,2,1,0,0,3,0,0.09,0.09,0.17,0.09,0.17,Matches
204,Kyogo Furuhashi,jp JPN,FW,Rennes,29,1995,6,1,123,1.4,0,0,0,0,0,0,0,0,0.00,0.00,0.00,0.00,0.00,Matches
205,Gauthier Gallon,fr FRA,GK,Rennes,31,1993,1,0,45,0.5,0,0,0,0,0,0,0,0,0.00,0.00,0.00,0.00,0.00,Matches
206,Ignatius Ganago,cm CMR,MF,Nantes,25,1999,11,1,241,2.7,0,0,0,0,0,0,1,0,0.00,0.00,0.00,0.00,0.00,Matches
207,Ulisses Garcia,ch SUI,"DF,MF",Marseille,28,1996,20,10,930,10.3,2,2,4,2,0,0,2,0,0.19,0.19,0.39,0.19,0.39,Matches
208,Jean-Philippe Gbamin,ci CIV,MF,Nantes,28,1995,14,2,216,2.4,0,0,0,0,0,0,1,0,0.00,0.00,0.00,0.00,0.00,Matches
209,Mory Gbane,ci CIV,"DF,MF",Reims,23,2000,13,13,1125,12.5,0,1,1,0,0,0,2,0,0.00,0.08,0.08,0.00,0.08,Matches
210,Yann Gboho,fr FRA,"MF,FW",Toulouse,23,2001,31,27,2333,25.9,5,4,9,5,0,0,2,0,0.19,0.15,0.35,0.19,0.35,Matches
211,Denis Genreau,au AUS,MF,Toulouse,25,1999,8,2,222,2.5,0,0,0,0,0,0,0,0,0.00,0.00,0.00,0.00,0.00,Matches
212,Aleksandr Golovin,ru RUS,MF,Monaco,28,1996,19,13,1153,12.8,3,0,3,3,0,0,1,0,0.23,0.00,0.23,0.23,0.23,Matches
213,André Gomes,pt POR,MF,Lille,31,1993,20,16,1276,14.2,0,0,0,0,0,0,3,0,0.00,0.00,0.00,0.00,0.00,Matches
214,Angel Gomes,eng ENG,MF,Lille,23,2000,14,10,736,8.2,1,1,2,1,0,1,1,0,0.12,0.12,0.24,0.12,0.24,Matches
215,Andrés Gómez,co COL,MF,Rennes,21,2002,17,2,381,4.2,3,0,3,3,0,0,1,0,0.71,0.00,0.71,0.71,0.71,Matches
216,Mathieu Gorgelin,fr FRA,GK,Le Havre,33,1990,16,16,1440,16.0,0,0,0,0,0,0,2,0,0.00,0.00,0.00,0.00,0.00,Matches
217,Amine Gouiri,dz ALG,FW,Marseille,24,2000,14,12,1048,11.6,10,3,13,10,0,0,0,0,0.86,0.26,1.12,0.86,1.12,Matches
218,Amine Gouiri,dz ALG,"MF,FW",Rennes,24,2000,19,11,1037,11.5,3,2,5,3,0,0,2,0,0.26,0.17,0.43,0.26,0.43,Matches
219,Jonathan Gradit,fr FRA,DF,Lens,31,1992,25,24,2112,23.5,0,0,0,0,0,0,4,0,0.00,0.00,0.00,0.00,0.00,Matches
220,Samuel Grandsir,fr FRA,"FW,MF",Le Havre,27,1996,6,0,84,0.9,0,0,0,0,0,0,0,0,0.00,0.00,0.00,0.00,0.00,Matches
221,Mason Greenwood,eng ENG,"MF,FW",Marseille,22,2001,34,32,2804,31.2,21,5,26,14,7,9,3,0,0.67,0.16,0.83,0.45,0.61,Matches
222,Albert Grønbaek,dk DEN,"MF,FW",Rennes,23,2001,16,9,813,9.0,2,1,3,2,0,0,1,0,0.22,0.11,0.33,0.22,0.33,Matches
223,Gabriel Gudmundsson,se SWE,"DF,MF",Lille,25,1999,30,20,1785,19.8,2,0,2,2,0,0,3,0,0.10,0.00,0.10,0.10,0.10,Matches
224,Axel Gueguin,fr FRA,FW,Montpellier,19,2005,1,0,23,0.3,0,0,0,0,0,0,0,0,0.00,0.00,0.00,0.00,0.00,Matches
225,Evann Guessand,ci CIV,"MF,FW",Nice,23,2001,33,30,2565,28.5,12,8,20,12,0,0,2,0,0.42,0.28,0.70,0.42,0.70,Matches
226,Bahereba Guirassy,fr FRA,MF,Nantes,17,2006,19,2,348,3.9,2,0,2,2,0,0,0,0,0.52,0.00,0.52,0.52,0.52,Matches
227,Massadio Haïdara,ml MLI,DF,Brest,31,1992,22,20,1678,18.6,0,0,0,0,0,0,3,2,0.00,0.00,0.00,0.00,0.00,Matches
228,Achraf Hakimi,ma MAR,DF,Paris Saint-Germain,25,1998,25,24,2066,23.0,4,6,10,4,0,0,4,0,0.17,0.26,0.44,0.17,0.44,Matches
229,Florent Hanin,dz ALG,DF,Angers,34,1990,33,31,2672,29.7,1,2,3,1,0,0,2,0,0.03,0.07,0.10,0.03,0.10,Matches
230,Hákon Haraldsson,is ISL,MF,Lille,21,2003,25,21,1755,19.5,5,3,8,5,0,0,3,0,0.26,0.15,0.41,0.26,0.41,Matches
231,Amine Harit,ma MAR,MF,Marseille,27,1997,13,8,519,5.8,2,4,6,2,0,0,1,1,0.35,0.69,1.04,0.35,1.04,Matches
232,Hans Hateboer,nl NED,"DF,MF",Rennes,30,1994,26,18,1684,18.7,0,0,0,0,0,0,3,0,0.00,0.00,0.00,0.00,0.00,Matches
233,Kjetil Haug,no NOR,GK,Toulouse,26,1998,6,5,498,5.5,0,0,0,0,0,0,0,0,0.00,0.00,0.00,0.00,0.00,Matches
234,Luis Henrique,br BRA,MF,Marseille,22,2001,33,29,2613,29.0,7,7,14,7,0,0,0,0,0.24,0.24,0.48,0.24,0.48,Matches
235,Lucas Hernández,fr FRA,DF,Paris Saint-Germain,28,1996,16,10,877,9.7,0,0,0,0,0,0,2,0,0.00,0.00,0.00,0.00,0.00,Matches
236,Ki-Jana Hoever,nl NED,"DF,MF",Auxerre,22,2002,30,26,2124,23.6,1,2,3,1,0,0,4,1,0.04,0.08,0.13,0.04,0.13,Matches
237,Cédric Hountondji,bj BEN,DF,Angers,30,1994,3,3,270,3.0,0,0,0,0,0,0,0,0,0.00,0.00,0.00,0.00,0.00,Matches
238,Ilyes Housni,fr FRA,FW,Le Havre,19,2005,12,3,230,2.6,0,0,0,0,0,0,0,0,0.00,0.00,0.00,0.00,0.00,Matches
239,Pierre Højbjerg,dk DEN,MF,Marseille,28,1995,30,30,2664,29.6,2,4,6,2,0,0,5,0,0.07,0.14,0.20,0.07,0.20,Matches
240,Hafiz Ibrahim,ng NGA,FW,Reims,18,2005,11,2,391,4.3,0,1,1,0,0,0,2,1,0.00,0.23,0.23,0.00,0.23,Matches
241,George Ilenikhena,ng NGA,FW,Monaco,17,2006,23,6,717,8.0,3,2,5,3,0,0,0,0,0.38,0.25,0.63,0.38,0.63,Matches
242,Rareş Ilie,ro ROU,MF,Nice,21,2003,2,0,13,0.1,0,0,0,0,0,0,0,0,0.00,0.00,0.00,0.00,0.00,Matches
243,Ismaily,br BRA,DF,Lille,34,1990,16,10,904,10.0,0,1,1,0,0,0,4,0,0.00,0.10,0.10,0.00,0.10,Matches
244,Yanis Issoufou,fr FRA,MF,Montpellier,17,2006,4,1,77,0.9,0,0,0,0,0,0,0,0,0.00,0.00,0.00,0.00,0.00,Matches
245,Junya Ito,jp JPN,"MF,FW",Reims,31,1993,33,31,2690,29.9,4,3,7,4,0,0,1,0,0.13,0.10,0.23,0.13,0.23,Matches
246,Jérémy Jacquet,fr FRA,DF,Rennes,19,2005,11,11,927,10.3,0,1,1,0,0,0,0,0,0.00,0.10,0.10,0.00,0.10,Matches
247,Ismail Jakobs,sn SEN,DF,Monaco,24,1999,2,2,180,2.0,0,0,0,0,0,0,0,0,0.00,0.00,0.00,0.00,0.00,Matches
248,Jordan James,wls WAL,MF,Rennes,20,2004,23,14,1178,13.1,0,1,1,0,0,0,4,0,0.00,0.08,0.08,0.00,0.08,Matches
249,Malcolm Jeng,se SWE,DF,Reims,19,2005,3,2,107,1.2,0,0,0,0,0,0,0,0,0.00,0.00,0.00,0.00,0.00,Matches
250,John Joe,ie IRL,MF,Reims,20,2003,13,5,545,6.1,0,0,0,0,0,0,0,0,0.00,0.00,0.00,0.00,0.00,Matches
251,Karl-Johan Johnsson,se SWE,GK,Strasbourg,34,1990,3,3,270,3.0,0,0,0,0,0,0,0,0,0.00,0.00,0.00,0.00,0.00,Matches
252,Paul Joly,fr FRA,"DF,MF",Auxerre,24,2000,26,10,1009,11.2,0,1,1,0,0,0,3,1,0.00,0.09,0.09,0.00,0.09,Matches
253,Jota,pt POR,MF,Rennes,25,1999,9,3,334,3.7,1,0,1,1,0,0,0,0,0.27,0.00,0.27,0.27,0.27,Matches
254,Antoine Joujou,fr FRA,"MF,FW",Le Havre,21,2003,26,9,943,10.5,0,2,2,0,0,0,1,0,0.00,0.19,0.19,0.00,0.19,Matches
255,Jubal,br BRA,DF,Auxerre,30,1993,30,30,2640,29.3,6,0,6,3,3,4,7,0,0.20,0.00,0.20,0.10,0.10,Matches
256,Abdulai Juma Bah,sl SLE,DF,Lens,18,2006,10,8,686,7.6,0,0,0,0,0,0,2,0,0.00,0.00,0.00,0.00,0.00,Matches
257,Hamed Junior Traorè,ci CIV,MF,Auxerre,24,2000,26,26,2093,23.3,10,2,12,10,0,0,5,0,0.43,0.09,0.52,0.43,0.52,Matches
258,Yaya Kader Fofana,ml MLI,"MF,FW",Reims,20,2004,12,8,634,7.0,1,1,2,1,0,0,4,0,0.14,0.14,0.28,0.14,0.28,Matches
259,Tino Kadewere,zw ZIM,MF,Nantes,28,1996,12,6,512,5.7,1,2,3,1,0,0,1,0,0.18,0.35,0.53,0.18,0.53,Matches
260,Arnaud Kalimuendo,fr FRA,FW,Rennes,22,2002,33,31,2578,28.6,17,3,20,12,5,8,2,0,0.59,0.10,0.70,0.42,0.52,Matches
261,Justin-Noël Kalumba,fr FRA,FW,Angers,19,2004,2,0,31,0.3,0,0,0,0,0,0,0,0,0.00,0.00,0.00,0.00,0.00,Matches
262,Warren Kamanzi,no NOR,MF,Toulouse,23,2000,24,11,1022,11.4,1,1,2,1,0,0,3,0,0.09,0.09,0.18,0.09,0.18,Matches
263,Glen Kamara,fi FIN,MF,Rennes,28,1995,13,8,662,7.4,0,1,1,0,0,0,0,0,0.00,0.14,0.14,0.00,0.14,Matches
264,Noham Kamara,fr FRA,DF,Paris Saint-Germain,17,2007,2,0,76,0.8,0,0,0,0,0,0,0,0,0.00,0.00,0.00,0.00,0.00,Matches
265,Nordine Kandil,fr FRA,MF,Strasbourg,22,2001,1,0,10,0.1,0,0,0,0,0,0,0,0,0.00,0.00,0.00,0.00,0.00,Matches
266,Lee Kang-in,kr KOR,"FW,MF",Paris Saint-Germain,23,2001,30,19,1663,18.5,6,6,12,6,0,0,1,0,0.32,0.32,0.65,0.32,0.65,Matches
267,Yassine Kechta,ma MAR,"MF,FW",Le Havre,22,2002,31,25,2096,23.3,2,0,2,2,0,0,4,0,0.09,0.00,0.09,0.09,0.09,Matches
268,Thilo Kehrer,de GER,DF,Monaco,27,1996,27,27,2383,26.5,4,0,4,4,0,0,1,0,0.15,0.00,0.15,0.15,0.15,Matches
269,Reda Khadra,de GER,"FW,MF",Reims,23,2001,4,0,78,0.9,0,0,0,0,0,0,0,0,0.00,0.00,0.00,0.00,0.00,Matches
270,Wahbi Khazri,tn TUN,"FW,MF",Montpellier,33,1991,30,10,1118,12.4,1,1,2,1,0,0,4,0,0.08,0.08,0.16,0.08,0.16,Matches
271,Abdukodir Khusanov,uz UZB,DF,Lens,20,2004,13,11,975,10.8,0,0,0,0,0,0,2,1,0.00,0.00,0.00,0.00,0.00,Matches
272,Presnel Kimpembe,fr FRA,DF,Paris Saint-Germain,28,1995,2,0,23,0.3,0,0,0,0,0,0,0,0,0.00,0.00,0.00,0.00,0.00,Matches
273,Joshua King,no NOR,"FW,MF",Toulouse,32,1992,28,21,1673,18.6,6,3,9,6,0,0,2,0,0.32,0.16,0.48,0.32,0.48,Matches
274,Cédric Kipré,ci CIV,DF,Reims,27,1996,28,26,2190,24.3,0,1,1,0,0,0,4,2,0.00,0.04,0.04,0.00,0.04,Matches
275,Hervé Koffi,bf BFA,GK,Lens,27,1996,5,5,450,5.0,0,0,0,0,0,0,2,0,0.00,0.00,0.00,0.00,0.00,Matches
276,Philipp Köhn,ch SUI,GK,Monaco,26,1998,19,19,1710,19.0,0,0,0,0,0,0,1,0,0.00,0.00,0.00,0.00,0.00,Matches
277,Koka,eg EGY,FW,Le Havre,31,1993,16,10,851,9.5,3,1,4,2,1,1,2,0,0.32,0.11,0.42,0.21,0.32,Matches
278,Randal Kolo Muani,fr FRA,FW,Paris Saint-Germain,25,1998,10,2,358,4.0,2,1,3,1,1,1,0,0,0.50,0.25,0.75,0.25,0.50,Matches
279,Geoffrey Kondogbia,cf CTA,"DF,MF",Marseille,31,1993,25,22,2020,22.4,0,0,0,0,0,0,1,0,0.00,0.00,0.00,0.00,0.00,Matches
280,Abdoul Koné,fr FRA,DF,Reims,19,2005,4,1,133,1.5,0,0,0,0,0,0,0,0,0.00,0.00,0.00,0.00,0.00,Matches
281,Amadou Koné,ml MLI,MF,Reims,19,2005,24,17,1293,14.4,0,0,0,0,0,0,3,1,0.00,0.00,0.00,0.00,0.00,Matches
282,Ismaël Koné,ca CAN,MF,Rennes,22,2002,13,4,469,5.2,2,1,3,2,0,0,1,0,0.38,0.19,0.58,0.38,0.58,Matches
283,Ismaël Koné,ca CAN,MF,Marseille,22,2002,8,3,360,4.0,0,0,0,0,0,0,0,0,0.00,0.00,0.00,0.00,0.00,Matches
284,Emmanuel Koum Mbondo,fr FRA,FW,Marseille,18,2006,1,0,12,0.1,0,0,0,0,0,0,0,0,0.00,0.00,0.00,0.00,0.00,Matches
285,Boubakar Kouyaté,ml MLI,DF,Montpellier,27,1997,11,8,756,8.4,0,0,0,0,0,0,6,1,0.00,0.00,0.00,0.00,0.00,Matches
286,Goduine Koyalipou,cf CTA,FW,Lens,24,2000,15,12,885,9.8,4,0,4,4,0,0,0,0,0.41,0.00,0.41,0.41,0.41,Matches
287,Sael Kumbedi,fr FRA,DF,Lyon,19,2005,14,12,951,10.6,0,0,0,0,0,0,2,0,0.00,0.00,0.00,0.00,0.00,Matches
288,Daler Kuzyaev,ru RUS,MF,Le Havre,31,1993,12,6,567,6.3,1,0,1,1,0,0,1,0,0.16,0.00,0.16,0.16,0.16,Matches
289,Khvicha Kvaratskhelia,ge GEO,FW,Paris Saint-Germain,23,2001,14,11,916,10.2,4,3,7,4,0,0,0,0,0.39,0.29,0.69,0.39,0.69,Matches
290,Rémy Labeau Lascary,gp GLP,"MF,FW",Lens,21,2003,14,6,637,7.1,2,1,3,2,0,0,5,0,0.28,0.14,0.42,0.28,0.42,Matches
291,Gaëtan Laborde,fr FRA,FW,Nice,30,1994,28,20,1829,20.3,11,4,15,7,4,4,1,0,0.54,0.20,0.74,0.34,0.54,Matches
292,Alexandre Lacazette,fr FRA,FW,Lyon,33,1991,30,24,2051,22.8,15,2,17,10,5,6,5,0,0.66,0.09,0.75,0.44,0.53,Matches
293,Younes Lachaab,fr FRA,MF,Lille,19,2005,2,0,9,0.1,0,0,0,0,0,0,0,0,0.00,0.00,0.00,0.00,0.00,Matches
294,Alban Lafont,ci CIV,GK,Nantes,25,1999,12,12,1080,12.0,0,0,0,0,0,0,1,0,0.00,0.00,0.00,0.00,0.00,Matches
295,Kenny Lala,mg MAD,DF,Brest,32,1991,30,29,2686,29.8,3,2,5,0,3,3,5,0,0.10,0.07,0.17,0.00,0.07,Matches
296,Mohamed Lamine Bayo,gn GUI,FW,Lille,26,1998,12,4,309,3.4,2,1,3,2,0,0,1,0,0.58,0.29,0.87,0.58,0.87,Matches
297,Gautier Larsonneur,fr FRA,GK,Saint-Étienne,27,1997,34,34,3060,34.0,0,0,0,0,0,0,5,0,0.00,0.00,0.00,0.00,0.00,Matches
298,Julien Le Cardinal,fr FRA,DF,Brest,26,1997,16,15,1378,15.3,0,1,1,0,0,0,3,0,0.00,0.07,0.07,0.00,0.07,Matches
299,Jérémy Le Douaron,fr FRA,FW,Brest,26,1998,2,1,102,1.1,0,0,0,0,0,0,0,0,0.00,0.00,0.00,0.00,0.00,Matches
300,Benjamin Lecomte,fr FRA,GK,Montpellier,33,1991,30,30,2700,30.0,0,0,0,0,0,0,0,0,0.00,0.00,0.00,0.00,0.00,Matches
301,Pierre Lees-Melou,fr FRA,MF,Brest,31,1993,20,17,1526,17.0,2,2,4,2,0,0,7,0,0.12,0.12,0.24,0.12,0.24,Matches
302,Jordan Lefort,mr MTN,DF,Angers,30,1993,34,34,3060,34.0,0,1,1,0,0,0,3,0,0.00,0.03,0.03,0.00,0.03,Matches
303,Félix Lemaréchal,fr FRA,"MF,FW",Strasbourg,20,2003,27,20,1779,19.8,4,3,7,4,0,0,2,0,0.20,0.15,0.35,0.20,0.35,Matches
304,Donovan Léon,gf GUF,GK,Auxerre,31,1992,32,32,2880,32.0,0,2,2,0,0,0,4,0,0.00,0.06,0.06,0.00,0.06,Matches
305,Esteban Lepaul,fr FRA,FW,Angers,24,2000,28,18,1629,18.1,9,0,9,9,0,0,2,0,0.50,0.00,0.50,0.50,0.50,Matches
306,Johann Lepenant,fr FRA,MF,Nantes,21,2002,29,23,2048,22.8,2,1,3,2,0,0,3,0,0.09,0.04,0.13,0.09,0.13,Matches
307,Louis Leroux,fr FRA,"MF,DF",Nantes,18,2006,16,8,816,9.1,2,1,3,2,0,0,1,0,0.22,0.11,0.33,0.22,0.33,Matches
308,Pol Lirola,es ESP,DF,Marseille,26,1997,19,5,680,7.6,1,2,3,1,0,0,1,1,0.13,0.26,0.40,0.13,0.40,Matches
309,Gautier Lloris,fr FRA,DF,Le Havre,29,1995,31,31,2768,30.8,2,1,3,2,0,0,5,0,0.07,0.03,0.10,0.07,0.10,Matches
310,Bradley Locko,fr FRA,DF,Brest,22,2002,2,1,97,1.1,0,0,0,0,0,0,1,0,0.00,0.00,0.00,0.00,0.00,Matches
311,Elysée Logbo,fr FRA,FW,Le Havre,20,2004,1,0,27,0.3,0,0,0,0,0,0,0,0,0.00,0.00,0.00,0.00,0.00,Matches
312,Anthony Lopes,pt POR,GK,Nantes,33,1990,18,18,1563,17.4,0,0,0,0,0,0,2,0,0.00,0.00,0.00,0.00,0.00,Matches
313,Jordan Lotomba,ch SUI,"DF,MF",Nice,25,1998,2,0,35,0.4,0,0,0,0,0,0,0,0,0.00,0.00,0.00,0.00,0.00,Matches
314,Tom Louchet,fr FRA,"DF,MF",Nice,21,2003,22,7,775,8.6,1,0,1,1,0,0,1,0,0.12,0.00,0.12,0.12,0.12,Matches
315,Milos Lukovic,rs SRB,FW,Strasbourg,18,2005,2,0,12,0.1,0,0,0,0,0,0,0,0,0.00,0.00,0.00,0.00,0.00,Matches
316,Othmane Maamma,ma MAR,MF,Montpellier,18,2005,12,2,361,4.0,1,1,2,1,0,0,1,0,0.25,0.25,0.50,0.25,0.50,Matches
317,Deiver Machado,co COL,"DF,MF",Lens,30,1993,27,20,1805,20.1,1,4,5,1,0,0,7,2,0.05,0.20,0.25,0.05,0.25,Matches
318,Lanroy Machine,fr FRA,MF,Angers,18,2005,2,0,8,0.1,0,0,0,0,0,0,0,0,0.00,0.00,0.00,0.00,0.00,Matches
319,Yvann Macon,fr FRA,DF,Saint-Étienne,25,1998,12,10,790,8.8,0,0,0,0,0,0,4,0,0.00,0.00,0.00,0.00,0.00,Matches
320,Eros Maddy,nl NED,"FW,MF",Auxerre,23,2001,2,0,15,0.2,0,0,0,0,0,0,1,0,0.00,0.00,0.00,0.00,0.00,Matches
321,Soungoutou Magassa,fr FRA,MF,Monaco,20,2003,21,12,1025,11.4,0,1,1,0,0,0,5,1,0.00,0.09,0.09,0.00,0.09,Matches
322,Hugo Magnetti,fr FRA,MF,Brest,26,1998,32,27,2323,25.8,1,0,1,1,0,0,5,0,0.04,0.00,0.04,0.04,0.04,Matches
323,Frank Magri,cm CMR,FW,Toulouse,24,1999,31,17,1516,16.8,5,1,6,5,0,0,5,1,0.30,0.06,0.36,0.30,0.36,Matches
324,Ainsley Maitland-Niles,eng ENG,"DF,MF",Lyon,26,1997,32,20,1985,22.1,1,4,5,1,0,0,1,0,0.05,0.18,0.23,0.05,0.23,Matches
325,Radosław Majecki,pl POL,GK,Monaco,24,1999,15,15,1350,15.0,0,0,0,0,0,0,1,0,0.00,0.00,0.00,0.00,0.00,Matches
326,Hamidou Makalou,ml MLI,MF,Brest,18,2006,4,0,32,0.4,0,0,0,0,0,0,0,0,0.00,0.00,0.00,0.00,0.00,Matches
327,Nikola Maksimović,rs SRB,DF,Montpellier,32,1991,7,7,581,6.5,0,0,0,0,0,0,2,0,0.00,0.00,0.00,0.00,0.00,Matches
328,Aaron Malouda,fr FRA,FW,Lille,18,2005,1,0,2,0.0,0,0,0,0,0,0,0,0,0.00,0.00,0.00,0.00,0.00,Matches
329,Steve Mandanda,fr FRA,GK,Rennes,39,1985,18,17,1486,16.5,0,0,0,0,0,0,0,0,0.00,0.00,0.00,0.00,0.00,Matches
330,Aïssa Mandi,dz ALG,DF,Lille,32,1991,24,20,1733,19.3,0,0,0,0,0,0,3,0,0.00,0.00,0.00,0.00,0.00,Matches
331,Orel Mangala,be BEL,MF,Lyon,26,1998,1,1,67,0.7,0,0,0,0,0,0,0,0,0.00,0.00,0.00,0.00,0.00,Matches
332,Sekou Mara,fr FRA,"FW,MF",Strasbourg,22,2002,25,7,768,8.5,1,1,2,1,0,0,2,0,0.12,0.12,0.23,0.12,0.23,Matches
333,Marquinhos,br BRA,DF,Paris Saint-Germain,30,1994,22,19,1725,19.2,2,0,2,2,0,0,3,0,0.10,0.00,0.10,0.10,0.10,Matches
334,Ange Martial Tia,ml MLI,MF,Reims,17,2006,6,2,171,1.9,0,0,0,0,0,0,0,0,0.00,0.00,0.00,0.00,0.00,Matches
335,Jonas Martin,fr FRA,MF,Brest,34,1990,17,5,496,5.5,1,0,1,1,0,0,2,0,0.18,0.00,0.18,0.18,0.18,Matches
336,Han-Noah Massengo,fr FRA,MF,Auxerre,23,2001,17,11,1046,11.6,0,0,0,0,0,0,5,0,0.00,0.00,0.00,0.00,0.00,Matches
337,Clinton Mata,ao ANG,DF,Lyon,31,1992,29,27,2370,26.3,0,4,4,0,0,0,6,0,0.00,0.15,0.15,0.00,0.15,Matches
338,Eliot Matazo,be BEL,MF,Monaco,22,2002,3,1,68,0.8,0,0,0,0,0,0,0,0,0.00,0.00,0.00,0.00,0.00,Matches
339,Nemanja Matić,rs SRB,MF,Lyon,35,1988,29,25,2010,22.3,0,1,1,0,0,0,1,0,0.00,0.04,0.04,0.00,0.04,Matches
340,Rudy Matondo,fr FRA,MF,Auxerre,16,2008,5,0,66,0.7,0,0,0,0,0,0,1,0,0.00,0.00,0.00,0.00,0.00,Matches
341,Azor Matusiwa,nl NED,MF,Rennes,26,1998,29,23,2078,23.1,1,3,4,1,0,0,3,0,0.04,0.13,0.17,0.04,0.17,Matches
342,Neal Maupay,fr FRA,FW,Marseille,27,1996,22,13,1042,11.6,4,4,8,4,0,0,3,1,0.35,0.35,0.69,0.35,0.69,Matches
343,Christian Mawissa,fr FRA,DF,Monaco,19,2005,22,17,1501,16.7,0,0,0,0,0,0,3,0,0.00,0.00,0.00,0.00,0.00,Matches
344,Senny Mayulu,fr FRA,MF,Paris Saint-Germain,18,2006,20,8,808,9.0,2,2,4,2,0,0,1,0,0.22,0.22,0.45,0.22,0.45,Matches
345,Ethan Mbappé,fr FRA,MF,Lille,17,2006,10,1,222,2.5,0,0,0,0,0,0,3,0,0.00,0.00,0.00,0.00,0.00,Matches
346,Ibrahim Mbaye,sn SEN,FW,Paris Saint-Germain,16,2008,9,4,340,3.8,1,1,2,1,0,0,0,0,0.26,0.26,0.53,0.26,0.53,Matches
347,Hianga'a Mbock,fr FRA,MF,Brest,24,1999,1,0,21,0.2,0,0,0,0,0,0,0,0,0.00,0.00,0.00,0.00,0.00,Matches
348,Mark McKenzie,us USA,DF,Toulouse,25,1999,30,29,2496,27.7,1,1,2,1,0,0,1,1,0.04,0.04,0.07,0.04,0.07,Matches
349,Facundo Medina,ar ARG,DF,Lens,25,1999,29,29,2543,28.3,0,1,1,0,0,0,15,1,0.00,0.04,0.04,0.00,0.04,Matches
350,Henrik Meister,dk DEN,FW,Rennes,20,2003,4,0,63,0.7,1,0,1,1,0,0,0,0,1.43,0.00,1.43,1.43,1.43,Matches
351,Bamo Meïté,ci CIV,DF,Montpellier,22,2001,7,6,424,4.7,0,0,0,0,0,0,2,1,0.00,0.00,0.00,0.00,0.00,Matches
352,Bamo Meïté,ci CIV,DF,Marseille,22,2001,3,0,26,0.3,0,0,0,0,0,0,0,0,0.00,0.00,0.00,0.00,0.00,Matches
353,Kader Meïté,fr FRA,FW,Rennes,16,2007,12,5,544,6.0,2,0,2,2,0,0,0,0,0.33,0.00,0.33,0.33,0.33,Matches
354,Farid El Melali,dz ALG,"MF,FW",Angers,27,1997,32,22,1893,21.0,2,3,5,2,0,0,1,0,0.10,0.14,0.24,0.10,0.24,Matches
355,Nuno Mendes,pt POR,DF,Paris Saint-Germain,22,2002,24,19,1676,18.6,1,3,4,1,0,0,3,0,0.05,0.16,0.21,0.05,0.21,Matches
356,Antoine Mendy,sn SEN,"DF,MF",Nice,20,2004,18,8,825,9.2,0,0,0,0,0,0,2,0,0.00,0.00,0.00,0.00,0.00,Matches
357,Nampalys Mendy,sn SEN,MF,Lens,32,1992,10,7,588,6.5,0,1,1,0,0,0,2,0,0.00,0.15,0.15,0.00,0.15,Matches
358,Gideon Mensah,gh GHA,"DF,MF",Auxerre,26,1998,29,26,2280,25.3,0,1,1,0,0,0,2,0,0.00,0.04,0.04,0.00,0.04,Matches
359,Quentin Merlin,fr FRA,"MF,DF",Marseille,22,2002,27,21,1589,17.7,1,3,4,1,0,0,1,0,0.06,0.17,0.23,0.06,0.23,Matches
360,Rafik Messali,fr FRA,MF,Toulouse,21,2003,13,5,456,5.1,0,1,1,0,0,0,0,0,0.00,0.20,0.20,0.00,0.20,Matches
361,Thomas Meunier,be BEL,DF,Lille,32,1991,30,21,1928,21.4,2,0,2,2,0,0,5,0,0.09,0.00,0.09,0.09,0.09,Matches
362,Lucas Michal,fr FRA,FW,Monaco,19,2005,8,0,117,1.3,0,0,0,0,0,0,0,0,0.00,0.00,0.00,0.00,0.00,Matches
363,Georges Mikautadze,ge GEO,"FW,MF",Lyon,23,2000,34,13,1449,16.1,11,6,17,8,3,4,2,0,0.68,0.37,1.06,0.50,0.87,Matches
364,Igor Miladinović,rs SRB,MF,Saint-Étienne,21,2003,3,0,26,0.3,0,0,0,0,0,0,0,0,0.00,0.00,0.00,0.00,0.00,Matches
365,Takumi Minamino,jp JPN,MF,Monaco,29,1995,31,27,2231,24.8,6,3,9,6,0,0,4,0,0.24,0.12,0.36,0.24,0.36,Matches
366,Lucas Mincarelli,fr FRA,DF,Montpellier,20,2004,10,8,715,7.9,1,0,1,1,0,0,0,0,0.13,0.00,0.13,0.13,0.13,Matches
367,Terem Moffi,ng NGA,FW,Nice,25,1999,5,0,58,0.6,1,0,1,1,0,0,0,0,1.55,0.00,1.55,1.55,1.55,Matches
368,Mostafa Mohamed,eg EGY,FW,Nantes,26,1997,30,11,1252,13.9,5,0,5,5,0,0,3,0,0.36,0.00,0.36,0.36,0.36,Matches
369,Florent Mollet,fr FRA,MF,Nantes,32,1991,9,3,242,2.7,0,0,0,0,0,0,1,0,0.00,0.00,0.00,0.00,0.00,Matches
370,Diego Moreira,be BEL,"MF,DF",Strasbourg,19,2004,32,29,2568,28.5,2,7,9,2,0,0,4,1,0.07,0.25,0.32,0.07,0.32,Matches
371,Gabriel Moscardo,br BRA,MF,Reims,18,2005,6,0,84,0.9,0,0,0,0,0,0,1,0,0.00,0.00,0.00,0.00,0.00,Matches
372,Yael Mouanga,fr FRA,DF,Montpellier,19,2005,14,10,946,10.5,0,0,0,0,0,0,3,0,0.00,0.00,0.00,0.00,0.00,Matches
373,Aimen Moueffek,fr FRA,MF,Saint-Étienne,23,2001,22,13,1039,11.5,0,1,1,0,0,0,2,0,0.00,0.09,0.09,0.00,0.09,Matches
374,Youssoufa Moukoko,de GER,FW,Nice,19,2004,11,2,204,2.3,2,1,3,2,0,0,0,0,0.88,0.44,1.32,0.88,1.32,Matches
375,Louis Mouton,fr FRA,MF,Saint-Étienne,22,2002,24,12,1045,11.6,0,1,1,0,0,0,2,0,0.00,0.09,0.09,0.00,0.09,Matches
376,Ngal'Ayel Mukau,cd COD,MF,Lille,19,2004,22,14,1190,13.2,0,1,1,0,0,0,4,0,0.00,0.08,0.08,0.00,0.08,Matches
377,Marshall Munetsi,zw ZIM,MF,Reims,28,1996,19,19,1692,18.8,4,2,6,4,0,0,5,0,0.21,0.11,0.32,0.21,0.32,Matches
378,Junior Mwanga,fr FRA,MF,Le Havre,21,2003,11,11,952,10.6,1,2,3,1,0,0,1,1,0.09,0.19,0.28,0.09,0.28,Matches
379,Junior Mwanga,fr FRA,MF,Strasbourg,21,2003,8,2,296,3.3,0,0,0,0,0,0,0,0,0.00,0.00,0.00,0.00,0.00,Matches
380,Loïc N'Gatta,fr FRA,DF,Auxerre,20,2003,2,0,13,0.1,0,0,0,0,0,0,1,0,0.00,0.00,0.00,0.00,0.00,Matches
381,Djylian N'Guessan,fr FRA,FW,Saint-Étienne,15,2008,8,3,181,2.0,0,0,0,0,0,0,0,0,0.00,0.00,0.00,0.00,0.00,Matches
382,Mickael Nade,fr FRA,DF,Saint-Étienne,25,1999,26,25,2306,25.6,1,2,3,1,0,0,1,0,0.04,0.08,0.12,0.04,0.12,Matches
383,Bilal Nadir,ma MAR,MF,Marseille,20,2003,15,5,383,4.3,1,0,1,1,0,0,2,0,0.23,0.00,0.23,0.23,0.23,Matches
384,Mahamadou Nagida,cm CMR,MF,Rennes,19,2005,12,4,430,4.8,2,0,2,2,0,0,1,0,0.42,0.00,0.42,0.42,0.42,Matches
385,Keito Nakamura,jp JPN,"MF,FW",Reims,24,2000,32,31,2649,29.4,11,2,13,11,0,0,5,0,0.37,0.07,0.44,0.37,0.44,Matches
386,Sebastian Nanasi,se SWE,"MF,FW",Strasbourg,22,2002,31,26,2107,23.4,6,4,10,6,0,0,1,0,0.26,0.17,0.43,0.26,0.43,Matches
387,Yael Nandjou,fr FRA,DF,Nice,19,2005,3,2,154,1.7,0,0,0,0,0,0,0,0,0.00,0.00,0.00,0.00,0.00,Matches
388,Youssouf Ndayishimiye,bi BDI,DF,Nice,25,1998,23,22,1932,21.5,3,0,3,3,0,0,5,0,0.14,0.00,0.14,0.14,0.14,Matches
389,Junior Ndiaye,ae UAE,FW,Montpellier,19,2005,15,4,441,4.9,0,0,0,0,0,0,0,0,0.00,0.00,0.00,0.00,0.00,Matches
390,Rassoul Ndiaye,sn SEN,MF,Le Havre,22,2001,27,11,1061,11.8,1,0,1,1,0,0,2,0,0.08,0.00,0.08,0.08,0.08,Matches
391,Wilfried Ndollo,cm CMR,DF,Montpellier,19,2005,8,3,401,4.5,0,0,0,0,0,0,0,0,0.00,0.00,0.00,0.00,0.00,Matches
392,Tanguy Ndombele,fr FRA,MF,Nice,27,1996,18,12,1131,12.6,1,2,3,1,0,0,2,0,0.08,0.16,0.24,0.08,0.24,Matches
393,Loïc Nego,hu HUN,"DF,MF",Le Havre,33,1991,31,28,2459,27.3,0,0,0,0,0,0,4,0,0.00,0.00,0.00,0.00,0.00,Matches
394,João Neves,pt POR,"MF,DF",Paris Saint-Germain,19,2004,29,22,1844,20.5,3,8,11,3,0,0,1,0,0.15,0.39,0.54,0.15,0.54,Matches
395,Mikayil Ngor Faye,sn SEN,DF,Rennes,20,2004,11,7,688,7.6,0,0,0,0,0,0,1,1,0.00,0.00,0.00,0.00,0.00,Matches
396,Steve Ngoura,fr FRA,FW,Le Havre,19,2005,8,2,289,3.2,1,0,1,1,0,0,0,0,0.31,0.00,0.31,0.31,0.31,Matches
397,Bernard Nguene,cm CMR,FW,Nice,17,2006,1,0,13,0.1,0,0,0,0,0,0,0,0,0.00,0.00,0.00,0.00,0.00,Matches
398,Moussa Niakhate,sn SEN,DF,Lyon,28,1996,31,30,2726,30.3,0,0,0,0,0,0,2,0,0.00,0.00,0.00,0.00,0.00,Matches
399,Abdoulaye Niakhate Ndiaye,sn SEN,DF,Brest,22,2002,22,19,1707,19.0,1,0,1,1,0,0,4,1,0.05,0.00,0.05,0.05,0.05,Matches
400,Ibrahima Niane,sn SEN,FW,Angers,25,1999,24,8,943,10.5,3,1,4,2,1,1,0,0,0.29,0.10,0.38,0.19,0.29,Matches
401,Rasmus Nicolaisen,dk DEN,DF,Toulouse,27,1997,7,7,623,6.9,0,1,1,0,0,0,0,0,0.00,0.14,0.14,0.00,0.14,Matches
402,Arnaud Nordin,fr FRA,"MF,FW",Montpellier,26,1998,16,14,1166,13.0,4,1,5,3,1,2,2,0,0.31,0.08,0.39,0.23,0.31,Matches
403,Plamedi Nsingi,,FW,Nantes,23,2000,1,0,16,0.2,0,0,0,0,0,0,0,0,0.00,0.00,0.00,0.00,0.00,Matches
404,Ernest Nuamah,gh GHA,"MF,FW",Lyon,20,2003,23,13,1052,11.7,3,1,4,3,0,0,2,0,0.26,0.09,0.34,0.26,0.34,Matches
405,Rabby Nzingoula,fr FRA,MF,Montpellier,18,2005,27,20,1689,18.8,1,0,1,1,0,0,11,0,0.05,0.00,0.05,0.05,0.05,Matches
406,M'Bala Nzola,ao ANG,FW,Lens,27,1996,21,16,1460,16.2,6,1,7,6,0,0,3,1,0.37,0.06,0.43,0.37,0.43,Matches
407,Marwann Nzuzi,fr FRA,DF,Saint-Étienne,20,2004,2,2,125,1.4,0,0,0,0,0,0,2,0,0.00,0.00,0.00,0.00,0.00,Matches
408,Hamzat Ojediran,ng NGA,MF,Lens,20,2003,17,1,416,4.6,1,0,1,1,0,0,5,0,0.22,0.00,0.22,0.22,0.22,Matches
409,Joseph Okumu,ke KEN,DF,Reims,27,1997,22,20,1695,18.8,1,0,1,1,0,0,5,1,0.05,0.00,0.05,0.05,0.05,Matches
410,Kazeem Olaigbe,be BEL,"MF,FW",Rennes,21,2003,10,3,299,3.3,0,2,2,0,0,0,0,0,0.00,0.60,0.60,0.00,0.60,Matches
411,Ben Old,nz NZL,"MF,FW",Saint-Étienne,21,2002,13,4,528,5.9,0,0,0,0,0,0,0,0,0.00,0.00,0.00,0.00,0.00,Matches
412,Warmed Omari,km COM,DF,Lyon,24,2000,1,0,8,0.1,0,0,0,0,0,0,0,0,0.00,0.00,0.00,0.00,0.00,Matches
413,Becir Omeragic,ch SUI,DF,Montpellier,22,2002,22,21,1799,20.0,0,0,0,0,0,0,1,0,0.00,0.00,0.00,0.00,0.00,Matches
414,Andrew Omobamidele,ie IRL,DF,Strasbourg,22,2002,10,6,539,6.0,0,0,0,0,0,0,5,1,0.00,0.00,0.00,0.00,0.00,Matches
415,Ado Onaiwu,jp JPN,"MF,FW",Auxerre,28,1995,31,9,957,10.6,4,1,5,4,0,0,1,1,0.38,0.09,0.47,0.38,0.47,Matches
416,Christopher Operi,ci CIV,"MF,DF",Le Havre,27,1997,13,13,1169,13.0,0,2,2,0,0,0,2,1,0.00,0.15,0.15,0.00,0.15,Matches
417,Fredrik Oppegard,no NOR,"MF,DF",Auxerre,21,2002,9,2,273,3.0,0,0,0,0,0,0,0,0,0.00,0.00,0.00,0.00,0.00,Matches
418,Victor Orakpo,ng NGA,FW,Nice,18,2006,4,0,36,0.4,0,0,0,0,0,0,0,0,0.00,0.00,0.00,0.00,0.00,Matches
419,Ike Orazi,ie IRL,FW,Reims,17,2007,1,0,3,0.0,0,0,0,0,0,0,0,0,0.00,0.00,0.00,0.00,0.00,Matches
420,Gift Orban,ng NGA,FW,Lyon,22,2002,3,2,186,2.1,2,0,2,2,0,0,1,0,0.97,0.00,0.97,0.97,0.97,Matches
421,Gabriel Osho,ng NGA,DF,Auxerre,25,1998,20,20,1654,18.4,1,0,1,1,0,0,1,1,0.05,0.00,0.05,0.05,0.05,Matches
422,Jibril Othman,tn TUN,FW,Saint-Étienne,20,2004,1,0,5,0.1,0,0,0,0,0,0,0,0,0.00,0.00,0.00,0.00,0.00,Matches
423,Abdoul Ouattara,fr FRA,"MF,FW",Strasbourg,18,2005,17,3,471,5.2,1,1,2,1,0,0,1,0,0.19,0.19,0.38,0.19,0.38,Matches
424,Kassoum Ouattara,fr FRA,"MF,DF",Monaco,19,2004,12,5,391,4.3,0,1,1,0,0,0,2,0,0.00,0.23,0.23,0.00,0.23,Matches
425,Zinédine Ould Khaled,fr FRA,MF,Angers,24,2000,10,4,343,3.8,0,0,0,0,0,0,1,0,0.00,0.00,0.00,0.00,0.00,Matches
426,Beres Owusu,fr FRA,DF,Saint-Étienne,20,2003,1,1,90,1.0,0,0,0,0,0,0,0,0,0.00,0.00,0.00,0.00,0.00,Matches
427,Elisha Owusu,gh GHA,MF,Auxerre,26,1997,28,28,2344,26.0,1,3,4,1,0,0,7,0,0.04,0.12,0.15,0.04,0.15,Matches
428,Willian Pacho,ec ECU,DF,Paris Saint-Germain,22,2001,28,23,2132,23.7,0,1,1,0,0,0,2,0,0.00,0.04,0.04,0.00,0.04,Matches
429,Nicolas Pallois,fr FRA,DF,Nantes,36,1987,26,23,2017,22.4,0,2,2,0,0,0,9,0,0.00,0.09,0.09,0.00,0.09,Matches
430,Nicolas Pays,fr FRA,"MF,FW",Montpellier,20,2003,9,4,447,5.0,0,0,0,0,0,0,0,0,0.00,0.00,0.00,0.00,0.00,Matches
431,Kévin Pedro,fr FRA,DF,Saint-Étienne,18,2006,1,0,10,0.1,0,0,0,0,0,0,0,0,0.00,0.00,0.00,0.00,0.00,Matches
432,Jordan Pefok,us USA,FW,Reims,28,1996,7,6,380,4.2,1,0,1,1,0,0,0,0,0.24,0.00,0.24,0.24,0.24,Matches
433,Théo Pellenard,fr FRA,DF,Auxerre,30,1994,2,0,45,0.5,0,0,0,0,0,0,0,0,0.00,0.00,0.00,0.00,0.00,Matches
434,Timothee Pembele,fr FRA,"DF,MF",Le Havre,21,2002,20,12,1113,12.4,1,0,1,1,0,0,3,0,0.08,0.00,0.08,0.08,0.08,Matches
435,Faris Pemi Moumbagna,cm CMR,FW,Marseille,24,2000,1,0,8,0.1,0,0,0,0,0,0,0,0,0.00,0.00,0.00,0.00,0.00,Matches
436,Óscar Perea,co COL,MF,Strasbourg,18,2005,2,0,14,0.2,0,0,0,0,0,0,0,0,0.00,0.00,0.00,0.00,0.00,Matches
437,Mathias Pereira Lage,pt POR,"MF,FW",Brest,27,1996,29,18,1571,17.5,2,7,9,2,0,0,4,0,0.11,0.40,0.52,0.11,0.52,Matches
438,Lucas Perri,br BRA,GK,Lyon,26,1997,33,33,2970,33.0,0,0,0,0,0,0,1,0,0.00,0.00,0.00,0.00,0.00,Matches
439,Gaëtan Perrin,fr FRA,MF,Auxerre,28,1996,34,31,2691,29.9,10,11,21,10,0,0,2,0,0.33,0.37,0.70,0.33,0.70,Matches
440,Prosper Peter,ng NGA,FW,Angers,16,2007,2,0,27,0.3,0,0,0,0,0,0,0,0,0.00,0.00,0.00,0.00,0.00,Matches
441,Léo Pétrot,fr FRA,DF,Saint-Étienne,27,1997,31,29,2634,29.3,0,3,3,0,0,0,4,0,0.00,0.10,0.10,0.00,0.10,Matches
442,Đorđe Petrović,rs SRB,GK,Strasbourg,24,1999,31,31,2790,31.0,0,0,0,0,0,0,2,0,0.00,0.00,0.00,0.00,0.00,Matches
443,Tom Pouilly,fr FRA,DF,Lens,21,2003,10,2,273,3.0,0,0,0,0,0,0,1,0,0.00,0.00,0.00,0.00,0.00,Matches
444,Adrien Rabiot,fr FRA,MF,Marseille,29,1995,29,27,2485,27.6,9,4,13,9,0,0,4,0,0.33,0.14,0.47,0.33,0.47,Matches
445,Gonçalo Ramos,pt POR,FW,Paris Saint-Germain,23,2001,22,12,1066,11.8,10,3,13,8,2,3,1,0,0.84,0.25,1.10,0.68,0.93,Matches
446,Lilian Raolisoa,fr FRA,"DF,MF",Angers,24,2000,29,14,1318,14.6,0,3,3,0,0,0,1,2,0.00,0.20,0.20,0.00,0.20,Matches
447,Rayan Raveloson,mg MAD,"MF,DF",Auxerre,27,1997,13,7,724,8.0,1,0,1,1,0,0,3,0,0.12,0.00,0.12,0.12,0.12,Matches
448,Guillaume Restes,fr FRA,GK,Toulouse,19,2005,29,29,2543,28.3,0,1,1,0,0,0,2,0,0.00,0.04,0.04,0.00,0.04,Matches
449,Alexsandro Ribeiro,br BRA,DF,Lille,24,1999,30,30,2700,30.0,1,1,2,1,0,0,10,0,0.03,0.03,0.07,0.03,0.07,Matches
450,Alejandro Rodriguez,pt POR,FW,Lyon,16,2008,1,0,20,0.2,0,0,0,0,0,0,0,0,0.00,0.00,0.00,0.00,0.00,Matches
451,Valentin Rongier,fr FRA,"MF,DF",Marseille,29,1994,25,17,1562,17.4,3,1,4,3,0,0,5,0,0.17,0.06,0.23,0.17,0.23,Matches
452,Pablo Rosario,do DOM,"MF,DF",Nice,27,1997,29,21,1775,19.7,3,1,4,2,1,1,6,1,0.15,0.05,0.20,0.10,0.15,Matches
453,Anthony Rouault,fr FRA,DF,Rennes,23,2001,11,11,972,10.8,0,0,0,0,0,0,3,0,0.00,0.00,0.00,0.00,0.00,Matches
454,Jonathan Rowe,eng ENG,"MF,FW",Marseille,21,2003,28,6,807,9.0,3,3,6,3,0,0,2,0,0.33,0.33,0.67,0.33,0.67,Matches
455,Fabián Ruiz Peña,es ESP,MF,Paris Saint-Germain,28,1996,30,21,1923,21.4,4,5,9,4,0,0,1,0,0.19,0.23,0.42,0.19,0.42,Matches
456,Gerónimo Rulli,ar ARG,GK,Marseille,32,1992,34,34,3060,34.0,0,0,0,0,0,0,1,0,0.00,0.00,0.00,0.00,0.00,Matches
457,Mathew Ryan,au AUS,GK,Lens,32,1992,14,14,1260,14.0,0,0,0,0,0,0,0,0,0.00,0.00,0.00,0.00,0.00,Matches
458,Emmanuel Sabbi,us USA,"MF,FW",Le Havre,26,1997,15,7,653,7.3,0,0,0,0,0,0,1,0,0.00,0.00,0.00,0.00,0.00,Matches
459,Falaye Sacko,ml MLI,DF,Montpellier,29,1995,16,14,1233,13.7,0,1,1,0,0,0,1,0,0.00,0.07,0.07,0.00,0.07,Matches
460,Matvei Safonov,ru RUS,GK,Paris Saint-Germain,25,1999,10,9,879,9.8,0,0,0,0,0,0,0,0,0.00,0.00,0.00,0.00,0.00,Matches
461,Modibo Sagnan,ml MLI,DF,Montpellier,25,1999,27,24,2141,23.8,2,0,2,2,0,0,10,0,0.08,0.00,0.08,0.08,0.08,Matches
462,Osame Sahraoui,ma MAR,MF,Lille,23,2001,30,10,1293,14.4,3,3,6,3,0,0,1,0,0.21,0.21,0.42,0.21,0.42,Matches
463,Wesley Saïd,fr FRA,FW,Lens,29,1995,24,11,905,10.1,3,0,3,3,0,0,4,0,0.30,0.00,0.30,0.30,0.30,Matches
464,Théo Sainte-Luce,fr FRA,DF,Montpellier,25,1998,16,11,1018,11.3,1,0,1,1,0,0,3,0,0.09,0.00,0.09,0.09,0.09,Matches
465,Ibrahim Salah,ma MAR,"MF,FW",Brest,22,2001,12,4,358,4.0,1,1,2,1,0,0,0,0,0.25,0.25,0.50,0.25,0.50,Matches
466,Amine Salama,fr FRA,FW,Reims,24,2000,17,2,373,4.1,0,0,0,0,0,0,0,0,0.00,0.00,0.00,0.00,0.00,Matches
467,Mohammed Salisu,gh GHA,DF,Monaco,25,1999,15,11,1023,11.4,1,0,1,1,0,0,2,0,0.09,0.00,0.09,0.09,0.09,Matches
468,Yoann Salmier,gf GUF,DF,Le Havre,31,1992,13,9,797,8.9,0,0,0,0,0,0,3,0,0.00,0.00,0.00,0.00,0.00,Matches
469,Mama Samba Baldé,gw GNB,"FW,MF",Lyon,28,1995,2,0,33,0.4,0,0,0,0,0,0,0,0,0.00,0.00,0.00,0.00,0.00,Matches
470,Mama Samba Baldé,gw GNB,"FW,MF",Brest,28,1995,27,12,1149,12.8,2,3,5,2,0,0,4,0,0.16,0.23,0.39,0.16,0.39,Matches
471,Brice Samba,fr FRA,GK,Rennes,30,1994,17,17,1529,17.0,0,0,0,0,0,0,3,0,0.00,0.00,0.00,0.00,0.00,Matches
472,Brice Samba,fr FRA,GK,Lens,30,1994,15,15,1350,15.0,0,0,0,0,0,0,1,0,0.00,0.00,0.00,0.00,0.00,Matches
473,Arouna Sangante,sn SEN,DF,Le Havre,22,2002,16,16,1244,13.8,3,0,3,3,0,0,4,1,0.22,0.00,0.22,0.22,0.22,Matches
474,Nhoa Sangui,fr FRA,"DF,MF",Reims,18,2006,26,10,1158,12.9,0,2,2,0,0,0,3,0,0.00,0.16,0.16,0.00,0.16,Matches
475,Morgan Sanson,fr FRA,MF,Nice,29,1994,6,3,235,2.6,3,0,3,3,0,0,0,0,1.15,0.00,1.15,1.15,1.15,Matches
476,Baptiste Santamaria,fr FRA,MF,Nice,29,1995,13,11,927,10.3,0,0,0,0,0,0,1,0,0.00,0.00,0.00,0.00,0.00,Matches
477,Baptiste Santamaria,fr FRA,MF,Rennes,29,1995,10,5,482,5.4,0,1,1,0,0,0,1,0,0.00,0.19,0.19,0.00,0.19,Matches
478,Andrey Santos,br BRA,MF,Strasbourg,20,2004,32,32,2855,31.7,10,3,13,10,0,0,8,0,0.32,0.09,0.41,0.32,0.41,Matches
479,Tiago Santos,pt POR,"DF,MF",Lille,22,2002,7,4,404,4.5,0,0,0,0,0,0,1,0,0.00,0.00,0.00,0.00,0.00,Matches
480,Malang Sarr,fr FRA,DF,Lens,25,1999,21,15,1385,15.4,0,0,0,0,0,0,0,0,0.00,0.00,0.00,0.00,0.00,Matches
481,Mamadou Sarr,sn SEN,DF,Strasbourg,18,2005,27,27,2365,26.3,0,1,1,0,0,0,4,0,0.00,0.04,0.04,0.00,0.04,Matches
482,Martin Satriano,uy URU,FW,Lens,23,2001,7,0,88,1.0,0,0,0,0,0,0,0,0,0.00,0.00,0.00,0.00,0.00,Matches
483,Téji Savanier,fr FRA,MF,Montpellier,32,1991,31,27,2363,26.3,2,5,7,0,2,2,4,1,0.08,0.19,0.27,0.00,0.19,Matches
484,Niklas Schmidt,de GER,MF,Toulouse,26,1998,9,2,205,2.3,0,1,1,0,0,0,0,0,0.00,0.44,0.44,0.00,0.44,Matches
485,Jérémy Sebas,mq MTQ,MF,Strasbourg,21,2003,13,1,190,2.1,0,0,0,0,0,0,0,0,0.00,0.00,0.00,0.00,0.00,Matches
486,Alidu Seidu,gh GHA,DF,Rennes,24,2000,11,10,803,8.9,0,0,0,0,0,0,4,0,0.00,0.00,0.00,0.00,0.00,Matches
487,Hiroki Sekine,jp JPN,DF,Reims,21,2002,15,9,887,9.9,0,0,0,0,0,0,1,0,0.00,0.00,0.00,0.00,0.00,Matches
488,Marvin Senaya,gh GHA,DF,Strasbourg,23,2001,10,1,227,2.5,0,0,0,0,0,0,3,0,0.00,0.00,0.00,0.00,0.00,Matches
489,Djibril Sidibé,fr FRA,DF,Toulouse,32,1992,28,24,2101,23.3,0,3,3,0,0,0,1,0,0.00,0.13,0.13,0.00,0.13,Matches
490,Vincent Sierro,ch SUI,MF,Toulouse,28,1995,29,27,2402,26.7,5,1,6,3,2,2,4,0,0.19,0.04,0.22,0.11,0.15,Matches
491,Caio Henrique Oliveira Silva,br BRA,DF,Monaco,27,1997,27,21,1929,21.4,0,6,6,0,0,0,3,0,0.00,0.28,0.28,0.00,0.28,Matches
492,Abdallah Sima,sn SEN,"FW,MF",Brest,23,2001,27,14,1238,13.8,7,2,9,7,0,0,2,0,0.51,0.15,0.65,0.51,0.65,Matches
493,Moses Simon,ng NGA,"FW,MF",Nantes,29,1995,32,31,2609,29.0,8,10,18,4,4,4,2,0,0.28,0.34,0.62,0.14,0.48,Matches
494,Lassine Sinayoko,ml MLI,"FW,MF",Auxerre,24,1999,34,25,2299,25.5,5,8,13,4,1,1,5,0,0.20,0.31,0.51,0.16,0.47,Matches
495,Wilfried Singo,ci CIV,DF,Monaco,23,2000,27,23,2096,23.3,1,2,3,1,0,0,4,0,0.04,0.09,0.13,0.04,0.13,Matches
496,Ayanda Sishuba,be BEL,MF,Rennes,19,2005,1,0,3,0.0,0,0,0,0,0,0,0,0,0.00,0.00,0.00,0.00,0.00,Matches
497,Ibrahim Sissoko,ml MLI,FW,Saint-Étienne,28,1995,20,8,819,9.1,3,1,4,2,1,1,1,0,0.33,0.11,0.44,0.22,0.33,Matches
498,Niama Sissoko,ml MLI,FW,Reims,18,2005,4,0,47,0.5,0,0,0,0,0,0,0,0,0.00,0.00,0.00,0.00,0.00,Matches
499,Leo Skiri Østigård,no NOR,DF,Rennes,24,1999,16,14,1227,13.6,1,0,1,1,0,0,4,0,0.07,0.00,0.07,0.07,0.07,Matches
500,Milan Škriniar,sk SVK,DF,Paris Saint-Germain,29,1995,5,4,382,4.2,0,0,0,0,0,0,1,0,0.00,0.00,0.00,0.00,0.00,Matches
501,Naatan Skyttä,fi FIN,MF,Toulouse,22,2002,1,0,5,0.1,0,0,0,0,0,0,0,0,0.00,0.00,0.00,0.00,0.00,Matches
502,Eduard Sobol,ua UKR,"DF,MF",Strasbourg,29,1995,10,0,95,1.1,0,0,0,0,0,0,2,0,0.00,0.00,0.00,0.00,0.00,Matches
503,Florian Sotoca,fr FRA,"FW,MF",Lens,33,1990,31,22,1794,19.9,1,1,2,1,0,0,2,1,0.05,0.05,0.10,0.05,0.10,Matches
504,Issa Soumaré,sn SEN,"MF,FW",Le Havre,23,2000,29,21,1902,21.1,5,4,9,5,0,0,0,0,0.24,0.19,0.43,0.24,0.43,Matches
505,Saidou Sow,gn GUI,DF,Strasbourg,22,2002,12,11,1018,11.3,0,1,1,0,0,0,2,0,0.00,0.09,0.09,0.00,0.09,Matches
506,Saidou Sow,gn GUI,DF,Nantes,22,2002,9,9,799,8.9,1,0,1,1,0,0,1,0,0.11,0.00,0.11,0.11,0.11,Matches
507,Lucas Stassin,be BEL,FW,Saint-Étienne,19,2004,28,23,1887,21.0,12,4,16,12,0,0,4,0,0.57,0.19,0.76,0.57,0.76,Matches
508,Enzo Sternal,fr FRA,FW,Marseille,17,2007,2,0,24,0.3,0,0,0,0,0,0,1,0,0.00,0.00,0.00,0.00,0.00,Matches
509,Gabriel Suazo,cl CHI,"MF,DF",Toulouse,26,1997,30,23,2163,24.0,0,6,6,0,0,0,0,0,0.00,0.25,0.25,0.00,0.25,Matches
510,Abakar Sylla,ci CIV,DF,Strasbourg,21,2002,21,10,950,10.6,1,0,1,1,0,0,2,1,0.09,0.00,0.09,0.09,0.09,Matches
511,Issiaga Sylla,gn GUI,"DF,MF",Montpellier,30,1994,19,15,1156,12.8,1,0,1,1,0,0,2,0,0.08,0.00,0.08,0.08,0.08,Matches
512,Musa Al-Taamari,jo JOR,"MF,FW",Montpellier,27,1997,15,12,1116,12.4,2,1,3,2,0,0,3,0,0.16,0.08,0.24,0.16,0.24,Matches
513,Musa Al-Taamari,jo JOR,"FW,MF",Rennes,27,1997,11,7,567,6.3,1,0,1,1,0,0,1,0,0.16,0.00,0.16,0.16,0.16,Matches
514,Nicolás Tagliafico,ar ARG,DF,Lyon,31,1992,24,22,1902,21.1,3,1,4,3,0,0,7,0,0.14,0.05,0.19,0.14,0.19,Matches
515,Axel Tapé,fr FRA,DF,Paris Saint-Germain,16,2007,2,2,180,2.0,0,0,0,0,0,0,1,0,0.00,0.00,0.00,0.00,0.00,Matches
516,Florian Tardieu,fr FRA,MF,Saint-Étienne,32,1992,24,13,1252,13.9,2,4,6,2,0,0,0,0,0.14,0.29,0.43,0.14,0.43,Matches
517,Oussama Targhalline,ma MAR,MF,Le Havre,22,2002,14,12,990,11.0,0,0,0,0,0,0,0,0,0.00,0.00,0.00,0.00,0.00,Matches
518,Enzo Tchato,cm CMR,"DF,MF",Montpellier,21,2002,27,21,1899,21.1,0,0,0,0,0,0,3,0,0.00,0.00,0.00,0.00,0.00,Matches
519,Arnau Tenas,es ESP,GK,Paris Saint-Germain,23,2001,1,1,90,1.0,0,1,1,0,0,0,0,0,0.00,1.00,1.00,0.00,1.00,Matches
520,Tanner Tessmann,us USA,MF,Lyon,22,2001,25,13,1234,13.7,1,0,1,1,0,0,3,0,0.07,0.00,0.07,0.07,0.07,Matches
521,Teddy Teuma,mt MLT,MF,Reims,30,1993,17,9,750,8.3,1,0,1,0,1,1,1,0,0.12,0.00,0.12,0.00,0.00,Matches
522,Jordan Teze,nl NED,"DF,MF",Monaco,24,1999,16,8,569,6.3,1,0,1,1,0,0,2,1,0.16,0.00,0.16,0.16,0.16,Matches
523,Sorba Thomas,wls WAL,"MF,DF",Nantes,24,1999,25,15,1321,14.7,1,3,4,1,0,0,3,0,0.07,0.20,0.27,0.07,0.27,Matches
524,Adrien Thomasson,fr FRA,MF,Lens,30,1993,33,31,2615,29.1,3,7,10,3,0,0,7,0,0.10,0.24,0.34,0.10,0.34,Matches
525,Corentin Tolisso,fr FRA,MF,Lyon,29,1994,32,27,2329,25.9,7,4,11,7,0,0,4,0,0.27,0.15,0.43,0.27,0.43,Matches
526,Abdoulaye Touré,gn GUI,MF,Le Havre,30,1994,28,26,2324,25.8,10,1,11,2,8,9,5,0,0.39,0.04,0.43,0.08,0.12,Matches
527,Birama Touré,ml MLI,"MF,DF",Montpellier,32,1992,8,2,300,3.3,0,0,0,0,0,0,2,0,0.00,0.00,0.00,0.00,0.00,Matches
528,Ousmane Toure,fr FRA,DF,Lille,19,2005,1,0,6,0.1,0,0,0,0,0,0,0,0,0.00,0.00,0.00,0.00,0.00,Matches
529,Adrien Truffert,fr FRA,"MF,DF",Rennes,22,2001,33,31,2752,30.6,2,2,4,2,0,0,3,0,0.07,0.07,0.13,0.07,0.13,Matches
530,Vanderson,br BRA,DF,Monaco,23,2001,29,23,2064,22.9,1,3,4,1,0,0,6,1,0.04,0.13,0.17,0.04,0.17,Matches
531,Robinio Vaz,fr FRA,FW,Marseille,17,2007,2,0,75,0.8,0,0,0,0,0,0,1,0,0.00,0.00,0.00,0.00,0.00,Matches
532,Jordan Veretout,fr FRA,MF,Lyon,31,1993,27,19,1553,17.3,2,0,2,2,0,0,3,0,0.12,0.00,0.12,0.12,0.12,Matches
533,Ben Viadere,fr FRA,FW,Auxerre,18,2005,1,0,5,0.1,0,0,0,0,0,0,0,0,0.00,0.00,0.00,0.00,0.00,Matches
534,Vitinha,pt POR,MF,Paris Saint-Germain,24,2000,29,20,2042,22.7,5,1,6,3,2,2,1,0,0.22,0.04,0.26,0.13,0.18,Matches
535,Ibrahima Wadji,sn SEN,FW,Saint-Étienne,29,1995,10,2,347,3.9,0,0,0,0,0,0,1,0,0.00,0.00,0.00,0.00,0.00,Matches
536,Elye Wahi,ci CIV,FW,Marseille,21,2003,13,7,574,6.4,3,1,4,2,1,1,1,0,0.47,0.16,0.63,0.31,0.47,Matches
537,Caleb Wiley,us USA,"MF,DF",Strasbourg,19,2004,6,3,266,3.0,0,1,1,0,0,0,1,0,0.00,0.34,0.34,0.00,0.34,Matches
538,Christopher Wooh,cm CMR,DF,Rennes,22,2001,20,17,1456,16.2,0,0,0,0,0,0,6,1,0.00,0.00,0.00,0.00,0.00,Matches
539,Etienne Youte Kinkoue,fr FRA,DF,Le Havre,22,2002,28,26,2320,25.8,0,0,0,0,0,0,4,1,0.00,0.00,0.00,0.00,0.00,Matches
540,Eloge Zabi,ci CIV,MF,Reims,17,2006,2,0,18,0.2,0,0,0,0,0,0,0,1,0.00,0.00,0.00,0.00,0.00,Matches
541,Yoram Zague,fr FRA,DF,Paris Saint-Germain,18,2006,4,2,183,2.0,0,0,0,0,0,0,0,0,0.00,0.00,0.00,0.00,0.00,Matches
542,Wilfried Zaha,ci CIV,FW,Lyon,31,1992,4,1,73,0.8,0,0,0,0,0,0,0,0,0.00,0.00,0.00,0.00,0.00,Matches
543,Warren Zaïre-Emery,fr FRA,"MF,DF",Paris Saint-Germain,18,2006,29,23,2050,22.8,1,2,3,1,0,0,3,0,0.04,0.09,0.13,0.04,0.13,Matches
544,Miha Zajc,si SVN,MF,Toulouse,30,1994,19,1,262,2.9,0,0,0,0,0,0,2,0,0.00,0.00,0.00,0.00,0.00,Matches
545,Denis Zakaria,ch SUI,MF,Monaco,27,1996,26,24,2144,23.8,6,4,10,4,2,2,5,0,0.25,0.17,0.42,0.17,0.34,Matches
546,Anass Zaroury,ma MAR,"MF,FW",Lens,23,2000,28,16,1405,15.6,2,2,4,2,0,0,3,1,0.13,0.13,0.26,0.13,0.26,Matches
547,Nathan Zeze,fr FRA,DF,Nantes,19,2005,18,17,1512,16.8,0,0,0,0,0,0,6,0,0.00,0.00,0.00,0.00,0.00,Matches
548,Edon Zhegrova,xk KVX,MF,Lille,25,1999,12,12,978,10.9,4,1,5,4,0,0,1,0,0.37,0.09,0.46,0.37,0.46,Matches
549,Melvin Zinga,fr FRA,GK,Angers,22,2002,1,1,90,1.0,0,0,0,0,0,0,0,0,0.00,0.00,0.00,0.00,0.00,Matches
550,Luck Zogbé,ci CIV,DF,Brest,19,2005,13,7,638,7.1,0,0,0,0,0,0,2,0,0.00,0.00,0.00,0.00,0.00,Matches
551,Aristide Zossou,ci CIV,MF,Auxerre,19,2005,3,0,16,0.2,0,0,0,0,0,0,0,0,0.00,0.00,0.00,0.00,0.00,Matches
552,Yanis Zouaoui,dz ALG,"DF,MF",Le Havre,26,1998,17,9,976,10.8,0,2,2,0,0,0,3,0,0.00,0.18,0.18,0.00,0.18,Matches
553,Edhy Zuliani,fr FRA,MF,Toulouse,19,2004,1,0,9,0.1,0,0,0,0,0,0,0,0,0.00,0.00,0.00,0.00,0.00,Matches
