"Player,Unnamed: 1_level_1,Net Fixed P/W (USD),Net Fixed P/Y (USD),Net Bonus P/Y (USD),Net Total P/Y (USD),Status,Signed,""Expiration Jun 30, 2026Jun 30, 2027Jun 30, 2028Jun 30, 2029Jun 30, 2030Jun 30, 2031Jun 30, 2032Jun 30, 2035"",Years Remaining 123456710,Net Remaining (USD),Release Clause (USD),Pos. DFKM,Pos. AMCBCFCMDMGKLBLWRBRWSS,Age,Country,Club,Active,Loan"
"Kylian Mbappé,,""$ 337,077"",""$ 17,528,006"",""$ 22,669,554"",""$ 40,197,560"",Active,""Jul 1, 2024"",""Jun 30, 2029"",4,""$ 70,112,024"",,F,CF,27,France,Real Madrid,True,"
"Vinicius Junior,,""$ 269,662"",""$ 14,022,405"",""$ 7,011,202"",""$ 21,033,607"",Active,""Oct 31, 2023"",""Jun 30, 2027"",2,""$ 28,044,810"",""$ 1,168,533,730"",F,LW,25,Brazil,Real Madrid,True,"
"David Alaba,,""$ 242,695"",""$ 12,620,164"",""$ 3,155,041"",""$ 15,775,205"",Active,""Jul 1, 2021"",""Jun 30, 2026"",1,""$ 12,620,164"",""$ 993,253,670"",D,CB,33,Austria,Real Madrid,True,"
"Robert Lewandowski,,""$ 224,718"",""$ 11,685,337"",""$ 2,921,334"",""$ 14,606,672"",Active,""Jul 19, 2022"",""Jun 30, 2026"",1,""$ 11,685,337"",""$ 584,266,865"",F,CF,37,Poland,Barcelona,True,"
"Jude Bellingham,,""$ 224,718"",""$ 11,685,337"",""$ 2,337,067"",""$ 14,022,405"",Active,""Jul 1, 2023"",""Jun 30, 2029"",4,""$ 46,741,349"",""$ 1,168,533,730"",F,AM,22,England,Real Madrid,True,"
"Jan Oblak,,""$ 224,718"",""$ 11,685,337"",""$ 2,921,334"",""$ 14,606,672"",Active,""Jul 20, 2022"",""Jun 30, 2028"",3,""$ 35,056,012"",,K,GK,33,Slovenia,Atletico Madrid,True,"
"Frenkie de Jong,,""$ 204,943"",""$ 10,657,028"",""$ 3,482,231"",""$ 14,139,258"",Active,""Oct 15, 2025"",""Jun 30, 2029"",4,""$ 42,628,110"",""$ 584,266,865"",M,CM,28,Netherlands,Barcelona,True,"
"Federico Valverde,,""$ 179,774"",""$ 9,348,270"",""$ 2,337,067"",""$ 11,685,337"",Active,""Nov 9, 2023"",""Jun 30, 2029"",4,""$ 37,393,079"",""$ 1,168,533,730"",M,CM,27,Uruguay,Real Madrid,True,"
"Lamine Yamal,,""$ 179,774"",""$ 9,348,270"",""$ 5,842,669"",""$ 15,190,938"",Active,""May 27, 2025"",""Jun 30, 2031"",6,""$ 56,089,619"",""$ 1,168,533,730"",F,RW,18,Spain,Barcelona,True,"
"Raphinha,,""$ 179,774"",""$ 9,348,270"",""$ 2,337,067"",""$ 11,685,337"",Active,""May 22, 2025"",""Jun 30, 2028"",3,""$ 28,044,810"",""$ 1,168,533,730"",F,LW,29,Brazil,Barcelona,True,"
"Nico Williams,,""$ 179,774"",""$ 9,348,270"",""$ 2,337,067"",""$ 11,685,337"",Active,""Jul 4, 2025"",""Jun 30, 2035"",10,""$ 93,482,698"",""$ 111,010,704"",F,LW,23,Spain,Athletic Club,True,"
"Trent Alexander-Arnold,,""$ 179,774"",""$ 9,348,270"",""$ 8,413,443"",""$ 17,761,713"",Active,""Jun 1, 2025"",""Jun 30, 2031"",6,""$ 56,089,619"",,D,RB,27,England,Real Madrid,True,"
"Rodrygo,,""$ 179,774"",""$ 9,348,270"",""$ 2,337,067"",""$ 11,685,337"",Active,""Nov 2, 2023"",""Jun 30, 2028"",3,""$ 28,044,810"",""$ 1,168,533,730"",F,RW,25,Brazil,Real Madrid,True,"
"Jules Koundé,,""$ 168,539"",""$ 8,764,003"",""$ 2,196,843"",""$ 10,960,846"",Active,""Aug 15, 2025"",""Jun 30, 2030"",5,""$ 43,820,015"",""$ 1,168,533,730"",D,RB,27,France,Barcelona,True,"
"Marc-André ter Stegen,,""$ 168,539"",""$ 8,764,003"",""$ 2,337,067"",""$ 11,101,070"",Inactive,""Aug 25, 2023"",""Jun 30, 2028"",3,""$ 26,292,009"",""$ 584,266,865"",K,GK,33,Germany,Barcelona,False,"
"Thibaut Courtois,,""$ 161,797"",""$ 8,413,443"",""$ 2,103,361"",""$ 10,516,804"",Active,""Jun 19, 2025"",""Jun 30, 2027"",2,""$ 16,826,886"",""$ 817,973,611"",K,GK,33,Belgium,Real Madrid,True,"
"Antonio Rüdiger,,""$ 157,303"",""$ 8,179,736"",""$ 2,337,067"",""$ 10,516,804"",Active,""Jul 1, 2022"",""Jun 30, 2026"",1,""$ 8,179,736"",""$ 467,413,492"",D,CB,32,Germany,Real Madrid,True,"
"Éder Militão,,""$ 157,303"",""$ 8,179,736"",""$ 2,044,934"",""$ 10,224,670"",Active,""Jan 23, 2024"",""Jun 30, 2028"",3,""$ 24,539,208"",""$ 1,168,533,730"",D,CB,28,Brazil,Real Madrid,True,"
"Marcus Rashford,,""$ 151,011"",""$ 7,852,547"",""$ 1,963,137"",""$ 9,815,683"",Loan,""Jul 23, 2025"",""Jun 30, 2026"",1,""$ 7,852,547"",,F,LW,28,England,Barcelona,True,"
"Eduardo Camavinga,,""$ 134,831"",""$ 7,011,202"",""$ 1,752,801"",""$ 8,764,003"",Active,""Nov 7, 2023"",""Jun 30, 2029"",4,""$ 28,044,810"",""$ 1,168,533,730"",M,CM,23,France,Real Madrid,True,"
"Julián Alvarez,,""$ 134,831"",""$ 7,011,202"",""$ 1,752,801"",""$ 8,764,003"",Active,""Aug 12, 2024"",""Jun 30, 2030"",5,""$ 35,056,012"",""$ 584,266,865"",F,CF,26,Argentina,Atletico Madrid,True,"
"Dani Olmo,,""$ 134,831"",""$ 7,011,202"",""$ 841,344"",""$ 7,852,547"",Active,""Aug 9, 2024"",""Jun 30, 2030"",5,""$ 35,056,012"",""$ 584,266,865"",F,AM,27,Spain,Barcelona,True,"
"Pedri,,""$ 134,831"",""$ 7,011,202"",""$ 1,963,137"",""$ 8,974,339"",Active,""Jan 30, 2025"",""Jun 30, 2030"",5,""$ 35,056,012"",""$ 1,168,533,730"",M,CM,23,Spain,Barcelona,True,"
"Ronald Araujo,,""$ 134,831"",""$ 7,011,202"",""$ 1,963,137"",""$ 8,974,339"",Active,""Jan 23, 2025"",""Jun 30, 2031"",6,""$ 42,067,214"",""$ 1,168,533,730"",D,CB,26,Uruguay,Barcelona,True,"
"Aurélien Tchouaméni,,""$ 134,831"",""$ 7,011,202"",""$ 1,752,801"",""$ 8,764,003"",Active,""Jul 1, 2022"",""Jun 30, 2028"",3,""$ 21,033,607"",""$ 1,168,533,730"",M,DM,26,France,Real Madrid,True,"
"Ademola Lookman,,""$ 134,831"",""$ 7,011,202"",""$ 1,752,801"",""$ 8,764,003"",Active,""Feb 2, 2026"",""Jun 30, 2030"",5,""$ 35,056,012"",,F,SS,28,Nigeria,Atletico Madrid,True,"
"Iñaki Williams,,""$ 122,921"",""$ 6,391,880"",""$ 1,600,891"",""$ 7,992,771"",Active,""Aug 12, 2019"",""Jun 30, 2028"",3,""$ 19,175,639"",""$ 157,752,054"",F,RW,31,Ghana,Athletic Club,True,"
"Aymeric Laporte,,""$ 112,359"",""$ 5,842,669"",""$ 1,460,667"",""$ 7,303,336"",Active,""Sep 1, 2025"",""Jun 30, 2028"",3,""$ 17,528,006"",,D,CB,31,Spain,Athletic Club,True,"
"Ferland Mendy,,""$ 112,359"",""$ 5,842,669"",""$ 1,460,667"",""$ 7,303,336"",Active,""Jul 1, 2019"",""Jun 30, 2028"",3,""$ 17,528,006"",,D,LB,30,France,Real Madrid,True,"
"Daniel Carvajal,,""$ 112,359"",""$ 5,842,669"",""$ 1,460,667"",""$ 7,303,336"",Active,""Oct 6, 2024"",""Jun 30, 2026"",1,""$ 5,842,669"",""$ 408,986,806"",D,RB,34,Spain,Real Madrid,True,"
"Dani Ceballos,,""$ 112,359"",""$ 5,842,669"",""$ 1,460,667"",""$ 7,303,336"",Active,""Jun 23, 2023"",""Jun 30, 2027"",2,""$ 11,685,337"",,M,CM,29,Spain,Real Madrid,True,"
"Ferran Torres,,""$ 107,865"",""$ 5,608,962"",""$ 1,682,689"",""$ 7,291,650"",Active,""Jan 1, 2022"",""Jun 30, 2027"",2,""$ 11,217,924"",""$ 1,168,533,730"",F,CF,25,Spain,Barcelona,True,"
"Gavi,,""$ 101,123"",""$ 5,258,402"",""$ 1,320,443"",""$ 6,578,845"",Active,""Jan 31, 2025"",""Jun 30, 2030"",5,""$ 26,292,009"",""$ 1,168,533,730"",M,CM,21,Spain,Barcelona,True,"
"Antoine Griezmann,,""$ 101,123"",""$ 5,258,402"",""$ 1,320,443"",""$ 6,578,845"",Active,""Jun 2, 2025"",""Jun 30, 2027"",2,""$ 10,516,804"",""$ 29,213,343"",F,SS,34,France,Atletico Madrid,True,"
"Andreas Christensen,,""$ 97,078"",""$ 5,048,066"",""$ 2,243,585"",""$ 7,291,650"",Active,""Jul 4, 2022"",""Jun 30, 2026"",1,""$ 5,048,066"",""$ 584,266,865"",D,CB,29,Denmark,Barcelona,True,"
"Dean Huijsen,,""$ 96,629"",""$ 5,024,695"",""$ 1,262,016"",""$ 6,286,711"",Active,""Jun 1, 2025"",""Jun 30, 2030"",5,""$ 25,123,475"",,D,CB,20,Spain,Real Madrid,True,"
"Álvaro Carreras,,""$ 96,629"",""$ 5,024,695"",""$ 1,262,016"",""$ 6,286,711"",Active,""Jul 14, 2025"",""Jun 30, 2031"",6,""$ 30,148,170"",,D,LB,22,Spain,Real Madrid,True,"
"Unai Simón,,""$ 89,887"",""$ 4,674,135"",""$ 1,168,534"",""$ 5,842,669"",Active,""May 24, 2024"",""Jun 30, 2029"",4,""$ 18,696,540"",,K,GK,28,Spain,Athletic Club,True,"
"João Cancelo,,""$ 89,887"",""$ 4,674,135"",""$ 1,168,534"",""$ 5,842,669"",Loan,""Jan 13, 2026"",""Jun 30, 2026"",1,""$ 4,674,135"",,D,RB,31,Portugal,Barcelona,True,"
"Marcos Llorente,,""$ 89,887"",""$ 4,674,135"",""$ 1,168,534"",""$ 5,842,669"",Active,""Aug 18, 2021"",""Jun 30, 2027"",2,""$ 9,348,270"",""$ 140,224,048"",D,RB,31,Spain,Atletico Madrid,True,"
"Álex Baena,,""$ 89,887"",""$ 4,674,135"",""$ 1,168,534"",""$ 5,842,669"",Active,""Jul 2, 2025"",""Jun 30, 2030"",5,""$ 23,370,675"",,F,LW,24,Spain,Atletico Madrid,True,"
"Eric García,,""$ 86,292"",""$ 4,487,170"",""$ 1,121,792"",""$ 5,608,962"",Active,""Dec 5, 2025"",""Jun 30, 2031"",6,""$ 26,923,017"",,D,CB,25,Spain,Barcelona,True,"
"Nicolás González,,""$ 80,898"",""$ 4,206,721"",""$ 1,051,680"",""$ 5,258,402"",Loan,""Sep 1, 2025"",""Jun 30, 2026"",1,""$ 4,206,721"",,F,LW,27,Argentina,Atletico Madrid,True,"
"Franco Mastantuono,,""$ 78,651"",""$ 4,089,868"",""$ 1,016,624"",""$ 5,106,492"",Active,""Aug 14, 2025"",""Jun 30, 2031"",6,""$ 24,539,208"",,F,RW,18,Argentina,Real Madrid,True,"
"Alexander Sörloth,,""$ 78,651"",""$ 4,089,868"",""$ 1,028,310"",""$ 5,118,178"",Active,""Aug 3, 2024"",""Jun 30, 2028"",3,""$ 12,269,604"",,F,CF,30,Norway,Atletico Madrid,True,"
"Brahim Díaz,,""$ 78,651"",""$ 4,089,868"",""$ 1,016,624"",""$ 5,106,492"",Active,""Jan 6, 2019"",""Jun 30, 2027"",2,""$ 8,179,736"",,F,RW,26,Morocco,Real Madrid,True,"
"Clément Lenglet,,""$ 78,651"",""$ 4,089,868"",""$ 1,028,310"",""$ 5,118,178"",Active,""Jun 9, 2025"",""Jun 30, 2028"",3,""$ 12,269,604"",,D,CB,30,France,Atletico Madrid,True,"
"Fermín López,,""$ 78,651"",""$ 4,089,868"",""$ 817,974"",""$ 4,907,842"",Active,""Jan 30, 2026"",""Jun 30, 2031"",6,""$ 24,539,208"",""$ 584,266,865"",F,AM,22,Spain,Barcelona,True,"
"Koke,,""$ 71,910"",""$ 3,739,308"",""$ 934,827"",""$ 4,674,135"",Active,""Jun 2, 2025"",""Jun 30, 2026"",1,""$ 3,739,308"",,M,CM,34,Spain,Atletico Madrid,True,"
"Dávid Hancko,,""$ 71,910"",""$ 3,739,308"",""$ 934,827"",""$ 4,674,135"",Active,""Jul 24, 2025"",""Jun 30, 2030"",5,""$ 18,696,540"",,D,CB,28,Slovakia,Atletico Madrid,True,"
"Pablo Barrios,,""$ 67,415"",""$ 3,505,601"",""$ 876,400"",""$ 4,382,001"",Active,""May 22, 2025"",""Jun 30, 2030"",5,""$ 17,528,006"",""$ 116,853,373"",M,CM,22,Spain,Atletico Madrid,True,"
"Sofyan Amrabat,,""$ 67,415"",""$ 3,505,601"",""$ 876,400"",""$ 4,382,001"",Loan,""Sep 1, 2025"",""Jun 30, 2026"",1,""$ 3,505,601"",,M,DM,29,Morocco,Real Betis,True,"
"Joan García,,""$ 67,415"",""$ 3,505,601"",""$ 876,400"",""$ 4,382,001"",Active,""Jul 1, 2025"",""Jun 30, 2031"",6,""$ 21,033,607"",,K,GK,24,Spain,Barcelona,True,"
"Isco,,""$ 67,415"",""$ 3,505,601"",""$ 876,400"",""$ 4,382,001"",Active,""Nov 23, 2025"",""Jun 30, 2028"",3,""$ 10,516,804"",""$ 23,370,675"",F,AM,33,Spain,Real Betis,True,"
"Raúl Asencio,,""$ 67,415"",""$ 3,505,601"",""$ 876,400"",""$ 4,382,001"",Active,""Jun 14, 2025"",""Jun 30, 2031"",6,""$ 21,033,607"",,D,CB,22,Spain,Real Madrid,True,"
"Mikel Oyarzabal,,""$ 67,415"",""$ 3,505,601"",""$ 876,400"",""$ 4,382,001"",Active,""Feb 10, 2023"",""Jun 30, 2028"",3,""$ 10,516,804"",""$ 87,640,030"",F,CF,28,Spain,Real Sociedad,True,"
"José Giménez,,""$ 67,415"",""$ 3,505,601"",""$ 876,400"",""$ 4,382,001"",Active,""Oct 6, 2023"",""Jun 30, 2028"",3,""$ 10,516,804"",,D,CB,31,Uruguay,Atletico Madrid,True,"
"Antony,,""$ 67,415"",""$ 3,505,601"",""$ 876,400"",""$ 4,382,001"",Active,""Sep 1, 2025"",""Jun 30, 2030"",5,""$ 17,528,006"",,F,RW,25,Brazil,Real Betis,True,"
"Robin Le Normand,,""$ 67,415"",""$ 3,505,601"",""$ 876,400"",""$ 4,382,001"",Active,""Jul 27, 2024"",""Jun 30, 2029"",4,""$ 14,022,405"",,D,CB,29,Spain,Atletico Madrid,True,"
"Fran García,,""$ 56,180"",""$ 2,921,334"",""$ 736,176"",""$ 3,657,511"",Active,""Jul 1, 2023"",""Jun 30, 2027"",2,""$ 5,842,669"",,D,LB,26,Spain,Real Madrid,True,"
"Brais Méndez,,""$ 56,180"",""$ 2,921,334"",""$ 724,491"",""$ 3,645,825"",Active,""Jul 6, 2022"",""Jun 30, 2028"",3,""$ 8,764,003"",""$ 70,112,024"",F,AM,29,Spain,Real Sociedad,True,"
"Thiago Almada,,""$ 56,180"",""$ 2,921,334"",""$ 724,491"",""$ 3,645,825"",Active,""Jul 17, 2025"",""Jun 30, 2030"",5,""$ 14,606,672"",,F,LW,24,Argentina,Atletico Madrid,True,"
"Giovani Lo Celso,,""$ 56,180"",""$ 2,921,334"",""$ 724,491"",""$ 3,645,825"",Active,""Aug 30, 2024"",""Jun 30, 2028"",3,""$ 8,764,003"",,F,AM,29,Argentina,Real Betis,True,"
"Takefusa Kubo,,""$ 56,180"",""$ 2,921,334"",""$ 724,491"",""$ 3,645,825"",Active,""Feb 12, 2024"",""Jun 30, 2029"",4,""$ 11,685,337"",""$ 70,112,024"",F,RW,24,Japan,Real Sociedad,True,"
"Arda Güler,,""$ 56,180"",""$ 2,921,334"",""$ 724,491"",""$ 3,645,825"",Active,""Jul 6, 2023"",""Jun 30, 2029"",4,""$ 11,685,337"",,F,AM,20,Turkey,Real Madrid,True,"
"Borja Mayoral,,""$ 51,685"",""$ 2,687,628"",""$ 666,064"",""$ 3,353,692"",Active,""Aug 1, 2022"",""Jun 30, 2027"",2,""$ 5,375,255"",""$ 23,370,675"",F,CF,28,Spain,Getafe,True,"
"Ansu Fati,,""$ 50,562"",""$ 2,629,201"",""$ 654,379"",""$ 3,283,580"",Inactive,""Jul 1, 2025"",""Jun 30, 2028"",3,""$ 7,887,603"",""$ 1,168,533,730"",F,LW,22,Spain,Barcelona,False,"
"Andriy Lunin,,""$ 49,438"",""$ 2,570,774"",""$ 642,694"",""$ 3,213,468"",Active,""Sep 13, 2024"",""Jun 30, 2030"",5,""$ 12,853,871"",,K,GK,26,Ukraine,Real Madrid,True,"
"Georges Mikautadze,,""$ 49,438"",""$ 2,570,774"",""$ 642,694"",""$ 3,213,468"",Active,""Sep 1, 2025"",""Jun 30, 2031"",6,""$ 15,424,645"",,F,CF,25,Georgia,Villarreal,True,"
"José Gayà,,""$ 49,438"",""$ 2,570,774"",""$ 701,120"",""$ 3,271,894"",Active,""Oct 19, 2022"",""Jun 30, 2027"",2,""$ 5,141,548"",""$ 116,853,373"",D,LB,30,Spain,Valencia,True,"
"Yuri Berchiche,,""$ 46,067"",""$ 2,395,494"",""$ 595,952"",""$ 2,991,446"",Active,""May 21, 2025"",""Jun 30, 2026"",1,""$ 2,395,494"",""$ 116,853,373"",D,LB,35,Spain,Athletic Club,True,"
"Álex Remiro,,""$ 44,944"",""$ 2,337,067"",""$ 584,267"",""$ 2,921,334"",Active,""Jun 29, 2022"",""Jun 30, 2027"",2,""$ 4,674,135"",""$ 81,797,361"",K,GK,30,Spain,Real Sociedad,True,"
"Gonçalo Guedes,,""$ 44,944"",""$ 2,337,067"",""$ 584,267"",""$ 2,921,334"",Active,""Aug 4, 2025"",""Jun 30, 2028"",3,""$ 7,011,202"",,F,LW,29,Portugal,Real Sociedad,True,"
"Vedat Muriqi,,""$ 44,944"",""$ 2,337,067"",""$ 584,267"",""$ 2,921,334"",Active,""Jul 9, 2025"",""Jun 30, 2029"",4,""$ 9,348,270"",,F,CF,31,Kosovo,Mallorca,True,"
"Juan Foyth,,""$ 44,944"",""$ 2,337,067"",""$ 584,267"",""$ 2,921,334"",Active,""Aug 10, 2025"",""Jun 30, 2029"",4,""$ 9,348,270"",,D,CB,28,Argentina,Villarreal,True,"
"Yangel Herrera,,""$ 44,944"",""$ 2,337,067"",""$ 584,267"",""$ 2,921,334"",Active,""Sep 1, 2025"",""Jun 30, 2030"",5,""$ 11,685,337"",,M,CM,28,Venezuela,Real Sociedad,True,"
"Cucho Hernández,,""$ 44,944"",""$ 2,337,067"",""$ 584,267"",""$ 2,921,334"",Active,""Feb 3, 2025"",""Jun 30, 2030"",5,""$ 11,685,337"",,F,CF,26,Colombia,Real Betis,True,"
"Tanguy Nianzou,,""$ 44,944"",""$ 2,337,067"",""$ 584,267"",""$ 2,921,334"",Active,""Aug 17, 2022"",""Jun 30, 2027"",2,""$ 4,674,135"",""$ 105,168,036"",D,CB,23,France,Sevilla,True,"
"Thomas Partey,,""$ 44,944"",""$ 2,337,067"",""$ 584,267"",""$ 2,921,334"",Active,""Aug 7, 2025"",""Jun 30, 2026"",1,""$ 2,337,067"",,M,DM,32,Ghana,Villarreal,True,"
"Carlos Soler,,""$ 44,944"",""$ 2,337,067"",""$ 584,267"",""$ 2,921,334"",Active,""Sep 1, 2025"",""Jun 30, 2029"",4,""$ 9,348,270"",,M,CM,29,Spain,Real Sociedad,True,"
"André Silva,,""$ 44,944"",""$ 2,337,067"",""$ 584,267"",""$ 2,921,334"",Active,""Aug 18, 2025"",""Jun 30, 2026"",1,""$ 2,337,067"",,F,CF,30,Portugal,Elche,True,"
"Oihan Sancet,,""$ 44,944"",""$ 2,337,067"",""$ 584,267"",""$ 2,921,334"",Active,""Apr 1, 2023"",""Jun 30, 2032"",7,""$ 16,359,472"",""$ 93,482,698"",F,AM,25,Spain,Athletic Club,True,"
"Hugo Duro,,""$ 44,944"",""$ 2,337,067"",""$ 584,267"",""$ 2,921,334"",Active,""Jul 4, 2024"",""Jun 30, 2028"",3,""$ 7,011,202"",,F,CF,26,Spain,Valencia,True,"
"César Azpilicueta,,""$ 44,944"",""$ 2,337,067"",""$ 584,267"",""$ 2,921,334"",Active,""Aug 29, 2025"",""Jun 30, 2026"",1,""$ 2,337,067"",,D,CB,36,Spain,Sevilla,True,"
"Johnny,,""$ 44,944"",""$ 2,337,067"",""$ 584,267"",""$ 2,921,334"",Active,""Jul 16, 2025"",""Jun 30, 2030"",5,""$ 11,685,337"",,M,DM,24,United States,Atletico Madrid,True,"
"Marcos Alonso,,""$ 44,944"",""$ 2,337,067"",""$ 584,267"",""$ 2,921,334"",Active,""Aug 28, 2024"",""Jun 30, 2026"",1,""$ 2,337,067"",,D,CB,35,Spain,Celta Vigo,True,"
"Pau Cubarsí,,""$ 43,146"",""$ 2,243,585"",""$ 560,896"",""$ 2,804,481"",Active,""Feb 13, 2025"",""Jun 30, 2029"",4,""$ 8,974,339"",""$ 584,266,865"",D,CB,19,Spain,Barcelona,True,"
"Gabriel Suazo,,""$ 43,146"",""$ 2,243,585"",""$ 560,896"",""$ 2,804,481"",Active,""Jul 12, 2025"",""Jun 30, 2028"",3,""$ 6,730,754"",,D,LB,28,Chile,Sevilla,True,"
"Nemanja Gudelj,,""$ 42,696"",""$ 2,220,214"",""$ 560,896"",""$ 2,781,110"",Active,""Jun 24, 2023"",""Jun 30, 2026"",1,""$ 2,220,214"",,M,DM,34,Serbia,Sevilla,True,"
"Mouctar Diakhaby,,""$ 42,696"",""$ 2,220,214"",""$ 560,896"",""$ 2,781,110"",Active,""Jan 16, 2023"",""Jun 30, 2027"",2,""$ 4,440,428"",,D,CB,29,Guinea,Valencia,True,"
"Martin Valjent,,""$ 40,449"",""$ 2,103,361"",""$ 525,840"",""$ 2,629,201"",Active,""Jan 16, 2025"",""Jun 30, 2029"",4,""$ 8,413,443"",,D,CB,30,Slovakia,Mallorca,True,"
"Duje Caleta-Car,,""$ 40,449"",""$ 2,103,361"",""$ 525,840"",""$ 2,629,201"",Loan,""Aug 1, 2025"",""Jun 30, 2026"",1,""$ 2,103,361"",,D,CB,29,Croatia,Real Sociedad,True,"
"Dani Parejo,,""$ 40,449"",""$ 2,103,361"",""$ 525,840"",""$ 2,629,201"",Active,""Mar 26, 2024"",""Jun 30, 2026"",1,""$ 2,103,361"",,M,CM,36,Spain,Villarreal,True,"
"Mauro Arambarri,,""$ 40,449"",""$ 2,103,361"",""$ 525,840"",""$ 2,629,201"",Active,""Feb 6, 2023"",""Jun 30, 2028"",3,""$ 6,310,082"",,M,CM,30,Uruguay,Getafe,True,"
"Gerard Moreno,,""$ 40,449"",""$ 2,103,361"",""$ 525,840"",""$ 2,629,201"",Active,""Aug 9, 2021"",""Jun 30, 2027"",2,""$ 4,206,721"",""$ 116,853,373"",F,CF,33,Spain,Villarreal,True,"
"David López,,""$ 40,449"",""$ 2,103,361"",""$ 525,840"",""$ 2,629,201"",Active,""Dec 19, 2023"",""Jun 30, 2026"",1,""$ 2,103,361"",,D,CB,36,Spain,Girona,True,"
"Renato Veiga,,""$ 40,449"",""$ 2,103,361"",""$ 525,840"",""$ 2,629,201"",Active,""Aug 22, 2025"",""Jun 30, 2032"",7,""$ 14,723,525"",,D,CB,22,Portugal,Villarreal,True,"
"Junior Firpo,,""$ 40,449"",""$ 2,103,361"",""$ 525,840"",""$ 2,629,201"",Active,""Jul 17, 2025"",""Jun 30, 2028"",3,""$ 6,310,082"",,D,LB,29,Dominican Republic,Real Betis,True,"
"Giuliano Simeone,,""$ 40,449"",""$ 2,103,361"",""$ 525,840"",""$ 2,629,201"",Active,""Jan 15, 2026"",""Jun 30, 2030"",5,""$ 10,516,804"",""$ 584,266,865"",F,RW,23,Argentina,Atletico Madrid,True,"
"Lucas Beltrán,,""$ 40,449"",""$ 2,103,361"",""$ 525,840"",""$ 2,629,201"",Loan,""Sep 1, 2025"",""Jun 30, 2026"",1,""$ 2,103,361"",,F,CF,24,Argentina,Valencia,True,"
"Nahuel Molina,,""$ 40,449"",""$ 2,103,361"",""$ 525,840"",""$ 2,629,201"",Active,""Jul 28, 2022"",""Jun 30, 2027"",2,""$ 4,206,721"",""$ 116,853,373"",D,RB,27,Argentina,Atletico Madrid,True,"
"Marash Kumbulla,,""$ 40,449"",""$ 2,103,361"",""$ 525,840"",""$ 2,629,201"",Loan,""Aug 18, 2025"",""Jun 30, 2026"",1,""$ 2,103,361"",,D,CB,25,Albania,Mallorca,True,"
"Dani Vivian,,""$ 39,326"",""$ 2,044,934"",""$ 514,155"",""$ 2,559,089"",Active,""Jun 1, 2024"",""Jun 30, 2032"",7,""$ 14,314,538"",,D,CB,26,Spain,Athletic Club,True,"
"Joan Jordán,,""$ 38,202"",""$ 1,986,507"",""$ 490,784"",""$ 2,477,292"",Active,""Jan 27, 2022"",""Jun 30, 2027"",2,""$ 3,973,015"",,M,CM,31,Spain,Sevilla,True,"
"Nicolas Pépé,,""$ 38,202"",""$ 1,986,507"",""$ 490,784"",""$ 2,477,292"",Active,""Jul 16, 2025"",""Jun 30, 2028"",3,""$ 5,959,522"",,F,RW,30,Cote d'Ivoire,Villarreal,True,"
"Daley Blind,,""$ 35,955"",""$ 1,869,654"",""$ 467,413"",""$ 2,337,067"",Active,""May 15, 2024"",""Jun 30, 2026"",1,""$ 1,869,654"",,D,CB,35,Netherlands,Girona,True,"
"Alfonso Pedraza,,""$ 35,955"",""$ 1,869,654"",""$ 467,413"",""$ 2,337,067"",Active,""May 26, 2022"",""Jun 30, 2026"",1,""$ 1,869,654"",,D,LB,29,Spain,Villarreal,True,"
"Juan Musso,,""$ 35,955"",""$ 1,869,654"",""$ 467,413"",""$ 2,337,067"",Active,""Jun 10, 2025"",""Jun 30, 2028"",3,""$ 5,608,962"",,K,GK,31,Argentina,Atletico Madrid,True,"
"Alexis Sánchez,,""$ 33,708"",""$ 1,752,801"",""$ 444,043"",""$ 2,196,843"",Active,""Sep 1, 2025"",""Jun 30, 2026"",1,""$ 1,752,801"",,F,CF,37,Chile,Sevilla,True,"
"Diego Llorente,,""$ 33,708"",""$ 1,752,801"",""$ 432,357"",""$ 2,185,158"",Active,""Jul 9, 2024"",""Jun 30, 2028"",3,""$ 5,258,402"",,D,CB,32,Spain,Real Betis,True,"
"Tajon Buchanan,,""$ 33,708"",""$ 1,752,801"",""$ 432,357"",""$ 2,185,158"",Active,""Jul 29, 2025"",""Jun 30, 2030"",5,""$ 8,764,003"",,F,RW,26,Canada,Villarreal,True,"
"Héctor Bellerín,,""$ 33,708"",""$ 1,752,801"",""$ 432,357"",""$ 2,185,158"",Active,""Jul 18, 2023"",""Jun 30, 2028"",3,""$ 5,258,402"",,D,RB,30,Spain,Real Betis,True,"
"Natan,,""$ 33,708"",""$ 1,752,801"",""$ 432,357"",""$ 2,185,158"",Active,""Jul 1, 2025"",""Jun 30, 2030"",5,""$ 8,764,003"",,D,CB,24,Brazil,Real Betis,True,"
"Pablo Fornals,,""$ 33,708"",""$ 1,752,801"",""$ 432,357"",""$ 2,185,158"",Active,""Feb 1, 2024"",""Jun 30, 2029"",4,""$ 7,011,202"",,M,CM,29,Spain,Real Betis,True,"
"Rodrigo Riquelme,,""$ 33,708"",""$ 1,752,801"",""$ 432,357"",""$ 2,185,158"",Active,""Jul 4, 2025"",""Jun 30, 2030"",5,""$ 8,764,003"",,F,LW,25,Spain,Real Betis,True,"
"Wesley,,""$ 33,708"",""$ 1,752,801"",""$ 444,043"",""$ 2,196,843"",Loan,""Jan 31, 2026"",""Jun 30, 2026"",1,""$ 1,752,801"",,F,LW,20,Brazil,Real Sociedad,True,"
"Álex Berenguer,,""$ 33,708"",""$ 1,752,801"",""$ 432,357"",""$ 2,185,158"",Active,""Jul 7, 2024"",""Jun 30, 2027"",2,""$ 3,505,601"",,F,LW,30,Spain,Athletic Club,True,"
"Pape Gueye,,""$ 33,708"",""$ 1,752,801"",""$ 432,357"",""$ 2,185,158"",Active,""Jul 5, 2024"",""Jun 30, 2028"",3,""$ 5,258,402"",,M,CM,27,Senegal,Villarreal,True,"
"Javi Galán,,""$ 33,708"",""$ 1,752,801"",""$ 444,043"",""$ 2,196,843"",Active,""Jan 1, 2026"",""Jun 30, 2026"",1,""$ 1,752,801"",,D,LB,31,Spain,Osasuna,True,"
"Ander Barrenetxea,,""$ 33,708"",""$ 1,752,801"",""$ 432,357"",""$ 2,185,158"",Active,""Jan 28, 2024"",""Jun 30, 2030"",5,""$ 8,764,003"",""$ 87,640,030"",F,LW,24,Spain,Real Sociedad,True,"
"Igor Zubeldia,,""$ 33,708"",""$ 1,752,801"",""$ 432,357"",""$ 2,185,158"",Active,""May 17, 2023"",""Jun 30, 2029"",4,""$ 7,011,202"",""$ 58,426,686"",D,CB,28,Spain,Real Sociedad,True,"
"Leander Dendoncker,,""$ 33,708"",""$ 1,752,801"",""$ 432,357"",""$ 2,185,158"",Active,""Aug 19, 2025"",""Jun 30, 2027"",2,""$ 3,505,601"",,M,DM,30,Belgium,Real Oviedo,True,"
"Adnan Januzaj,,""$ 33,708"",""$ 1,752,801"",""$ 444,043"",""$ 2,196,843"",Active,""Aug 1, 2025"",""Jun 30, 2026"",1,""$ 1,752,801"",,F,RW,30,Belgium,Sevilla,True,"
"Ante Budimir,,""$ 33,708"",""$ 1,752,801"",""$ 432,357"",""$ 2,185,158"",Active,""Oct 9, 2023"",""Jun 30, 2027"",2,""$ 3,505,601"",""$ 9,348,270"",F,CF,34,Croatia,Osasuna,True,"
"Djibril Sow,,""$ 33,708"",""$ 1,752,801"",""$ 584,267"",""$ 2,337,067"",Active,""Sep 1, 2025"",""Jun 30, 2029"",4,""$ 7,011,202"",,M,CM,28,Switzerland,Sevilla,True,"
"Marcão,,""$ 33,708"",""$ 1,752,801"",""$ 444,043"",""$ 2,196,843"",Active,""Sep 1, 2025"",""Jun 30, 2028"",3,""$ 5,258,402"",,D,CB,29,Brazil,Sevilla,True,"
"Rubén Vargas,,""$ 33,708"",""$ 1,752,801"",""$ 444,043"",""$ 2,196,843"",Active,""Jan 10, 2025"",""Jun 30, 2029"",4,""$ 7,011,202"",,F,LW,27,Switzerland,Sevilla,True,"
"Ayoze Pérez,,""$ 33,708"",""$ 1,752,801"",""$ 432,357"",""$ 2,185,158"",Active,""Aug 13, 2024"",""Jun 30, 2028"",3,""$ 5,258,402"",,F,CF,32,Spain,Villarreal,True,"
"Donny van de Beek,,""$ 33,708"",""$ 1,752,801"",""$ 444,043"",""$ 2,196,843"",Active,""Jul 11, 2024"",""Jun 30, 2028"",3,""$ 5,258,402"",,M,CM,28,Netherlands,Girona,True,"
"Alberto Moleiro,,""$ 33,708"",""$ 1,752,801"",""$ 432,357"",""$ 2,185,158"",Active,""Jul 1, 2025"",""Jun 30, 2030"",5,""$ 8,764,003"",,F,LW,22,Spain,Villarreal,True,"
"Djené,,""$ 33,708"",""$ 1,752,801"",""$ 432,357"",""$ 2,185,158"",Active,""Jul 1, 2020"",""Jun 30, 2026"",1,""$ 1,752,801"",,D,CB,34,Togo,Getafe,True,"
"Batista Mendy,,""$ 32,584"",""$ 1,694,374"",""$ 420,672"",""$ 2,115,046"",Loan,""Sep 1, 2025"",""Jun 30, 2026"",1,""$ 1,694,374"",,M,DM,26,France,Sevilla,True,"
"Odysseas Vlachodimos,,""$ 32,584"",""$ 1,694,374"",""$ 420,672"",""$ 2,115,046"",Loan,""Aug 12, 2025"",""Jun 30, 2026"",1,""$ 1,694,374"",,K,GK,31,Greece,Sevilla,True,"
"Wojciech Szczęsny,,""$ 32,359"",""$ 1,682,689"",""$ 420,672"",""$ 2,103,361"",Active,""Jul 7, 2025"",""Jun 30, 2027"",2,""$ 3,365,377"",,K,GK,35,Poland,Barcelona,True,"
"Álex Moreno,,""$ 31,461"",""$ 1,635,947"",""$ 408,987"",""$ 2,044,934"",Active,""Aug 22, 2025"",""Jun 30, 2027"",2,""$ 3,271,894"",,D,LB,32,Spain,Girona,True,"
"Borja Iglesias,,""$ 31,461"",""$ 1,635,947"",""$ 408,987"",""$ 2,044,934"",Active,""Aug 12, 2025"",""Jun 30, 2027"",2,""$ 3,271,894"",,F,CF,33,Spain,Celta Vigo,True,"
"Bryan Gil,,""$ 31,461"",""$ 1,635,947"",""$ 408,987"",""$ 2,044,934"",Active,""Sep 1, 2025"",""Jun 30, 2030"",5,""$ 8,179,736"",,F,LW,24,Spain,Girona,True,"
"Matías Vecino,,""$ 31,461"",""$ 1,635,947"",""$ 408,987"",""$ 2,044,934"",Active,""Feb 2, 2026"",""Jun 30, 2027"",2,""$ 3,271,894"",,M,CM,34,Uruguay,Celta Vigo,True,"
"Iago Aspas,,""$ 31,461"",""$ 1,635,947"",""$ 408,987"",""$ 2,044,934"",Active,""Dec 25, 2024"",""Jun 30, 2026"",1,""$ 1,635,947"",,F,CF,38,Spain,Celta Vigo,True,"
"Baptiste Santamaria,,""$ 29,213"",""$ 1,519,094"",""$ 373,931"",""$ 1,893,025"",Active,""Aug 7, 2025"",""Jun 30, 2027"",2,""$ 3,038,188"",,M,DM,30,France,Valencia,True,"
"Álvaro Odriozola,,""$ 29,213"",""$ 1,519,094"",""$ 373,931"",""$ 1,893,025"",Active,""Sep 1, 2023"",""Jun 30, 2029"",4,""$ 6,076,375"",,D,RB,30,Spain,Real Sociedad,True,"
"Julen Agirrezabala,,""$ 29,213"",""$ 1,519,094"",""$ 373,931"",""$ 1,893,025"",Loan,""Jul 11, 2025"",""Jun 30, 2026"",1,""$ 1,519,094"",,K,GK,25,Spain,Valencia,True,"
"Tani Oluwaseyi,,""$ 29,213"",""$ 1,519,094"",""$ 373,931"",""$ 1,893,025"",Active,""Aug 29, 2025"",""Jun 30, 2030"",5,""$ 7,595,469"",,F,CF,25,Canada,Villarreal,True,"
"Viktor Tsyhankov,,""$ 29,213"",""$ 1,519,094"",""$ 373,931"",""$ 1,893,025"",Active,""Jan 17, 2023"",""Jun 30, 2027"",2,""$ 3,038,188"",""$ 35,056,012"",F,RW,28,Ukraine,Girona,True,"
"Vladyslav Vanat,,""$ 29,213"",""$ 1,519,094"",""$ 373,931"",""$ 1,893,025"",Active,""Sep 1, 2025"",""Jun 30, 2030"",5,""$ 7,595,469"",,F,CF,24,Ukraine,Girona,True,"
"Sergi Darder,,""$ 29,213"",""$ 1,519,094"",""$ 373,931"",""$ 1,893,025"",Active,""Aug 11, 2023"",""Jun 30, 2028"",3,""$ 4,557,282"",,M,CM,32,Spain,Mallorca,True,"
"Álvaro Fidalgo,,""$ 29,213"",""$ 1,519,094"",""$ 385,616"",""$ 1,904,710"",Active,""Feb 1, 2026"",""Jun 30, 2030"",5,""$ 7,595,469"",,M,CM,28,Spain,Real Betis,True,"
"Cédric Bakambu,,""$ 29,213"",""$ 1,519,094"",""$ 373,931"",""$ 1,893,025"",Active,""Feb 1, 2024"",""Jun 30, 2026"",1,""$ 1,519,094"",,F,CF,34,Democratic Republic of the Congo,Real Betis,True,"
"Guido Rodríguez,,""$ 28,090"",""$ 1,460,667"",""$ 362,245"",""$ 1,822,913"",Active,""Jan 26, 2026"",""Jun 30, 2026"",1,""$ 1,460,667"",,M,DM,31,Argentina,Valencia,True,"
"Fran Beltrán,,""$ 26,966"",""$ 1,402,240"",""$ 350,560"",""$ 1,752,801"",Active,""Jan 20, 2026"",""Jun 30, 2030"",5,""$ 7,011,202"",,M,CM,27,Spain,Girona,True,"
"Juanlu Sánchez,,""$ 26,966"",""$ 1,402,240"",""$ 350,560"",""$ 1,752,801"",Active,""Apr 10, 2025"",""Jun 30, 2029"",4,""$ 5,608,962"",""$ 46,741,349"",D,RB,22,Spain,Sevilla,True,"
"Logan Costa,,""$ 26,966"",""$ 1,402,240"",""$ 350,560"",""$ 1,752,801"",Active,""Aug 22, 2024"",""Jun 30, 2030"",5,""$ 7,011,202"",,D,CB,24,Cape Verde,Villarreal,True,"
"Marc Roca,,""$ 26,966"",""$ 1,402,240"",""$ 350,560"",""$ 1,752,801"",Active,""Jul 1, 2024"",""Jun 30, 2029"",4,""$ 5,608,962"",,M,DM,29,Spain,Real Betis,True,"
"David Soria,,""$ 26,966"",""$ 1,402,240"",""$ 350,560"",""$ 1,752,801"",Active,""May 25, 2021"",""Jun 30, 2026"",1,""$ 1,402,240"",,K,GK,32,Spain,Getafe,True,"
"Axel Witsel,,""$ 26,966"",""$ 1,402,240"",""$ 350,560"",""$ 1,752,801"",Active,""Aug 12, 2025"",""Jun 30, 2026"",1,""$ 1,402,240"",,M,DM,37,Belgium,Girona,True,"
"Juanmi,,""$ 26,966"",""$ 1,402,240"",""$ 350,560"",""$ 1,752,801"",Active,""Jul 1, 2025"",""Jun 30, 2027"",2,""$ 2,804,481"",,F,LW,32,Spain,Getafe,True,"
"David Carmo,,""$ 26,966"",""$ 1,402,240"",""$ 350,560"",""$ 1,752,801"",Loan,""Aug 29, 2025"",""Jun 30, 2026"",1,""$ 1,402,240"",,D,CB,26,Angola,Real Oviedo,True,"
"José Ángel Carmona,,""$ 26,966"",""$ 1,402,240"",""$ 350,560"",""$ 1,752,801"",Active,""Nov 28, 2024"",""Jun 30, 2028"",3,""$ 4,206,721"",""$ 35,056,012"",D,RB,24,Spain,Sevilla,True,"
"Rafa Marín,,""$ 26,966"",""$ 1,402,240"",""$ 350,560"",""$ 1,752,801"",Loan,""Jul 3, 2025"",""Jun 30, 2026"",1,""$ 1,402,240"",,D,CB,23,Spain,Villarreal,True,"
"Marc Bartra,,""$ 26,966"",""$ 1,402,240"",""$ 350,560"",""$ 1,752,801"",Active,""Apr 23, 2025"",""Jun 30, 2027"",2,""$ 2,804,481"",,D,CB,35,Spain,Real Betis,True,"
"Iñaki Peña,,""$ 26,966"",""$ 1,402,240"",""$ 350,560"",""$ 1,752,801"",Loan,""Aug 27, 2025"",""Jun 30, 2026"",1,""$ 1,402,240"",,K,GK,26,Spain,Elche,True,"
"Ricardo Rodríguez,,""$ 26,966"",""$ 1,402,240"",""$ 350,560"",""$ 1,752,801"",Active,""Aug 5, 2024"",""Jun 30, 2026"",1,""$ 1,402,240"",,D,LB,33,Switzerland,Real Betis,True,"
"Abdel Abqar,,""$ 26,966"",""$ 1,402,240"",""$ 350,560"",""$ 1,752,801"",Active,""Jul 29, 2025"",""Jun 30, 2028"",3,""$ 4,206,721"",,D,CB,26,Morocco,Getafe,True,"
"Pau López,,""$ 26,966"",""$ 1,402,240"",""$ 350,560"",""$ 1,752,801"",Active,""Jul 22, 2025"",""Jun 30, 2028"",3,""$ 4,206,721"",,K,GK,31,Spain,Real Betis,True,"
"Sergio Gómez,,""$ 26,966"",""$ 1,402,240"",""$ 350,560"",""$ 1,752,801"",Active,""Jul 12, 2024"",""Jun 30, 2030"",5,""$ 7,011,202"",,D,LB,25,Spain,Real Sociedad,True,"
"Azzedine Ounahi,,""$ 26,966"",""$ 1,402,240"",""$ 350,560"",""$ 1,752,801"",Active,""Aug 30, 2025"",""Jun 30, 2030"",5,""$ 7,011,202"",""$ 23,370,675"",M,CM,25,Morocco,Girona,True,"
"Yeray Álvarez,,""$ 25,843"",""$ 1,343,814"",""$ 338,875"",""$ 1,682,689"",Active,""Jul 18, 2019"",""Jun 30, 2026"",1,""$ 1,343,814"",""$ 81,797,361"",D,CB,31,Spain,Athletic Club,True,"
"Vitor Reis,,""$ 25,843"",""$ 1,343,814"",""$ 338,875"",""$ 1,682,689"",Loan,""Aug 8, 2025"",""Jun 30, 2026"",1,""$ 1,343,814"",,D,CB,20,Brazil,Girona,True,"
"Lucien Agoume,,""$ 24,719"",""$ 1,285,387"",""$ 327,189"",""$ 1,612,577"",Active,""Aug 6, 2024"",""Jun 30, 2028"",3,""$ 3,856,161"",,M,DM,23,France,Sevilla,True,"
"Santi Comesaña,,""$ 24,719"",""$ 1,285,387"",""$ 327,189"",""$ 1,612,577"",Active,""Feb 11, 2025"",""Jun 30, 2028"",3,""$ 3,856,161"",,M,CM,29,Spain,Villarreal,True,"
"Iván Martín,,""$ 24,719"",""$ 1,285,387"",""$ 327,189"",""$ 1,612,577"",Active,""Nov 19, 2024"",""Jun 30, 2028"",3,""$ 3,856,161"",,F,AM,26,Spain,Girona,True,"
"Nelson Deossa,,""$ 24,719"",""$ 1,285,387"",""$ 327,189"",""$ 1,612,577"",Active,""Aug 4, 2025"",""Jun 30, 2030"",5,""$ 6,426,936"",,M,CM,25,Colombia,Real Betis,True,"
"Ferran Jutglà,,""$ 24,719"",""$ 1,285,387"",""$ 327,189"",""$ 1,612,577"",Active,""Jul 1, 2025"",""Jun 30, 2029"",4,""$ 5,141,548"",,F,CF,27,Spain,Celta Vigo,True,"
"Isaac Romero,,""$ 24,719"",""$ 1,285,387"",""$ 327,189"",""$ 1,612,577"",Active,""May 24, 2024"",""Jun 30, 2028"",3,""$ 3,856,161"",""$ 35,056,012"",F,CF,25,Spain,Sevilla,True,"
"Umar Sadiq,,""$ 24,719"",""$ 1,285,387"",""$ 327,189"",""$ 1,612,577"",Active,""Jan 8, 2026"",""Jun 30, 2028"",3,""$ 3,856,161"",,F,CF,29,Nigeria,Valencia,True,"
"Fábio Cardoso,,""$ 22,472"",""$ 1,168,534"",""$ 292,133"",""$ 1,460,667"",Active,""Sep 1, 2025"",""Jun 30, 2028"",3,""$ 3,505,601"",,D,CB,31,Portugal,Sevilla,True,"
"Rafa Mir,,""$ 22,472"",""$ 1,168,534"",""$ 292,133"",""$ 1,460,667"",Loan,""Aug 17, 2025"",""Jun 30, 2026"",1,""$ 1,168,534"",,F,CF,28,Spain,Elche,True,"
"Aritz Elustondo,,""$ 22,472"",""$ 1,168,534"",""$ 292,133"",""$ 1,460,667"",Active,""Mar 5, 2023"",""Jun 30, 2026"",1,""$ 1,168,534"",""$ 70,112,024"",D,CB,31,Spain,Real Sociedad,True,"
"Lucas Boyé,,""$ 22,472"",""$ 1,168,534"",""$ 292,133"",""$ 1,460,667"",Active,""Aug 22, 2025"",""Jun 30, 2029"",4,""$ 4,674,135"",,F,CF,29,Argentina,Alaves,True,"
"Sergi Cardona,,""$ 22,472"",""$ 1,168,534"",""$ 292,133"",""$ 1,460,667"",Active,""Jul 18, 2024"",""Jun 30, 2027"",2,""$ 2,337,067"",""$ 17,528,006"",D,LB,26,Spain,Villarreal,True,"
"Javi Puado,,""$ 22,472"",""$ 1,168,534"",""$ 292,133"",""$ 1,460,667"",Active,""Jul 4, 2025"",""Jun 30, 2030"",5,""$ 5,842,669"",,F,LW,27,Spain,Espanyol,True,"
"Endrick,,""$ 22,472"",""$ 1,168,534"",""$ 292,133"",""$ 1,460,667"",Inactive,""Jul 21, 2024"",""Jun 30, 2030"",5,""$ 5,842,669"",,F,CF,19,Brazil,Real Madrid,False,"
"Aitor Paredes,,""$ 22,472"",""$ 1,168,534"",""$ 292,133"",""$ 1,460,667"",Active,""Mar 21, 2024"",""Jun 30, 2029"",4,""$ 4,674,135"",,D,CB,25,Spain,Athletic Club,True,"
"Luiz Júnior,,""$ 22,472"",""$ 1,168,534"",""$ 292,133"",""$ 1,460,667"",Active,""Aug 20, 2024"",""Jun 30, 2030"",5,""$ 5,842,669"",,K,GK,25,Brazil,Villarreal,True,"
"Gorka Guruzeta,,""$ 22,472"",""$ 1,168,534"",""$ 292,133"",""$ 1,460,667"",Active,""Feb 20, 2024"",""Jun 30, 2028"",3,""$ 3,505,601"",,F,CF,29,Spain,Athletic Club,True,"
"Jesús Areso,,""$ 22,472"",""$ 1,168,534"",""$ 292,133"",""$ 1,460,667"",Active,""Jul 22, 2025"",""Jun 30, 2031"",6,""$ 7,011,202"",,D,RB,26,Spain,Athletic Club,True,"
"Sergi Altimira,,""$ 22,472"",""$ 1,168,534"",""$ 292,133"",""$ 1,460,667"",Active,""Apr 11, 2025"",""Jun 30, 2029"",4,""$ 4,674,135"",""$ 70,112,024"",M,CM,24,Spain,Real Betis,True,"
"Mikel Jauregizar,,""$ 22,472"",""$ 1,168,534"",""$ 292,133"",""$ 1,460,667"",Active,""May 30, 2025"",""Jun 30, 2031"",6,""$ 7,011,202"",,M,CM,22,Spain,Athletic Club,True,"
"Mikel Vesga,,""$ 22,472"",""$ 1,168,534"",""$ 292,133"",""$ 1,460,667"",Active,""Dec 21, 2023"",""Jun 30, 2027"",2,""$ 2,337,067"",""$ 58,426,686"",M,DM,32,Spain,Athletic Club,True,"
"Javi Guerra,,""$ 22,472"",""$ 1,168,534"",""$ 292,133"",""$ 1,460,667"",Active,""Aug 9, 2025"",""Jun 30, 2029"",4,""$ 4,674,135"",""$ 116,853,373"",M,CM,22,Spain,Valencia,True,"
"Diego Rico,,""$ 22,472"",""$ 1,168,534"",""$ 292,133"",""$ 1,460,667"",Active,""Jul 16, 2024"",""Jun 30, 2026"",1,""$ 1,168,534"",,D,LB,32,Spain,Getafe,True,"
"Matteo Ruggeri,,""$ 22,472"",""$ 1,168,534"",""$ 292,133"",""$ 1,460,667"",Active,""Jul 1, 2025"",""Jun 30, 2030"",5,""$ 5,842,669"",,D,LB,23,Italy,Atletico Madrid,True,"
"Chimy Ávila,,""$ 22,472"",""$ 1,168,534"",""$ 292,133"",""$ 1,460,667"",Active,""Feb 1, 2024"",""Jun 30, 2027"",2,""$ 2,337,067"",,F,CF,31,Argentina,Real Betis,True,"
"Luis Milla,,""$ 22,472"",""$ 1,168,534"",""$ 292,133"",""$ 1,460,667"",Active,""Jul 25, 2022"",""Jun 30, 2027"",2,""$ 2,337,067"",,M,CM,31,Spain,Getafe,True,"
"Álvaro Valles,,""$ 22,472"",""$ 1,168,534"",""$ 292,133"",""$ 1,460,667"",Active,""Jul 1, 2025"",""Jun 30, 2030"",5,""$ 5,842,669"",,K,GK,28,Spain,Real Betis,True,"
"Abel Ruiz,,""$ 22,472"",""$ 1,168,534"",""$ 292,133"",""$ 1,460,667"",Active,""Jul 1, 2024"",""Jun 30, 2029"",4,""$ 4,674,135"",,F,CF,26,Spain,Girona,True,"
"Luiz Felipe,,""$ 22,472"",""$ 1,168,534"",""$ 292,133"",""$ 1,460,667"",Active,""Jul 7, 2025"",""Jun 30, 2026"",1,""$ 1,168,534"",,D,CB,28,Italy,Rayo Vallecano,True,"
"Isi Palazón,,""$ 22,472"",""$ 1,168,534"",""$ 292,133"",""$ 1,460,667"",Active,""May 8, 2023"",""Jun 30, 2028"",3,""$ 3,505,601"",""$ 58,426,686"",F,SS,31,Spain,Rayo Vallecano,True,"
"Florian Lejeune,,""$ 22,472"",""$ 1,168,534"",""$ 292,133"",""$ 1,460,667"",Active,""Jul 28, 2023"",""Jun 30, 2027"",2,""$ 2,337,067"",,D,CB,34,France,Rayo Vallecano,True,"
"Augusto Batalla,,""$ 22,472"",""$ 1,168,534"",""$ 292,133"",""$ 1,460,667"",Active,""Jul 1, 2025"",""Jun 30, 2030"",5,""$ 5,842,669"",,K,GK,29,Argentina,Rayo Vallecano,True,"
"Álvaro García,,""$ 22,472"",""$ 1,168,534"",""$ 292,133"",""$ 1,460,667"",Active,""Feb 11, 2025"",""Jun 30, 2028"",3,""$ 3,505,601"",,F,LW,33,Spain,Rayo Vallecano,True,"
"Sergio Herrera,,""$ 22,472"",""$ 1,168,534"",""$ 292,133"",""$ 1,460,667"",Active,""Jul 28, 2025"",""Jun 30, 2028"",3,""$ 3,505,601"",,K,GK,32,Spain,Osasuna,True,"
"Rubén García,,""$ 22,472"",""$ 1,168,534"",""$ 292,133"",""$ 1,460,667"",Active,""Jan 28, 2026"",""Jun 30, 2027"",2,""$ 2,337,067"",""$ 9,348,270"",F,RW,32,Spain,Osasuna,True,"
"Lucas Torró,,""$ 22,472"",""$ 1,168,534"",""$ 292,133"",""$ 1,460,667"",Active,""Jun 9, 2022"",""Jun 30, 2027"",2,""$ 2,337,067"",,M,DM,31,Spain,Osasuna,True,"
"Kike Salas,,""$ 22,472"",""$ 1,168,534"",""$ 292,133"",""$ 1,460,667"",Active,""Dec 26, 2024"",""Jun 30, 2029"",4,""$ 4,674,135"",,D,CB,23,Spain,Sevilla,True,"
"Jon Aramburu,,""$ 22,472"",""$ 1,168,534"",""$ 292,133"",""$ 1,460,667"",Active,""Jan 3, 2025"",""Jun 30, 2030"",5,""$ 5,842,669"",""$ 70,112,024"",D,RB,23,Venezuela,Real Sociedad,True,"
"Iñaki Peña,,""$ 21,573"",""$ 1,121,792"",""$ 280,448"",""$ 1,402,240"",Inactive,""Aug 27, 2025"",""Jun 30, 2029"",4,""$ 4,487,170"",""$ 467,413,492"",K,GK,26,Spain,Barcelona,False,"
"Chidera Ejuke,,""$ 20,225"",""$ 1,051,680"",""$ 268,763"",""$ 1,320,443"",Active,""Jul 1, 2024"",""Jun 30, 2027"",2,""$ 2,103,361"",,F,LW,28,Nigeria,Sevilla,True,"
"Ionut Radu,,""$ 20,225"",""$ 1,051,680"",""$ 268,763"",""$ 1,320,443"",Active,""Jul 1, 2025"",""Jun 30, 2029"",4,""$ 4,206,721"",,K,GK,28,Romania,Celta Vigo,True,"
"Portu,,""$ 20,225"",""$ 1,051,680"",""$ 268,763"",""$ 1,320,443"",Active,""Sep 1, 2023"",""Jun 30, 2027"",2,""$ 2,103,361"",,F,RW,33,Spain,Girona,True,"
"Denis Suárez,,""$ 20,225"",""$ 1,051,680"",""$ 257,077"",""$ 1,308,758"",Active,""Aug 29, 2025"",""Jun 30, 2027"",2,""$ 2,103,361"",,F,AM,32,Spain,Alaves,True,"
"Luis Rioja,,""$ 20,225"",""$ 1,051,680"",""$ 268,763"",""$ 1,320,443"",Active,""Nov 27, 2025"",""Jun 30, 2027"",2,""$ 2,103,361"",,F,LW,32,Spain,Valencia,True,"
"Óscar Valentín,,""$ 20,225"",""$ 1,051,680"",""$ 268,763"",""$ 1,320,443"",Active,""Sep 13, 2023"",""Jun 30, 2027"",2,""$ 2,103,361"",,M,CM,31,Spain,Rayo Vallecano,True,"
"Valentin Rosier,,""$ 20,225"",""$ 1,051,680"",""$ 268,763"",""$ 1,320,443"",Active,""Jul 1, 2025"",""Jun 30, 2028"",3,""$ 3,155,041"",,D,RB,29,France,Osasuna,True,"
"Johan Mojica,,""$ 20,225"",""$ 1,051,680"",""$ 268,763"",""$ 1,320,443"",Active,""Jul 23, 2024"",""Jun 30, 2027"",2,""$ 2,103,361"",,D,LB,33,Colombia,Mallorca,True,"
"Andrei Rațiu,,""$ 20,225"",""$ 1,051,680"",""$ 233,707"",""$ 1,285,387"",Active,""Nov 21, 2025"",""Jun 30, 2030"",5,""$ 5,258,402"",,D,RB,27,Romania,Rayo Vallecano,True,"
"Antonio Raíllo,,""$ 20,225"",""$ 1,051,680"",""$ 268,763"",""$ 1,320,443"",Active,""Jan 13, 2026"",""Jun 30, 2027"",2,""$ 2,103,361"",,D,CB,34,Spain,Mallorca,True,"
"Jorge de Frutos,,""$ 20,225"",""$ 1,051,680"",""$ 268,763"",""$ 1,320,443"",Active,""Aug 17, 2023"",""Jun 30, 2028"",3,""$ 3,155,041"",,F,RW,28,Spain,Rayo Vallecano,True,"
"Diego Conde,,""$ 20,225"",""$ 1,051,680"",""$ 268,763"",""$ 1,320,443"",Active,""Jul 2, 2024"",""Jun 30, 2029"",4,""$ 4,206,721"",,K,GK,27,Spain,Villarreal,True,"
"Toni Martínez,,""$ 20,225"",""$ 1,051,680"",""$ 257,077"",""$ 1,308,758"",Active,""Aug 27, 2024"",""Jun 30, 2028"",3,""$ 3,155,041"",,F,CF,28,Spain,Alaves,True,"
"Arnaut Danjuma,,""$ 20,225"",""$ 1,051,680"",""$ 268,763"",""$ 1,320,443"",Active,""Aug 10, 2025"",""Jun 30, 2028"",3,""$ 3,155,041"",,F,LW,29,Netherlands,Valencia,True,"
"Akor Adams,,""$ 20,225"",""$ 1,051,680"",""$ 268,763"",""$ 1,320,443"",Active,""Jan 27, 2025"",""Jun 30, 2029"",4,""$ 4,206,721"",,F,CF,26,Nigeria,Sevilla,True,"
"Eric Bailly,,""$ 20,225"",""$ 1,051,680"",""$ 268,763"",""$ 1,320,443"",Active,""Aug 18, 2025"",""Jun 30, 2027"",2,""$ 2,103,361"",,D,CB,31,Cote d'Ivoire,Real Oviedo,True,"
"Edu Expósito,,""$ 20,225"",""$ 1,051,680"",""$ 268,763"",""$ 1,320,443"",Active,""Aug 8, 2022"",""Jun 30, 2027"",2,""$ 2,103,361"",,M,CM,29,Spain,Espanyol,True,"
"Filip Ugrinic,,""$ 20,225"",""$ 1,051,680"",""$ 268,763"",""$ 1,320,443"",Active,""Aug 8, 2025"",""Jun 30, 2029"",4,""$ 4,206,721"",,M,CM,27,Switzerland,Valencia,True,"
"Neal Maupay,,""$ 19,101"",""$ 993,254"",""$ 245,392"",""$ 1,238,646"",Loan,""Jan 27, 2026"",""Jun 30, 2026"",1,""$ 993,254"",,F,CF,29,France,Sevilla,True,"
"Alejandro Balde,,""$ 17,977"",""$ 934,827"",""$ 233,707"",""$ 1,168,534"",Active,""Sep 20, 2023"",""Jun 30, 2028"",3,""$ 2,804,481"",""$ 1,168,533,730"",D,LB,22,Spain,Barcelona,True,"
"Aimar Oroz,,""$ 17,977"",""$ 934,827"",""$ 233,707"",""$ 1,168,534"",Active,""Sep 1, 2024"",""Jun 30, 2029"",4,""$ 3,739,308"",""$ 35,056,012"",F,AM,24,Spain,Osasuna,True,"
"Mathew Ryan,,""$ 17,977"",""$ 934,827"",""$ 233,707"",""$ 1,168,534"",Active,""Aug 26, 2025"",""Jun 30, 2026"",1,""$ 934,827"",,K,GK,33,Australia,Levante,True,"
"Aitor Ruibal,,""$ 17,977"",""$ 934,827"",""$ 233,707"",""$ 1,168,534"",Active,""Sep 11, 2024"",""Jun 30, 2028"",3,""$ 2,804,481"",,F,RW,29,Spain,Real Betis,True,"
"Unai López,,""$ 17,977"",""$ 934,827"",""$ 233,707"",""$ 1,168,534"",Active,""Jul 1, 2024"",""Jun 30, 2026"",1,""$ 934,827"",,M,CM,30,Spain,Rayo Vallecano,True,"
"Gonzalo García,,""$ 17,977"",""$ 934,827"",""$ 233,707"",""$ 1,168,534"",Active,""Aug 8, 2025"",""Jun 30, 2030"",5,""$ 4,674,135"",,F,CF,21,Spain,Real Madrid,True,"
"Pep Chavarría,,""$ 17,977"",""$ 934,827"",""$ 233,707"",""$ 1,168,534"",Active,""Jun 16, 2025"",""Jun 30, 2030"",5,""$ 4,674,135"",,D,LB,27,Spain,Rayo Vallecano,True,"
"André Almeida,,""$ 17,977"",""$ 934,827"",""$ 233,707"",""$ 1,168,534"",Active,""Sep 26, 2025"",""Jun 30, 2029"",4,""$ 3,739,308"",,F,AM,25,Portugal,Valencia,True,"
"Pepelu,,""$ 17,977"",""$ 934,827"",""$ 233,707"",""$ 1,168,534"",Active,""Jul 8, 2023"",""Jun 30, 2028"",3,""$ 2,804,481"",""$ 116,853,373"",M,DM,27,Spain,Valencia,True,"
"Jonny Otto,,""$ 17,977"",""$ 934,827"",""$ 233,707"",""$ 1,168,534"",Active,""Jul 2, 2025"",""Jun 30, 2027"",2,""$ 1,869,654"",,D,RB,31,Spain,Alaves,True,"
"Beñat Turrientes,,""$ 17,977"",""$ 934,827"",""$ 233,707"",""$ 1,168,534"",Active,""Nov 29, 2024"",""Jun 30, 2030"",5,""$ 4,674,135"",,M,CM,24,Spain,Real Sociedad,True,"
"César Tárrega,,""$ 17,977"",""$ 934,827"",""$ 233,707"",""$ 1,168,534"",Active,""Aug 9, 2025"",""Jun 30, 2030"",5,""$ 4,674,135"",,D,CB,23,Spain,Valencia,True,"
"Aihen Muñoz,,""$ 17,977"",""$ 934,827"",""$ 233,707"",""$ 1,168,534"",Active,""Nov 3, 2023"",""Jun 30, 2027"",2,""$ 1,869,654"",""$ 58,426,686"",D,LB,28,Spain,Real Sociedad,True,"
"Jon Gorrotxategi,,""$ 17,977"",""$ 934,827"",""$ 233,707"",""$ 1,168,534"",Active,""Oct 6, 2025"",""Jun 30, 2030"",5,""$ 4,674,135"",,M,DM,24,Spain,Real Sociedad,True,"
"Willy Kambwala,,""$ 17,977"",""$ 934,827"",""$ 233,707"",""$ 1,168,534"",Active,""Jul 15, 2024"",""Jun 30, 2029"",4,""$ 3,739,308"",,D,CB,21,France,Villarreal,True,"
"Roger Brugué,,""$ 17,977"",""$ 934,827"",""$ 233,707"",""$ 1,168,534"",Active,""Jun 2, 2025"",""Jun 30, 2028"",3,""$ 2,804,481"",,F,LW,29,Spain,Levante,True,"
"Jeremy Toljan,,""$ 17,977"",""$ 934,827"",""$ 233,707"",""$ 1,168,534"",Active,""Jul 8, 2025"",""Jun 30, 2027"",2,""$ 1,869,654"",,D,RB,31,Germany,Levante,True,"
"Javi Muñoz,,""$ 17,977"",""$ 934,827"",""$ 233,707"",""$ 1,168,534"",Active,""Jul 4, 2025"",""Jun 30, 2028"",3,""$ 2,804,481"",,M,CM,30,Spain,Getafe,True,"
"Dimitri Foulquier,,""$ 17,977"",""$ 934,827"",""$ 233,707"",""$ 1,168,534"",Active,""Jun 12, 2025"",""Jun 30, 2027"",2,""$ 1,869,654"",,D,RB,32,Guadeloupe,Valencia,True,"
"Alejandro Catena,,""$ 17,977"",""$ 934,827"",""$ 233,707"",""$ 1,168,534"",Active,""Jul 1, 2023"",""Jun 30, 2028"",3,""$ 2,804,481"",,D,CB,31,Spain,Osasuna,True,"
"Diego López,,""$ 17,977"",""$ 934,827"",""$ 233,707"",""$ 1,168,534"",Active,""Aug 25, 2025"",""Jun 30, 2029"",4,""$ 3,739,308"",""$ 116,853,373"",F,RW,23,Spain,Valencia,True,"
"Rodrigo Mendoza,,""$ 17,977"",""$ 934,827"",""$ 233,707"",""$ 1,168,534"",Active,""Feb 2, 2026"",""Jun 30, 2031"",6,""$ 5,608,962"",,M,CM,20,Spain,Atletico Madrid,True,"
"Luka Sucic,,""$ 17,977"",""$ 934,827"",""$ 233,707"",""$ 1,168,534"",Active,""Aug 2, 2024"",""Jun 30, 2029"",4,""$ 3,739,308"",,M,CM,23,Croatia,Real Sociedad,True,"
"Thomas Lemar,,""$ 17,528"",""$ 911,456"",""$ 233,707"",""$ 1,145,163"",Inactive,""Jul 20, 2022"",""Jun 30, 2027"",2,""$ 1,822,913"",,F,AM,29,France,Atletico Madrid,False,"
"Thomas Lemar,,""$ 17,528"",""$ 911,456"",""$ 233,707"",""$ 1,145,163"",Loan,""Jul 30, 2025"",""Jun 30, 2026"",1,""$ 911,456"",,F,AM,30,France,Girona,True,"
"Adrià Pedrosa,,""$ 16,854"",""$ 876,400"",""$ 222,021"",""$ 1,098,422"",Loan,""Sep 1, 2025"",""Jun 30, 2026"",1,""$ 876,400"",,D,LB,27,Spain,Elche,True,"
"Gerard Martín,,""$ 16,854"",""$ 876,400"",""$ 222,021"",""$ 1,098,422"",Active,""Jan 23, 2025"",""Jun 30, 2028"",3,""$ 2,629,201"",""$ 116,853,373"",D,LB,23,Spain,Barcelona,True,"
"Pedro Díaz,,""$ 16,854"",""$ 876,400"",""$ 222,021"",""$ 1,098,422"",Active,""Aug 5, 2024"",""Jun 30, 2028"",3,""$ 2,629,201"",,M,CM,27,Spain,Rayo Vallecano,True,"
"Mariano Díaz,,""$ 16,854"",""$ 876,400"",""$ 222,021"",""$ 1,098,422"",Active,""Aug 7, 2025"",""Jun 30, 2027"",2,""$ 1,752,801"",,F,CF,32,Dominican Republic,Alaves,True,"
"Antonio Sivera,,""$ 16,854"",""$ 876,400"",""$ 222,021"",""$ 1,098,422"",Active,""Dec 13, 2023"",""Jun 30, 2027"",2,""$ 1,752,801"",,K,GK,29,Spain,Alaves,True,"
"Paulo Gazzaniga,,""$ 16,854"",""$ 876,400"",""$ 222,021"",""$ 1,098,422"",Active,""Feb 14, 2024"",""Jun 30, 2027"",2,""$ 1,752,801"",,K,GK,34,Argentina,Girona,True,"
"Andoni Gorosabel,,""$ 16,854"",""$ 876,400"",""$ 222,021"",""$ 1,098,422"",Active,""Jul 1, 2024"",""Jun 30, 2028"",3,""$ 2,629,201"",,D,RB,29,Spain,Athletic Club,True,"
"Joseph Aidoo,,""$ 16,854"",""$ 876,400"",""$ 222,021"",""$ 1,098,422"",Active,""Feb 7, 2022"",""Jun 30, 2026"",1,""$ 876,400"",,D,CB,30,Ghana,Celta Vigo,True,"
"Unai Vencedor,,""$ 16,854"",""$ 876,400"",""$ 222,021"",""$ 1,098,422"",Loan,""Sep 1, 2025"",""Jun 30, 2026"",1,""$ 876,400"",""$ 46,741,349"",M,CM,25,Spain,Levante,True,"
"Carl Starfelt,,""$ 16,854"",""$ 876,400"",""$ 222,021"",""$ 1,098,422"",Active,""Aug 10, 2023"",""Jun 30, 2027"",2,""$ 1,752,801"",,D,CB,30,Sweden,Celta Vigo,True,"
"Urko González de Zárate,,""$ 15,730"",""$ 817,974"",""$ 210,336"",""$ 1,028,310"",Active,""Aug 28, 2025"",""Jun 30, 2030"",5,""$ 4,089,868"",,M,DM,24,Spain,Espanyol,True,"
"Charles Pickel,,""$ 15,730"",""$ 817,974"",""$ 210,336"",""$ 1,028,310"",Active,""Aug 27, 2025"",""Jun 30, 2026"",1,""$ 817,974"",,M,DM,28,Democratic Republic of the Congo,Espanyol,True,"
"Tyrhys Dolan,,""$ 15,730"",""$ 817,974"",""$ 210,336"",""$ 1,028,310"",Active,""Jul 25, 2025"",""Jun 30, 2028"",3,""$ 2,453,921"",,F,RW,24,England,Espanyol,True,"
"Arnau Tenas,,""$ 15,730"",""$ 817,974"",""$ 210,336"",""$ 1,028,310"",Active,""Aug 28, 2025"",""Jun 30, 2029"",4,""$ 3,271,894"",,K,GK,24,Spain,Villarreal,True,"
"Antonio Sánchez,,""$ 15,730"",""$ 817,974"",""$ 210,336"",""$ 1,028,310"",Active,""Mar 27, 2024"",""Jun 30, 2027"",2,""$ 1,635,947"",,M,CM,28,Spain,Mallorca,True,"
"Ander Guevara,,""$ 15,730"",""$ 817,974"",""$ 210,336"",""$ 1,028,310"",Active,""Jul 9, 2023"",""Jun 30, 2027"",2,""$ 1,635,947"",,M,CM,28,Spain,Alaves,True,"
"Pablo Maffeo,,""$ 15,730"",""$ 817,974"",""$ 210,336"",""$ 1,028,310"",Active,""Jun 10, 2022"",""Jun 30, 2027"",2,""$ 1,635,947"",,D,RB,28,Argentina,Mallorca,True,"
"Takuma Asano,,""$ 15,730"",""$ 817,974"",""$ 210,336"",""$ 1,028,310"",Active,""Jul 6, 2024"",""Jun 30, 2026"",1,""$ 817,974"",,F,RW,31,Japan,Mallorca,True,"
"Toni Lato,,""$ 15,730"",""$ 817,974"",""$ 210,336"",""$ 1,028,310"",Active,""Jul 1, 2023"",""Jun 30, 2027"",2,""$ 1,635,947"",,D,LB,28,Spain,Mallorca,True,"
"Álvaro Núñez,,""$ 15,730"",""$ 817,974"",""$ 210,336"",""$ 1,028,310"",Active,""Feb 2, 2026"",""Jun 30, 2030"",5,""$ 4,089,868"",,D,RB,25,Spain,Celta Vigo,True,"
"Jon Moncayola,,""$ 15,730"",""$ 817,974"",""$ 210,336"",""$ 1,028,310"",Active,""Jun 8, 2021"",""Jun 30, 2031"",6,""$ 4,907,842"",""$ 25,707,742"",M,CM,27,Spain,Osasuna,True,"
"Moi Gómez,,""$ 15,730"",""$ 817,974"",""$ 210,336"",""$ 1,028,310"",Active,""Jul 28, 2022"",""Jun 30, 2027"",2,""$ 1,635,947"",""$ 23,370,675"",F,AM,31,Spain,Osasuna,True,"
"Raúl Moro,,""$ 15,730"",""$ 817,974"",""$ 210,336"",""$ 1,028,310"",Active,""Jan 22, 2026"",""Jun 30, 2031"",6,""$ 4,907,842"",,F,LW,23,Spain,Osasuna,True,"
"Alexandre Alemão,,""$ 15,730"",""$ 817,974"",""$ 210,336"",""$ 1,028,310"",Active,""Sep 1, 2025"",""Jun 30, 2030"",5,""$ 4,089,868"",,F,CF,27,Brazil,Rayo Vallecano,True,"
"Abde Ezzalzouli,,""$ 15,730"",""$ 817,974"",""$ 210,336"",""$ 1,028,310"",Active,""Oct 30, 2024"",""Jun 30, 2029"",4,""$ 3,271,894"",,F,LW,24,Morocco,Real Betis,True,"
"Adrián,,""$ 15,730"",""$ 817,974"",""$ 210,336"",""$ 1,028,310"",Active,""Jul 8, 2024"",""Jun 30, 2026"",1,""$ 817,974"",,K,GK,39,Spain,Real Betis,True,"
"Marc Pubill,,""$ 15,730"",""$ 817,974"",""$ 210,336"",""$ 1,028,310"",Active,""Jul 23, 2025"",""Jun 30, 2030"",5,""$ 4,089,868"",,D,CB,22,Spain,Atletico Madrid,True,"
"Iñigo Ruiz de Galarreta,,""$ 15,730"",""$ 817,974"",""$ 210,336"",""$ 1,028,310"",Active,""May 24, 2025"",""Jun 30, 2027"",2,""$ 1,635,947"",,M,CM,32,Spain,Athletic Club,True,"
"Beñat Prados,,""$ 15,730"",""$ 817,974"",""$ 210,336"",""$ 1,028,310"",Active,""Jun 27, 2024"",""Jun 30, 2031"",6,""$ 4,907,842"",,M,CM,24,Spain,Athletic Club,True,"
"Nahuel Tenaglia,,""$ 15,730"",""$ 817,974"",""$ 350,560"",""$ 1,168,534"",Active,""Dec 3, 2025"",""Jun 30, 2029"",4,""$ 3,271,894"",,D,RB,29,Argentina,Alaves,True,"
"Horațiu Moldovan,,""$ 15,730"",""$ 817,974"",""$ 210,336"",""$ 1,028,310"",Loan,""Jul 18, 2025"",""Jun 30, 2026"",1,""$ 817,974"",,K,GK,28,Romania,Real Oviedo,True,"
"Grady Diangana,,""$ 15,730"",""$ 817,974"",""$ 210,336"",""$ 1,028,310"",Active,""Aug 30, 2025"",""Jun 30, 2027"",2,""$ 1,635,947"",,F,RW,27,Democratic Republic of the Congo,Elche,True,"
"Ilaix Moriba,,""$ 14,607"",""$ 759,547"",""$ 186,965"",""$ 946,512"",Active,""Jul 1, 2025"",""Jun 30, 2029"",4,""$ 3,038,188"",,M,CM,23,Guinea,Celta Vigo,True,"
"Sergio Carreira,,""$ 14,607"",""$ 759,547"",""$ 186,965"",""$ 946,512"",Active,""Jun 23, 2025"",""Jun 30, 2029"",4,""$ 3,038,188"",,D,RB,25,Spain,Celta Vigo,True,"
"Samú Costa,,""$ 13,483"",""$ 701,120"",""$ 175,280"",""$ 876,400"",Active,""Aug 10, 2023"",""Jun 30, 2028"",3,""$ 2,103,361"",,M,DM,25,Portugal,Mallorca,True,"
"Oriol Rey,,""$ 13,483"",""$ 701,120"",""$ 175,280"",""$ 876,400"",Active,""Jul 2, 2025"",""Jun 30, 2027"",2,""$ 1,402,240"",,M,DM,27,Spain,Levante,True,"
"Manu Sánchez,,""$ 13,483"",""$ 701,120"",""$ 175,280"",""$ 876,400"",Loan,""Jul 25, 2025"",""Jun 30, 2026"",1,""$ 701,120"",,D,LB,25,Spain,Levante,True,"
"Enzo Boyomo,,""$ 13,483"",""$ 701,120"",""$ 175,280"",""$ 876,400"",Active,""Aug 29, 2024"",""Jun 30, 2029"",4,""$ 2,804,481"",""$ 29,213,343"",D,CB,24,Cameroon,Osasuna,True,"
"Marc Casadó,,""$ 13,483"",""$ 701,120"",""$ 175,280"",""$ 876,400"",Active,""Jul 1, 2024"",""Jun 30, 2028"",3,""$ 2,103,361"",""$ 116,853,373"",M,DM,22,Spain,Barcelona,True,"
"Marc Bernal,,""$ 13,483"",""$ 701,120"",""$ 175,280"",""$ 876,400"",Active,""Sep 29, 2025"",""Jun 30, 2029"",4,""$ 2,804,481"",""$ 584,266,865"",M,DM,18,Spain,Barcelona,True,"
"Juan Cruz,,""$ 13,483"",""$ 701,120"",""$ 175,280"",""$ 876,400"",Active,""Dec 13, 2022"",""Jun 30, 2026"",1,""$ 701,120"",""$ 17,528,006"",D,LB,33,Spain,Osasuna,True,"
"José Luis Morales,,""$ 13,483"",""$ 701,120"",""$ 175,280"",""$ 876,400"",Active,""Jul 5, 2024"",""Jun 30, 2026"",1,""$ 701,120"",,F,CF,38,Spain,Levante,True,"
"Stole Dimitrievski,,""$ 13,483"",""$ 701,120"",""$ 175,280"",""$ 876,400"",Active,""Jul 1, 2024"",""Jun 30, 2026"",1,""$ 701,120"",,K,GK,32,North Macedonia,Valencia,True,"
"Raúl García,,""$ 13,483"",""$ 701,120"",""$ 175,280"",""$ 876,400"",Active,""Aug 10, 2023"",""Jun 30, 2028"",3,""$ 2,103,361"",,F,CF,25,Spain,Osasuna,True,"
"Jon Ander Olasagasti,,""$ 13,483"",""$ 701,120"",""$ 175,280"",""$ 876,400"",Active,""Jul 16, 2025"",""Jun 30, 2028"",3,""$ 2,103,361"",,M,CM,25,Spain,Levante,True,"
"Iván Romero,,""$ 13,483"",""$ 701,120"",""$ 175,280"",""$ 876,400"",Active,""May 25, 2025"",""Jun 30, 2028"",3,""$ 2,103,361"",,F,CF,24,Spain,Levante,True,"
"Carles Aleñá,,""$ 13,483"",""$ 701,120"",""$ 175,280"",""$ 876,400"",Active,""Jul 24, 2025"",""Jun 30, 2029"",4,""$ 2,804,481"",,M,CM,28,Spain,Alaves,True,"
"Ørjan Nyland,,""$ 13,483"",""$ 701,120"",""$ 175,280"",""$ 876,400"",Active,""May 23, 2024"",""Jun 30, 2026"",1,""$ 701,120"",,K,GK,35,Norway,Sevilla,True,"
"Orri Óskarsson,,""$ 13,483"",""$ 701,120"",""$ 175,280"",""$ 876,400"",Active,""Aug 30, 2024"",""Jun 30, 2030"",5,""$ 3,505,601"",,F,CF,21,Iceland,Real Sociedad,True,"
"Cristhian Stuani,,""$ 13,483"",""$ 701,120"",""$ 175,280"",""$ 876,400"",Active,""Jun 30, 2025"",""Jun 30, 2026"",1,""$ 701,120"",,F,CF,39,Uruguay,Girona,True,"
"Randy Nteka,,""$ 13,483"",""$ 701,120"",""$ 175,280"",""$ 876,400"",Active,""Feb 13, 2025"",""Jun 30, 2028"",3,""$ 2,103,361"",,F,AM,28,Angola,Rayo Vallecano,True,"
"Arnau Martínez,,""$ 13,483"",""$ 701,120"",""$ 175,280"",""$ 876,400"",Active,""Aug 13, 2024"",""Jun 30, 2027"",2,""$ 1,402,240"",,D,RB,22,Spain,Girona,True,"
"Santiago Colombatto,,""$ 13,483"",""$ 701,120"",""$ 175,280"",""$ 876,400"",Loan,""Aug 25, 2023"",""Jun 30, 2026"",1,""$ 701,120"",,M,DM,29,Argentina,Real Oviedo,True,"
"Daniel Raba,,""$ 13,483"",""$ 701,120"",""$ 175,280"",""$ 876,400"",Active,""Jul 1, 2025"",""Jun 30, 2027"",2,""$ 1,402,240"",,F,SS,30,Spain,Valencia,True,"
"Kiko Femenía,,""$ 13,483"",""$ 701,120"",""$ 175,280"",""$ 876,400"",Active,""Jul 1, 2025"",""Jun 30, 2027"",2,""$ 1,402,240"",,D,RB,35,Spain,Getafe,True,"
"Domingos Duarte,,""$ 13,483"",""$ 701,120"",""$ 175,280"",""$ 876,400"",Active,""Jul 11, 2022"",""Jun 30, 2026"",1,""$ 701,120"",,D,CB,30,Portugal,Getafe,True,"
"Aleix Febas,,""$ 13,483"",""$ 701,120"",""$ 175,280"",""$ 876,400"",Active,""Jul 6, 2023"",""Jun 30, 2026"",1,""$ 701,120"",,M,CM,30,Spain,Elche,True,"
"Roberto Fernández,,""$ 13,483"",""$ 701,120"",""$ 175,280"",""$ 876,400"",Active,""Jul 1, 2025"",""Jun 30, 2031"",6,""$ 4,206,721"",,F,CF,23,Spain,Espanyol,True,"
"Valentín Gómez,,""$ 13,483"",""$ 701,120"",""$ 175,280"",""$ 876,400"",Active,""Jul 26, 2025"",""Jun 30, 2030"",5,""$ 3,505,601"",,D,CB,22,Argentina,Real Betis,True,"
"Pere Milla,,""$ 13,483"",""$ 701,120"",""$ 175,280"",""$ 876,400"",Active,""Aug 15, 2023"",""Jun 30, 2027"",2,""$ 1,402,240"",,F,LW,33,Spain,Espanyol,True,"
"Marko Dmitrovic,,""$ 13,483"",""$ 701,120"",""$ 175,280"",""$ 876,400"",Active,""Jul 1, 2025"",""Jun 30, 2028"",3,""$ 2,103,361"",,K,GK,34,Serbia,Espanyol,True,"
"Santiago Mouriño,,""$ 13,483"",""$ 701,120"",""$ 175,280"",""$ 876,400"",Active,""Aug 1, 2025"",""Jun 30, 2030"",5,""$ 3,505,601"",,D,RB,23,Uruguay,Villarreal,True,"
"Kike García,,""$ 13,483"",""$ 701,120"",""$ 175,280"",""$ 876,400"",Active,""Jul 1, 2025"",""Jun 30, 2027"",2,""$ 1,402,240"",,F,CF,36,Spain,Espanyol,True,"
"Fernando Calero,,""$ 13,483"",""$ 701,120"",""$ 175,280"",""$ 876,400"",Active,""Aug 9, 2019"",""Jun 30, 2026"",1,""$ 701,120"",,D,CB,30,Spain,Espanyol,True,"
"Cyril Ngonge,,""$ 13,483"",""$ 701,120"",""$ 175,280"",""$ 876,400"",Loan,""Jan 31, 2026"",""Jun 30, 2026"",1,""$ 701,120"",,F,RW,25,Belgium,Espanyol,True,"
"Arsen Zakharyan,,""$ 13,483"",""$ 701,120"",""$ 175,280"",""$ 876,400"",Active,""Aug 19, 2023"",""Jun 30, 2029"",4,""$ 2,804,481"",,F,AM,22,Russia,Real Sociedad,True,"
"Thierry Correia,,""$ 13,483"",""$ 701,120"",""$ 175,280"",""$ 876,400"",Active,""Oct 4, 2021"",""Jun 30, 2026"",1,""$ 701,120"",,D,RB,26,Portugal,Valencia,True,"
"Jon Guridi,,""$ 13,483"",""$ 701,120"",""$ 175,280"",""$ 876,400"",Active,""Jul 11, 2022"",""Jun 30, 2026"",1,""$ 701,120"",,M,CM,30,Spain,Alaves,True,"
"Tete Morente,,""$ 13,483"",""$ 701,120"",""$ 175,280"",""$ 876,400"",Active,""Feb 2, 2026"",""Jun 30, 2028"",3,""$ 2,103,361"",,F,LW,29,Spain,Elche,True,"
"Franco Cervi,,""$ 13,483"",""$ 701,120"",""$ 175,280"",""$ 876,400"",Active,""Jul 5, 2021"",""Jun 30, 2026"",1,""$ 701,120"",,F,LW,31,Argentina,Celta Vigo,True,"
"Leo Román,,""$ 13,483"",""$ 701,120"",""$ 175,280"",""$ 876,400"",Active,""Jul 16, 2025"",""Jun 30, 2030"",5,""$ 3,505,601"",,K,GK,25,Spain,Mallorca,True,"
"Manu Morlanes,,""$ 13,483"",""$ 701,120"",""$ 175,280"",""$ 876,400"",Active,""Jul 1, 2023"",""Jun 30, 2028"",3,""$ 2,103,361"",,M,CM,27,Spain,Mallorca,True,"
"Pol Lozano,,""$ 12,360"",""$ 642,694"",""$ 163,595"",""$ 806,288"",Active,""Sep 1, 2023"",""Jun 30, 2027"",2,""$ 1,285,387"",,M,CM,26,Spain,Espanyol,True,"
"Antonio Blanco,,""$ 12,360"",""$ 642,694"",""$ 163,595"",""$ 806,288"",Active,""Jul 25, 2023"",""Jun 30, 2027"",2,""$ 1,285,387"",,M,DM,25,Spain,Alaves,True,"
"Óscar Mingueza,,""$ 12,360"",""$ 642,694"",""$ 163,595"",""$ 806,288"",Active,""Jul 30, 2022"",""Jun 30, 2026"",1,""$ 642,694"",,D,RB,26,Spain,Celta Vigo,True,"
"Williot Swedberg,,""$ 12,360"",""$ 642,694"",""$ 163,595"",""$ 806,288"",Active,""Aug 7, 2025"",""Jun 30, 2029"",4,""$ 2,570,774"",,F,LW,22,Sweden,Celta Vigo,True,"
"Héctor Fort,,""$ 11,236"",""$ 584,267"",""$ 140,224"",""$ 724,491"",Loan,""Sep 1, 2025"",""Jun 30, 2026"",1,""$ 584,267"",,D,RB,19,Spain,Elche,True,"
"Pablo Marín,,""$ 11,236"",""$ 584,267"",""$ 140,224"",""$ 724,491"",Active,""Jan 30, 2026"",""Jun 30, 2029"",4,""$ 2,337,067"",,F,AM,22,Spain,Real Sociedad,True,"
"Óscar Trejo,,""$ 11,236"",""$ 584,267"",""$ 140,224"",""$ 724,491"",Active,""Jul 8, 2025"",""Jun 30, 2026"",1,""$ 584,267"",,F,AM,37,Argentina,Rayo Vallecano,True,"
"Pablo Durán,,""$ 11,236"",""$ 584,267"",""$ 151,909"",""$ 736,176"",Active,""Apr 6, 2026"",""Jun 30, 2028"",3,""$ 1,752,801"",,F,CF,24,Spain,Celta Vigo,True,"
"Nacho Vidal,,""$ 11,236"",""$ 584,267"",""$ 140,224"",""$ 724,491"",Active,""Jan 22, 2025"",""Jun 30, 2027"",2,""$ 1,168,534"",,D,RB,31,Spain,Real Oviedo,True,"
"Luka Ilic,,""$ 11,236"",""$ 584,267"",""$ 140,224"",""$ 724,491"",Active,""Jul 18, 2025"",""Jun 30, 2028"",3,""$ 1,752,801"",,F,AM,26,Serbia,Real Oviedo,True,"
"Alan Matturro,,""$ 11,236"",""$ 584,267"",""$ 140,224"",""$ 724,491"",Loan,""Jul 9, 2025"",""Jun 30, 2026"",1,""$ 584,267"",,D,CB,21,Uruguay,Levante,True,"
"Aarón Escandell,,""$ 11,236"",""$ 584,267"",""$ 140,224"",""$ 724,491"",Active,""Oct 1, 2025"",""Jun 30, 2027"",2,""$ 1,168,534"",,K,GK,30,Spain,Real Oviedo,True,"
"Javi López,,""$ 11,236"",""$ 584,267"",""$ 140,224"",""$ 724,491"",Loan,""Aug 31, 2025"",""Jun 30, 2026"",1,""$ 584,267"",,D,LB,23,Spain,Real Oviedo,True,"
"Iván Villar,,""$ 11,236"",""$ 584,267"",""$ 140,224"",""$ 724,491"",Active,""Jan 11, 2024"",""Jun 30, 2027"",2,""$ 1,168,534"",,K,GK,28,Spain,Celta Vigo,True,"
"Iker Losada,,""$ 11,236"",""$ 584,267"",""$ 140,224"",""$ 724,491"",Loan,""Aug 21, 2025"",""Jun 30, 2026"",1,""$ 584,267"",,F,SS,24,Spain,Levante,True,"
"Jon Pacheco,,""$ 11,236"",""$ 584,267"",""$ 140,224"",""$ 724,491"",Loan,""Aug 25, 2025"",""Jun 30, 2026"",1,""$ 584,267"",,D,CB,25,Spain,Alaves,True,"
"Alberto Reina,,""$ 11,236"",""$ 584,267"",""$ 140,224"",""$ 724,491"",Active,""Jul 6, 2025"",""Jun 30, 2027"",2,""$ 1,168,534"",,M,CM,28,Spain,Real Oviedo,True,"
"Pablo Torre,,""$ 11,236"",""$ 584,267"",""$ 140,224"",""$ 724,491"",Active,""Jul 14, 2025"",""Jun 30, 2029"",4,""$ 2,337,067"",,F,AM,22,Spain,Mallorca,True,"
"Marc-André ter Stegen,,""$ 11,236"",""$ 584,267"",""$ 151,909"",""$ 736,176"",Loan,""Jan 20, 2026"",""Jun 30, 2026"",1,""$ 584,267"",,K,GK,33,Germany,Girona,True,"
"Pablo Ibáñez,,""$ 11,236"",""$ 584,267"",""$ 140,224"",""$ 724,491"",Active,""Jul 1, 2025"",""Jun 30, 2030"",5,""$ 2,921,334"",,M,CM,27,Spain,Alaves,True,"
"Roony Bardghji,,""$ 11,236"",""$ 584,267"",""$ 140,224"",""$ 724,491"",Active,""Jul 14, 2025"",""Jun 30, 2029"",4,""$ 2,337,067"",,F,RW,20,Sweden,Barcelona,True,"
"Jofre Carreras,,""$ 11,236"",""$ 584,267"",""$ 140,224"",""$ 724,491"",Active,""Nov 14, 2024"",""Jun 30, 2029"",4,""$ 2,337,067"",,F,RW,24,Spain,Espanyol,True,"
"Karl Etta Eyong,,""$ 11,236"",""$ 584,267"",""$ 140,224"",""$ 724,491"",Active,""Sep 1, 2025"",""Jun 30, 2029"",4,""$ 2,337,067"",""$ 35,056,012"",F,CF,22,Cameroon,Levante,True,"
"Federico Viñas,,""$ 11,236"",""$ 584,267"",""$ 140,224"",""$ 724,491"",Active,""Aug 28, 2024"",""Jun 30, 2026"",1,""$ 584,267"",,F,CF,27,Uruguay,Real Oviedo,True,"
"Largie Ramazani,,""$ 11,236"",""$ 584,267"",""$ 140,224"",""$ 724,491"",Loan,""Aug 28, 2025"",""Jun 30, 2026"",1,""$ 584,267"",,F,LW,24,Belgium,Valencia,True,"
"Eray Cömert,,""$ 11,236"",""$ 584,267"",""$ 140,224"",""$ 724,491"",Active,""Jan 25, 2022"",""Jun 30, 2026"",1,""$ 584,267"",,D,CB,28,Switzerland,Valencia,True,"
"David Costas,,""$ 11,236"",""$ 584,267"",""$ 140,224"",""$ 724,491"",Active,""Jan 15, 2026"",""Jun 30, 2028"",3,""$ 1,752,801"",,D,CB,30,Spain,Real Oviedo,True,"
"Robert Navarro,,""$ 11,236"",""$ 584,267"",""$ 140,224"",""$ 724,491"",Active,""Jul 1, 2025"",""Jun 30, 2030"",5,""$ 2,921,334"",,F,RW,23,Spain,Athletic Club,True,"
"Kervin Arriaga,,""$ 11,236"",""$ 584,267"",""$ 140,224"",""$ 724,491"",Active,""Jul 2, 2025"",""Jun 30, 2028"",3,""$ 1,752,801"",,M,DM,28,Honduras,Levante,True,"
"Abel Bretones,,""$ 11,236"",""$ 584,267"",""$ 140,224"",""$ 724,491"",Active,""Jul 5, 2024"",""Jun 30, 2029"",4,""$ 2,337,067"",,D,LB,25,Spain,Osasuna,True,"
"Leandro Cabrera,,""$ 11,236"",""$ 584,267"",""$ 140,224"",""$ 724,491"",Active,""May 27, 2025"",""Jun 30, 2026"",1,""$ 584,267"",,D,CB,34,Uruguay,Espanyol,True,"
"Álex Sancris,,""$ 11,236"",""$ 584,267"",""$ 140,224"",""$ 724,491"",Active,""Jul 2, 2025"",""Jun 30, 2028"",3,""$ 1,752,801"",,F,RW,29,Spain,Getafe,True,"
"Miguel Rubio,,""$ 11,236"",""$ 584,267"",""$ 140,224"",""$ 724,491"",Active,""Jul 1, 2025"",""Jun 30, 2028"",3,""$ 1,752,801"",,D,CB,27,Spain,Espanyol,True,"
"Pablo Martínez,,""$ 11,236"",""$ 584,267"",""$ 140,224"",""$ 724,491"",Active,""Feb 8, 2023"",""Jun 30, 2026"",1,""$ 584,267"",,M,CM,27,Spain,Levante,True,"
"José Copete,,""$ 11,236"",""$ 584,267"",""$ 140,224"",""$ 724,491"",Active,""Jul 28, 2025"",""Jun 30, 2029"",4,""$ 2,337,067"",,D,CB,26,Spain,Valencia,True,"
"Léo Pétrot,,""$ 11,236"",""$ 584,267"",""$ 140,224"",""$ 724,491"",Active,""Jul 11, 2025"",""Jun 30, 2026"",1,""$ 584,267"",,D,LB,28,France,Elche,True,"
"Dani Calvo,,""$ 11,236"",""$ 584,267"",""$ 140,224"",""$ 724,491"",Active,""Feb 24, 2023"",""Jun 30, 2026"",1,""$ 584,267"",,D,CB,31,Spain,Real Oviedo,True,"
"Jesús Vázquez,,""$ 11,236"",""$ 584,267"",""$ 140,224"",""$ 724,491"",Active,""Jul 18, 2025"",""Jun 30, 2028"",3,""$ 1,752,801"",,D,LB,23,Spain,Valencia,True,"
"Unai Elgezabal,,""$ 11,236"",""$ 584,267"",""$ 140,224"",""$ 724,491"",Active,""Jul 5, 2025"",""Jun 30, 2027"",2,""$ 1,168,534"",,D,CB,32,Spain,Levante,True,"
"Mihailo Ristic,,""$ 11,236"",""$ 584,267"",""$ 151,909"",""$ 736,176"",Active,""Sep 1, 2023"",""Jun 30, 2026"",1,""$ 584,267"",,D,LB,30,Serbia,Celta Vigo,True,"
"Federico Redondo,,""$ 11,236"",""$ 584,267"",""$ 140,224"",""$ 724,491"",Active,""Aug 14, 2025"",""Jun 30, 2030"",5,""$ 2,921,334"",,M,DM,23,Argentina,Elche,True,"
"Iñigo Lekue,,""$ 10,786"",""$ 560,896"",""$ 140,224"",""$ 701,120"",Active,""May 24, 2025"",""Jun 30, 2026"",1,""$ 560,896"",""$ 52,584,018"",D,RB,32,Spain,Athletic Club,True,"
"Carlos Domínguez,,""$ 10,112"",""$ 525,840"",""$ 128,539"",""$ 654,379"",Active,""Aug 10, 2025"",""Jun 30, 2028"",3,""$ 1,577,521"",,D,CB,24,Spain,Celta Vigo,True,"
"Iván Balliu,,""$ 10,112"",""$ 525,840"",""$ 128,539"",""$ 654,379"",Active,""Feb 27, 2025"",""Jun 30, 2027"",2,""$ 1,051,680"",,D,RB,34,Albania,Rayo Vallecano,True,"
"Martim Neto,,""$ 10,112"",""$ 525,840"",""$ 128,539"",""$ 654,379"",Active,""Jul 30, 2025"",""Jun 30, 2028"",3,""$ 1,577,521"",,M,CM,23,Portugal,Elche,True,"
"Martín Satriano,,""$ 10,112"",""$ 525,840"",""$ 128,539"",""$ 654,379"",Loan,""Jan 17, 2026"",""Jun 30, 2026"",1,""$ 525,840"",,F,CF,24,Uruguay,Getafe,True,"
"Gonzalo Villar,,""$ 10,112"",""$ 525,840"",""$ 128,539"",""$ 654,379"",Loan,""Jan 31, 2026"",""Jun 30, 2026"",1,""$ 525,840"",,M,CM,27,Spain,Elche,True,"
"Hugo Álvarez,,""$ 10,112"",""$ 525,840"",""$ 128,539"",""$ 654,379"",Active,""Nov 26, 2024"",""Jun 30, 2028"",3,""$ 1,577,521"",,F,LW,22,Spain,Celta Vigo,True,"
"Omar El Hilali,,""$ 10,112"",""$ 525,840"",""$ 128,539"",""$ 654,379"",Active,""Dec 14, 2023"",""Jun 30, 2027"",2,""$ 1,051,680"",,D,RB,22,Morocco,Espanyol,True,"
"Pedro Bigas,,""$ 10,112"",""$ 525,840"",""$ 128,539"",""$ 654,379"",Active,""Mar 26, 2026"",""Jun 30, 2027"",2,""$ 1,051,680"",,D,CB,35,Spain,Elche,True,"
"Facundo Garcés,,""$ 10,112"",""$ 525,840"",""$ 128,539"",""$ 654,379"",Active,""Jan 1, 2025"",""Jun 30, 2028"",3,""$ 1,577,521"",,D,CB,26,Malaysia,Alaves,True,"
"David Affengruber,,""$ 10,112"",""$ 525,840"",""$ 128,539"",""$ 654,379"",Active,""Aug 28, 2024"",""Jun 30, 2027"",2,""$ 1,051,680"",,D,CB,24,Austria,Elche,True,"
"Ilyas Chaira,,""$ 10,112"",""$ 525,840"",""$ 128,539"",""$ 654,379"",Active,""Jul 11, 2025"",""Jun 30, 2028"",3,""$ 1,577,521"",,F,LW,25,Morocco,Real Oviedo,True,"
"Carlos Romero,,""$ 10,112"",""$ 525,840"",""$ 128,539"",""$ 654,379"",Loan,""Jun 27, 2025"",""Jun 30, 2026"",1,""$ 525,840"",,D,LB,24,Spain,Espanyol,True,"
"Alfonso Espino,,""$ 10,112"",""$ 525,840"",""$ 128,539"",""$ 654,379"",Active,""Jul 17, 2023"",""Jun 30, 2026"",1,""$ 525,840"",,D,LB,34,Uruguay,Rayo Vallecano,True,"
"Mateo Joseph,,""$ 9,663"",""$ 502,470"",""$ 128,539"",""$ 631,008"",Loan,""Aug 9, 2025"",""Jun 30, 2026"",1,""$ 502,470"",,F,CF,22,Spain,Mallorca,True,"
"Unai Núñez,,""$ 9,213"",""$ 479,099"",""$ 116,853"",""$ 595,952"",Loan,""Jan 24, 2026"",""Jun 30, 2026"",1,""$ 479,099"",,D,CB,29,Spain,Valencia,True,"
"José Salinas,,""$ 8,989"",""$ 467,413"",""$ 116,853"",""$ 584,267"",Active,""Jul 1, 2025"",""Jun 30, 2028"",3,""$ 1,402,240"",,D,LB,25,Spain,Espanyol,True,"
"Aitor Fernández,,""$ 8,989"",""$ 467,413"",""$ 116,853"",""$ 584,267"",Active,""Nov 25, 2024"",""Jun 30, 2027"",2,""$ 934,827"",""$ 16,359,472"",K,GK,34,Spain,Osasuna,True,"
"Víctor García,,""$ 8,989"",""$ 467,413"",""$ 116,853"",""$ 584,267"",Active,""Jul 3, 2025"",""Jun 30, 2027"",2,""$ 934,827"",,D,RB,28,Spain,Levante,True,"
"Juan Iglesias,,""$ 8,989"",""$ 467,413"",""$ 116,853"",""$ 584,267"",Active,""Aug 19, 2021"",""Jun 30, 2026"",1,""$ 467,413"",,D,RB,27,Spain,Getafe,True,"
"Obed Vargas,,""$ 8,989"",""$ 467,413"",""$ 116,853"",""$ 584,267"",Active,""Feb 2, 2026"",""Jun 30, 2030"",5,""$ 2,337,067"",,M,CM,20,Mexico,Atletico Madrid,True,"
"Mateu Morey Bauzà,,""$ 8,989"",""$ 467,413"",""$ 116,853"",""$ 584,267"",Active,""Jun 5, 2025"",""Jun 30, 2027"",2,""$ 934,827"",,D,RB,25,Spain,Mallorca,True,"
"Ovie Ejaria,,""$ 8,989"",""$ 467,413"",""$ 116,853"",""$ 584,267"",Active,""Aug 13, 2025"",""Jun 30, 2026"",1,""$ 467,413"",,F,LW,28,England,Real Oviedo,True,"
"Pablo Campos,,""$ 8,989"",""$ 467,413"",""$ 116,853"",""$ 584,267"",Active,""Aug 22, 2025"",""Jun 30, 2027"",2,""$ 934,827"",,K,GK,23,Spain,Levante,True,"
"Alfon González,,""$ 8,989"",""$ 467,413"",""$ 116,853"",""$ 584,267"",Inactive,""Jul 1, 2025"",""Jun 30, 2028"",3,""$ 1,402,240"",,F,LW,26,Spain,Sevilla,False,"
"Haissem Hassan,,""$ 8,989"",""$ 467,413"",""$ 116,853"",""$ 584,267"",Active,""Aug 11, 2024"",""Jun 30, 2027"",2,""$ 934,827"",,F,RW,23,France,Real Oviedo,True,"
"Jorge Herrando,,""$ 8,989"",""$ 467,413"",""$ 116,853"",""$ 584,267"",Active,""Jan 14, 2026"",""Jun 30, 2030"",5,""$ 2,337,067"",,D,CB,24,Spain,Osasuna,True,"
"Carlos Martín,,""$ 8,989"",""$ 467,413"",""$ 116,853"",""$ 584,267"",Loan,""Jan 2, 2026"",""Jun 30, 2026"",1,""$ 467,413"",,F,LW,23,Spain,Rayo Vallecano,True,"
"Kike Barja,,""$ 8,989"",""$ 467,413"",""$ 116,853"",""$ 584,267"",Active,""Dec 13, 2021"",""Jun 30, 2026"",1,""$ 467,413"",,F,RW,28,Spain,Osasuna,True,"
"Alfon González,,""$ 8,989"",""$ 467,413"",""$ 116,853"",""$ 584,267"",Loan,""Jan 27, 2026"",""Jun 30, 2026"",1,""$ 467,413"",,F,LW,26,Spain,Villarreal,True,"
"Jon Karrikaburu,,""$ 8,989"",""$ 467,413"",""$ 116,853"",""$ 584,267"",Active,""May 3, 2021"",""Jun 30, 2027"",2,""$ 934,827"",,F,CF,23,Spain,Real Sociedad,True,"
"Clemens Riedel,,""$ 8,989"",""$ 467,413"",""$ 116,853"",""$ 584,267"",Active,""Aug 25, 2025"",""Jun 30, 2029"",4,""$ 1,869,654"",,D,CB,22,Germany,Espanyol,True,"
"Javi Rodríguez,,""$ 8,989"",""$ 467,413"",""$ 116,853"",""$ 584,267"",Active,""Oct 22, 2024"",""Jun 30, 2028"",3,""$ 1,402,240"",,D,CB,22,Spain,Celta Vigo,True,"
"Javi Rueda,,""$ 8,989"",""$ 467,413"",""$ 116,853"",""$ 584,267"",Active,""Nov 24, 2025"",""Jun 30, 2029"",4,""$ 1,869,654"",,D,RB,23,Spain,Celta Vigo,True,"
"Lucas Ahijado,,""$ 8,989"",""$ 467,413"",""$ 116,853"",""$ 584,267"",Active,""Jul 10, 2025"",""Jun 30, 2026"",1,""$ 467,413"",,D,RB,31,Spain,Real Oviedo,True,"
"Sheraldo Becker,,""$ 8,989"",""$ 467,413"",""$ 116,853"",""$ 584,267"",Inactive,""Sep 1, 2025"",""Jun 30, 2027"",2,""$ 934,827"",,F,LW,30,Suriname,Osasuna,False,"
"Germán Valera,,""$ 8,989"",""$ 467,413"",""$ 116,853"",""$ 584,267"",Active,""Jul 3, 2025"",""Jun 30, 2027"",2,""$ 934,827"",,F,LW,23,Spain,Elche,True,"
"Víctor Muñoz,,""$ 8,989"",""$ 467,413"",""$ 116,853"",""$ 584,267"",Active,""Jul 11, 2025"",""Jun 30, 2030"",5,""$ 2,337,067"",,F,LW,22,Spain,Osasuna,True,"
"Kwasi Sibo,,""$ 8,989"",""$ 467,413"",""$ 116,853"",""$ 584,267"",Active,""Jul 4, 2024"",""Jun 30, 2026"",1,""$ 467,413"",,M,CM,27,Ghana,Real Oviedo,True,"
"Sergio Camello,,""$ 8,989"",""$ 467,413"",""$ 116,853"",""$ 584,267"",Active,""Aug 17, 2023"",""Jun 30, 2027"",2,""$ 934,827"",,F,CF,24,Spain,Rayo Vallecano,True,"
"Ilias Akhomach,,""$ 8,989"",""$ 467,413"",""$ 116,853"",""$ 584,267"",Loan,""Jan 21, 2026"",""Jun 30, 2026"",1,""$ 467,413"",,F,RW,21,Morocco,Rayo Vallecano,True,"
"Víctor Chust,,""$ 8,989"",""$ 467,413"",""$ 116,853"",""$ 584,267"",Loan,""Aug 7, 2025"",""Jun 30, 2026"",1,""$ 467,413"",,D,CB,25,Spain,Elche,True,"
"Maroan Sannadi,,""$ 8,989"",""$ 467,413"",""$ 116,853"",""$ 584,267"",Active,""Feb 1, 2025"",""Jun 30, 2029"",4,""$ 1,869,654"",,F,CF,25,Morocco,Athletic Club,True,"
"Jon Martín,,""$ 8,989"",""$ 467,413"",""$ 116,853"",""$ 584,267"",Active,""Oct 10, 2025"",""Jun 30, 2031"",6,""$ 2,804,481"",,D,CB,19,Spain,Real Sociedad,True,"
"Thiago Borbas,,""$ 8,989"",""$ 467,413"",""$ 116,853"",""$ 584,267"",Loan,""Jan 2, 2026"",""Jun 30, 2026"",1,""$ 467,413"",,F,CF,23,Uruguay,Real Oviedo,True,"
"Álvaro Rodríguez,,""$ 8,989"",""$ 467,413"",""$ 116,853"",""$ 584,267"",Active,""Jul 22, 2025"",""Jun 30, 2029"",4,""$ 1,869,654"",,F,CF,21,Uruguay,Elche,True,"
"Omar Mascarell,,""$ 8,989"",""$ 467,413"",""$ 116,853"",""$ 584,267"",Active,""Jul 1, 2023"",""Jun 30, 2026"",1,""$ 467,413"",,M,DM,33,Equatorial Guinea,Mallorca,True,"
"Matías Moreno,,""$ 8,989"",""$ 467,413"",""$ 116,853"",""$ 584,267"",Loan,""Jul 11, 2025"",""Jun 30, 2026"",1,""$ 467,413"",,D,CB,22,Argentina,Levante,True,"
"Gerard Gumbau,,""$ 8,989"",""$ 467,413"",""$ 116,853"",""$ 584,267"",Active,""Jul 16, 2025"",""Jun 30, 2026"",1,""$ 467,413"",,M,DM,31,Spain,Rayo Vallecano,True,"
"Fer López,,""$ 8,090"",""$ 420,672"",""$ 105,168"",""$ 525,840"",Loan,""Jan 26, 2026"",""Jun 30, 2026"",1,""$ 420,672"",,F,AM,21,Spain,Celta Vigo,True,"
"Abdón Prats,,""$ 7,865"",""$ 408,987"",""$ 105,168"",""$ 514,155"",Active,""Nov 12, 2024"",""Jun 30, 2028"",3,""$ 1,226,960"",,F,CF,33,Spain,Mallorca,True,"
"Carlos Benavidez,,""$ 7,865"",""$ 408,987"",""$ 105,168"",""$ 514,155"",Active,""Jul 1, 2022"",""Jun 30, 2026"",1,""$ 408,987"",,M,DM,27,Uruguay,Alaves,True,"
"Hugo Sotelo,,""$ 7,865"",""$ 408,987"",""$ 105,168"",""$ 514,155"",Active,""Oct 1, 2024"",""Jun 30, 2028"",3,""$ 1,226,960"",,M,CM,22,Spain,Celta Vigo,True,"
"Marc Aguado,,""$ 7,865"",""$ 408,987"",""$ 105,168"",""$ 514,155"",Active,""Feb 3, 2025"",""Jun 30, 2027"",2,""$ 817,974"",,M,DM,25,Spain,Elche,True,"
"Antoniu Roca,,""$ 7,865"",""$ 408,987"",""$ 105,168"",""$ 514,155"",Active,""Aug 19, 2025"",""Jun 30, 2028"",3,""$ 1,226,960"",,F,RW,23,Spain,Espanyol,True,"
"Rubén Sánchez,,""$ 7,865"",""$ 408,987"",""$ 105,168"",""$ 514,155"",Active,""Jul 1, 2022"",""Jun 30, 2027"",2,""$ 817,974"",,D,RB,25,Spain,Espanyol,True,"
"Alejandro Francés,,""$ 7,865"",""$ 408,987"",""$ 105,168"",""$ 514,155"",Active,""Jul 26, 2024"",""Jun 30, 2029"",4,""$ 1,635,947"",,D,CB,23,Spain,Girona,True,"
"Adrián de la Fuente,,""$ 7,865"",""$ 408,987"",""$ 105,168"",""$ 514,155"",Active,""Jul 1, 2023"",""Jun 30, 2026"",1,""$ 408,987"",,D,CB,26,Spain,Levante,True,"
"Diego Pampín,,""$ 7,865"",""$ 408,987"",""$ 105,168"",""$ 514,155"",Active,""Jun 10, 2025"",""Jun 30, 2026"",1,""$ 408,987"",,D,LB,25,Spain,Levante,True,"
"Abde Rebbach,,""$ 7,865"",""$ 408,987"",""$ 105,168"",""$ 514,155"",Active,""Jul 1, 2022"",""Jun 30, 2028"",3,""$ 1,226,960"",,F,LW,27,Algeria,Alaves,True,"
"Iker Muñoz,,""$ 7,865"",""$ 408,987"",""$ 140,224"",""$ 549,211"",Active,""Sep 5, 2023"",""Jun 30, 2027"",2,""$ 817,974"",,M,DM,23,Spain,Osasuna,True,"
"Fran Pérez,,""$ 7,865"",""$ 408,987"",""$ 105,168"",""$ 514,155"",Active,""Aug 15, 2025"",""Jun 30, 2029"",4,""$ 1,635,947"",,F,RW,23,Spain,Rayo Vallecano,True,"
"Álex Forés,,""$ 7,865"",""$ 408,987"",""$ 105,168"",""$ 514,155"",Loan,""Jul 24, 2025"",""Jun 30, 2026"",1,""$ 408,987"",,F,CF,24,Spain,Real Oviedo,True,"
"Alex Freeman,,""$ 7,865"",""$ 408,987"",""$ 105,168"",""$ 514,155"",Active,""Jan 29, 2026"",""Jun 30, 2032"",7,""$ 2,862,908"",,D,RB,21,United States,Villarreal,True,"
"Dani Cárdenas,,""$ 6,742"",""$ 350,560"",""$ 81,797"",""$ 432,357"",Active,""Aug 18, 2023"",""Jun 30, 2027"",2,""$ 701,120"",,K,GK,28,Spain,Rayo Vallecano,True,"
"Allan Nyom,,""$ 6,742"",""$ 350,560"",""$ 93,483"",""$ 444,043"",Active,""Sep 20, 2025"",""Jun 30, 2026"",1,""$ 350,560"",,D,RB,37,Cameroon,Getafe,True,"
"Ramón Terrats,,""$ 6,742"",""$ 350,560"",""$ 81,797"",""$ 432,357"",Loan,""Jul 1, 2025"",""Jun 30, 2026"",1,""$ 350,560"",,M,CM,25,Spain,Espanyol,True,"
"Luca Koleosho,,""$ 6,742"",""$ 350,560"",""$ 93,483"",""$ 444,043"",Inactive,""Aug 21, 2025"",""Jun 30, 2026"",1,""$ 350,560"",,F,RW,21,Italy,Espanyol,False,"
"Matías Dituro,,""$ 6,742"",""$ 350,560"",""$ 81,797"",""$ 432,357"",Active,""Mar 19, 2026"",""Jun 30, 2027"",2,""$ 701,120"",,K,GK,38,Argentina,Elche,True,"
"Lucas Cepeda,,""$ 6,742"",""$ 350,560"",""$ 93,483"",""$ 444,043"",Active,""Jan 26, 2026"",""Jun 30, 2030"",5,""$ 1,752,801"",,F,LW,23,Chile,Elche,True,"
"Alejandro Iturbe,,""$ 6,742"",""$ 350,560"",""$ 81,797"",""$ 432,357"",Active,""Jul 16, 2025"",""Jun 30, 2029"",4,""$ 1,402,240"",,K,GK,22,Spain,Elche,True,"
"Zito Luvumbo,,""$ 6,742"",""$ 350,560"",""$ 93,483"",""$ 444,043"",Loan,""Feb 2, 2026"",""Jun 30, 2026"",1,""$ 350,560"",,F,CF,23,Angola,Mallorca,True,"
"Raúl Fernández,,""$ 6,742"",""$ 350,560"",""$ 81,797"",""$ 432,357"",Active,""Jul 14, 2025"",""Jun 30, 2026"",1,""$ 350,560"",,K,GK,37,Spain,Alaves,True,"
"Pablo García,,""$ 6,742"",""$ 350,560"",""$ 93,483"",""$ 444,043"",Active,""Jan 22, 2025"",""Jun 30, 2029"",4,""$ 1,402,240"",,F,RW,19,Spain,Real Betis,True,"
"Jan Virgili,,""$ 6,742"",""$ 350,560"",""$ 81,797"",""$ 432,357"",Active,""Aug 28, 2025"",""Jun 30, 2030"",5,""$ 1,752,801"",,F,LW,19,Spain,Mallorca,True,"
"Ángel Ortiz,,""$ 6,742"",""$ 350,560"",""$ 81,797"",""$ 432,357"",Active,""Jun 13, 2025"",""Jun 30, 2029"",4,""$ 1,402,240"",,D,RB,21,Spain,Real Betis,True,"
"Pau Navarro,,""$ 6,742"",""$ 350,560"",""$ 81,797"",""$ 432,357"",Active,""Mar 18, 2025"",""Jun 30, 2030"",5,""$ 1,752,801"",,D,RB,20,Spain,Villarreal,True,"
"Pathé Ciss,,""$ 6,742"",""$ 350,560"",""$ 81,797"",""$ 432,357"",Active,""Jul 28, 2021"",""Jun 30, 2027"",2,""$ 701,120"",,M,CM,31,Senegal,Rayo Vallecano,True,"
"Nobel Mendy,,""$ 6,742"",""$ 350,560"",""$ 81,797"",""$ 432,357"",Active,""Aug 20, 2025"",""Jun 30, 2026"",1,""$ 350,560"",,D,CB,21,Senegal,Rayo Vallecano,True,"
"Nicolás Fonseca,,""$ 6,742"",""$ 350,560"",""$ 93,483"",""$ 444,043"",Loan,""Jan 1, 2026"",""Jun 30, 2026"",1,""$ 350,560"",,M,DM,27,Uruguay,Real Oviedo,True,"
"Peque Fernández,,""$ 6,742"",""$ 350,560"",""$ 81,797"",""$ 432,357"",Active,""Jul 11, 2024"",""Jun 30, 2028"",3,""$ 1,051,680"",,F,SS,23,Spain,Sevilla,True,"
"Veljko Birmancevic,,""$ 6,742"",""$ 350,560"",""$ 93,483"",""$ 444,043"",Active,""Feb 2, 2026"",""Jun 30, 2026"",1,""$ 350,560"",,F,LW,27,Serbia,Getafe,True,"
"Cristian Rivero,,""$ 6,742"",""$ 350,560"",""$ 93,483"",""$ 444,043"",Active,""Feb 18, 2026"",""Jun 30, 2027"",2,""$ 701,120"",,K,GK,27,Spain,Valencia,True,"
"Jiri Letacek,,""$ 6,742"",""$ 350,560"",""$ 81,797"",""$ 432,357"",Active,""Jul 13, 2024"",""Jun 30, 2028"",3,""$ 1,051,680"",,K,GK,27,Czech Republic,Getafe,True,"
"Calebe,,""$ 5,618"",""$ 292,133"",""$ 70,112"",""$ 362,245"",Loan,""Jul 22, 2025"",""Jun 30, 2026"",1,""$ 292,133"",,F,AM,25,Brazil,Alaves,True,"
"Sebastián Boselli,,""$ 5,618"",""$ 292,133"",""$ 70,112"",""$ 362,245"",Loan,""Jan 16, 2026"",""Jun 30, 2026"",1,""$ 292,133"",,D,CB,22,Uruguay,Getafe,True,"
"Luis Vázquez,,""$ 5,618"",""$ 292,133"",""$ 70,112"",""$ 362,245"",Loan,""Jan 21, 2026"",""Jun 30, 2026"",1,""$ 292,133"",,F,CF,24,Argentina,Getafe,True,"
"Carlos Álvarez,,""$ 5,618"",""$ 292,133"",""$ 70,112"",""$ 362,245"",Active,""Aug 12, 2023"",""Jun 30, 2027"",2,""$ 584,267"",,F,RW,22,Spain,Levante,True,"
"Unai Marrero,,""$ 5,618"",""$ 292,133"",""$ 70,112"",""$ 362,245"",Active,""Feb 23, 2026"",""Jun 30, 2027"",2,""$ 584,267"",,K,GK,24,Spain,Real Sociedad,True,"
"Abu Kamara,,""$ 5,618"",""$ 292,133"",""$ 70,112"",""$ 362,245"",Loan,""Sep 1, 2025"",""Jun 30, 2026"",1,""$ 292,133"",,F,RW,22,England,Getafe,True,"
"Álex Padilla,,""$ 5,618"",""$ 292,133"",""$ 70,112"",""$ 362,245"",Active,""Jan 3, 2025"",""Jun 30, 2029"",4,""$ 1,168,534"",,K,GK,22,Mexico,Athletic Club,True,"
"Mario Martín,,""$ 5,618"",""$ 292,133"",""$ 70,112"",""$ 362,245"",Loan,""Jul 29, 2025"",""Jun 30, 2026"",1,""$ 292,133"",,M,DM,21,Spain,Getafe,True,"
"Jones El-Abdellaoui,,""$ 5,618"",""$ 292,133"",""$ 70,112"",""$ 362,245"",Active,""Jan 8, 2025"",""Jun 30, 2029"",4,""$ 1,168,534"",,F,RW,20,Morocco,Celta Vigo,True,"
"Abdul Mumin,,""$ 5,618"",""$ 292,133"",""$ 70,112"",""$ 362,245"",Active,""Sep 1, 2022"",""Jun 30, 2026"",1,""$ 292,133"",,D,CB,27,Ghana,Rayo Vallecano,True,"
"Claudio Echeverri,,""$ 5,618"",""$ 292,133"",""$ 70,112"",""$ 362,245"",Loan,""Jan 18, 2026"",""Jun 30, 2026"",1,""$ 292,133"",,F,AM,20,Argentina,Girona,True,"
"John Donald,,""$ 5,618"",""$ 292,133"",""$ 70,112"",""$ 362,245"",Active,""Mar 15, 2024"",""Jun 30, 2028"",3,""$ 876,400"",,D,CB,25,Spain,Elche,True,"
"Hugo Rincón,,""$ 5,618"",""$ 292,133"",""$ 70,112"",""$ 362,245"",Loan,""Jul 29, 2025"",""Jun 30, 2026"",1,""$ 292,133"",,D,RB,23,Spain,Girona,True,"
"Fran González,,""$ 4,494"",""$ 233,707"",""$ 58,427"",""$ 292,133"",Active,""Jul 1, 2024"",""Jun 30, 2026"",1,""$ 233,707"",,K,GK,20,Spain,Real Madrid,True,"
"Victor Parada,,""$ 4,494"",""$ 233,707"",""$ 58,427"",""$ 292,133"",Active,""Aug 9, 2025"",""Jun 30, 2029"",4,""$ 934,827"",,D,LB,23,Spain,Alaves,True,"
"Youssef Enríquez,,""$ 4,494"",""$ 233,707"",""$ 58,427"",""$ 292,133"",Active,""Jul 16, 2025"",""Jun 30, 2029"",4,""$ 934,827"",,D,LB,20,Morocco,Alaves,True,"
"Zaid Romero,,""$ 4,494"",""$ 233,707"",""$ 58,427"",""$ 292,133"",Loan,""Jan 17, 2026"",""Jun 30, 2026"",1,""$ 233,707"",,D,CB,26,Argentina,Getafe,True,"
"Federico Gattoni,,""$ 4,494"",""$ 233,707"",""$ 58,427"",""$ 292,133"",Active,""Jan 31, 2023"",""Jun 30, 2027"",2,""$ 467,413"",,D,CB,26,Argentina,Sevilla,True,"
"Urko Izeta,,""$ 4,494"",""$ 233,707"",""$ 58,427"",""$ 292,133"",Active,""Jul 1, 2024"",""Jun 30, 2027"",2,""$ 467,413"",,F,CF,26,Spain,Athletic Club,True,"
"Pau Cabanes,,""$ 4,494"",""$ 233,707"",""$ 58,427"",""$ 292,133"",Active,""Jan 1, 2025"",""Jun 30, 2028"",3,""$ 701,120"",,F,CF,20,Spain,Villarreal,True,"
"Adama Boiro,,""$ 4,494"",""$ 233,707"",""$ 58,427"",""$ 292,133"",Active,""Jul 1, 2024"",""Jun 30, 2029"",4,""$ 934,827"",,D,LB,23,Spain,Athletic Club,True,"
"Kareem Tunde,,""$ 4,494"",""$ 233,707"",""$ 58,427"",""$ 292,133"",Active,""Mar 1, 2026"",""Jun 30, 2029"",4,""$ 934,827"",,F,RW,20,Spain,Levante,True,"
"Carlos Espí,,""$ 4,494"",""$ 233,707"",""$ 58,427"",""$ 292,133"",Active,""Feb 24, 2026"",""Jun 30, 2028"",3,""$ 701,120"",,F,CF,20,Spain,Levante,True,"
"Coba da Costa,,""$ 4,494"",""$ 233,707"",""$ 58,427"",""$ 292,133"",Inactive,""Jul 17, 2025"",""Jun 30, 2029"",4,""$ 934,827"",,F,LW,23,Guinea-Bissau,Getafe,False,"
"Ismael Bekhoucha,,""$ 4,494"",""$ 233,707"",""$ 58,427"",""$ 292,133"",Active,""Jul 1, 2025"",""Jun 30, 2028"",3,""$ 701,120"",,D,RB,21,Morocco,Getafe,True,"
"Josan,,""$ 4,494"",""$ 233,707"",""$ 58,427"",""$ 292,133"",Active,""Jul 4, 2025"",""Jun 30, 2026"",1,""$ 233,707"",,F,RW,36,Spain,Elche,True,"
"Nikola Maras,,""$ 4,494"",""$ 233,707"",""$ 58,427"",""$ 292,133"",Inactive,""Jul 1, 2023"",""Jun 30, 2027"",2,""$ 467,413"",,D,CB,30,Serbia,Alaves,False,"
"Bambo Diaby,,""$ 4,494"",""$ 233,707"",""$ 58,427"",""$ 292,133"",Inactive,""Aug 22, 2024"",""Jun 30, 2027"",2,""$ 467,413"",,D,CB,28,Spain,Elche,False,"
"Oier Luengo,,""$ 4,494"",""$ 233,707"",""$ 58,427"",""$ 292,133"",Inactive,""Oct 1, 2024"",""Jun 30, 2027"",2,""$ 467,413"",,D,CB,28,Spain,Real Oviedo,False,"
"Joel Roca,,""$ 4,494"",""$ 233,707"",""$ 58,427"",""$ 292,133"",Active,""Jul 3, 2025"",""Jun 30, 2029"",4,""$ 934,827"",,F,LW,20,Spain,Girona,True,"
"Juan Carlos,,""$ 4,045"",""$ 210,336"",""$ 46,741"",""$ 257,077"",Active,""Jun 25, 2025"",""Jun 30, 2026"",1,""$ 210,336"",,K,GK,38,Spain,Girona,True,"
"Tay Abed,,""$ 4,045"",""$ 210,336"",""$ 58,427"",""$ 268,763"",Active,""Jan 21, 2026"",""Jun 30, 2029"",4,""$ 841,344"",,F,RW,21,Israel,Levante,True,"
"Asier Osambela,,""$ 4,045"",""$ 210,336"",""$ 93,483"",""$ 303,819"",Active,""Oct 20, 2025"",""Jun 30, 2029"",4,""$ 841,344"",,M,CM,21,Spain,Osasuna,True,"
"Unai Gómez,,""$ 4,045"",""$ 210,336"",""$ 58,427"",""$ 268,763"",Active,""Oct 20, 2023"",""Jun 30, 2028"",3,""$ 631,008"",,F,AM,22,Spain,Athletic Club,True,"
"Yoel Lago,,""$ 3,371"",""$ 175,280"",""$ 46,741"",""$ 222,021"",Active,""Jul 1, 2025"",""Jun 30, 2029"",4,""$ 701,120"",,D,CB,21,Spain,Celta Vigo,True,"
"Rahim Alhassane,,""$ 3,371"",""$ 175,280"",""$ 46,741"",""$ 222,021"",Active,""Jul 15, 2024"",""Jun 30, 2028"",3,""$ 525,840"",,D,LB,24,Niger,Real Oviedo,True,"
"Brandon Dominguès,,""$ 3,371"",""$ 175,280"",""$ 46,741"",""$ 222,021"",Inactive,""Jul 1, 2025"",""Jun 30, 2028"",3,""$ 525,840"",,F,LW,25,France,Real Oviedo,False,"
"Jozhua Vertrouwd,,""$ 3,371"",""$ 175,280"",""$ 46,741"",""$ 222,021"",Loan,""Aug 12, 2025"",""Jun 30, 2026"",1,""$ 175,280"",,D,CB,21,Netherlands,Rayo Vallecano,True,"
"Iker Benito,,""$ 3,371"",""$ 175,280"",""$ 93,483"",""$ 268,763"",Active,""Jul 1, 2023"",""Jun 30, 2027"",2,""$ 350,560"",,F,RW,23,Spain,Osasuna,True,"
"Lucas Bergström,,""$ 3,371"",""$ 175,280"",""$ 46,741"",""$ 222,021"",Active,""Jul 15, 2025"",""Jun 30, 2027"",2,""$ 350,560"",,K,GK,23,Finland,Mallorca,True,"
"Justin Kalumba,,""$ 3,371"",""$ 175,280"",""$ 46,741"",""$ 222,021"",Active,""Jan 16, 2026"",""Jun 30, 2029"",4,""$ 701,120"",,F,RW,21,France,Mallorca,True,"
"Iván Cuéllar,,""$ 3,371"",""$ 175,280"",""$ 46,741"",""$ 222,021"",Active,""Jul 1, 2025"",""Jun 30, 2026"",1,""$ 175,280"",,K,GK,41,Spain,Mallorca,True,"
"Ugo Raghouber,,""$ 3,371"",""$ 175,280"",""$ 46,741"",""$ 222,021"",Loan,""Jan 14, 2026"",""Jun 30, 2026"",1,""$ 175,280"",,M,DM,22,France,Levante,True,"
"Manu Bueno,,""$ 3,371"",""$ 175,280"",""$ 46,741"",""$ 222,021"",Active,""May 15, 2023"",""Jun 30, 2027"",2,""$ 350,560"",,M,CM,21,Spain,Sevilla,True,"
"Lass Kourouma,,""$ 3,371"",""$ 175,280"",""$ 46,741"",""$ 222,021"",Active,""Jul 3, 2025"",""Jun 30, 2028"",3,""$ 525,840"",,M,CM,21,Guinea,Girona,True,"
"Oso,,""$ 3,371"",""$ 175,280"",""$ 46,741"",""$ 222,021"",Active,""Jul 12, 2022"",""Jun 30, 2027"",2,""$ 350,560"",,D,LB,22,Spain,Sevilla,True,"
"Davinchi,,""$ 3,371"",""$ 175,280"",""$ 46,741"",""$ 222,021"",Active,""Jul 3, 2025"",""Jun 30, 2028"",3,""$ 525,840"",,D,LB,18,Spain,Getafe,True,"
"Adrián Liso,,""$ 3,371"",""$ 175,280"",""$ 46,741"",""$ 222,021"",Loan,""Jul 2, 2025"",""Jun 30, 2026"",1,""$ 175,280"",,F,LW,20,Spain,Getafe,True,"
"Yago Santiago,,""$ 3,371"",""$ 175,280"",""$ 46,741"",""$ 222,021"",Active,""Jul 30, 2024"",""Jun 30, 2027"",2,""$ 350,560"",,F,LW,22,Spain,Elche,True,"
"Buba Sangaré,,""$ 3,371"",""$ 175,280"",""$ 46,741"",""$ 222,021"",Loan,""Feb 2, 2026"",""Jun 30, 2026"",1,""$ 175,280"",,D,RB,18,Spain,Elche,True,"
"Marc Vidal,,""$ 3,371"",""$ 175,280"",""$ 46,741"",""$ 222,021"",Active,""Jul 1, 2025"",""Jun 30, 2028"",3,""$ 525,840"",,K,GK,25,Spain,Celta Vigo,True,"
"Carlos Macià,,""$ 3,371"",""$ 175,280"",""$ 46,741"",""$ 222,021"",Active,""Jul 1, 2025"",""Jun 30, 2029"",4,""$ 701,120"",,M,CM,17,Spain,Villarreal,True,"
"Unai Egiluz,,""$ 3,371"",""$ 175,280"",""$ 46,741"",""$ 222,021"",Active,""Jul 9, 2025"",""Jun 30, 2028"",3,""$ 525,840"",,D,CB,23,Spain,Athletic Club,True,"
"Nico Serrano,,""$ 3,371"",""$ 175,280"",""$ 46,741"",""$ 222,021"",Active,""Jul 1, 2022"",""Jun 30, 2028"",3,""$ 525,840"",,F,LW,22,Spain,Athletic Club,True,"
"Alejandro Rego,,""$ 3,371"",""$ 175,280"",""$ 46,741"",""$ 222,021"",Active,""Jul 1, 2025"",""Jun 30, 2026"",1,""$ 175,280"",,M,CM,22,Spain,Athletic Club,True,"
"Ángel Pérez,,""$ 3,371"",""$ 175,280"",""$ 46,741"",""$ 222,021"",Active,""Jan 28, 2026"",""Jun 30, 2030"",5,""$ 876,400"",,F,RW,23,Spain,Alaves,True,"
"Javi Llabrés,,""$ 2,921"",""$ 151,909"",""$ 35,056"",""$ 186,965"",Active,""Jul 1, 2022"",""Jun 30, 2026"",1,""$ 151,909"",,F,LW,23,Spain,Mallorca,True,"
"Ibrahim Diabate,,""$ 2,809"",""$ 146,067"",""$ 35,056"",""$ 181,123"",Loan,""Feb 2, 2026"",""Jun 30, 2026"",1,""$ 146,067"",,F,CF,26,Cote d'Ivoire,Alaves,True,"
"Ville Koski,,""$ 2,809"",""$ 146,067"",""$ 35,056"",""$ 181,123"",Active,""Jan 31, 2026"",""Jun 30, 2026"",1,""$ 146,067"",,D,CB,24,Finland,Alaves,True,"
"Iñigo Arguibide,,""$ 2,697"",""$ 140,224"",""$ 93,483"",""$ 233,707"",Active,""Jul 1, 2023"",""Jun 30, 2027"",2,""$ 280,448"",,D,RB,20,Spain,Osasuna,True,"
"Vladyslav Krapyvtsov,,""$ 2,697"",""$ 140,224"",""$ 35,056"",""$ 175,280"",Active,""Jan 1, 2025"",""Jun 30, 2029"",4,""$ 560,896"",,K,GK,20,Ukraine,Girona,True,"
"Selton Sánchez,,""$ 2,697"",""$ 140,224"",""$ 35,056"",""$ 175,280"",Active,""Jan 15, 2025"",""Jun 30, 2029"",4,""$ 560,896"",,M,CM,18,Spain,Athletic Club,True,"
"Thiago Fernández,,""$ 2,697"",""$ 140,224"",""$ 35,056"",""$ 175,280"",Loan,""Jan 22, 2026"",""Jun 30, 2026"",1,""$ 140,224"",,F,LW,21,Argentina,Real Oviedo,True,"
"David López,,""$ 2,697"",""$ 140,224"",""$ 35,056"",""$ 175,280"",Active,""Jan 31, 2024"",""Jun 30, 2027"",2,""$ 280,448"",,D,CB,23,Spain,Mallorca,True,"
"Miguel Román,,""$ 2,697"",""$ 140,224"",""$ 35,056"",""$ 175,280"",Active,""Aug 15, 2025"",""Jun 30, 2028"",3,""$ 420,672"",,M,CM,23,Spain,Celta Vigo,True,"
"Andrés Castrín,,""$ 2,697"",""$ 140,224"",""$ 35,056"",""$ 175,280"",Active,""Jan 1, 2026"",""Jun 30, 2027"",2,""$ 280,448"",,D,CB,22,Spain,Sevilla,True,"
"Manu Fernández,,""$ 2,697"",""$ 140,224"",""$ 35,056"",""$ 175,280"",Active,""Jul 1, 2025"",""Jun 30, 2028"",3,""$ 420,672"",,D,CB,24,Spain,Celta Vigo,True,"
"Jan Salas,,""$ 2,247"",""$ 116,853"",""$ 35,056"",""$ 151,909"",Active,""Jul 1, 2025"",""Jun 30, 2028"",3,""$ 350,560"",,M,CM,20,Spain,Mallorca,True,"
"Aitor Mañas,,""$ 2,247"",""$ 116,853"",""$ 35,056"",""$ 151,909"",Active,""Jul 9, 2025"",""Jun 30, 2028"",3,""$ 350,560"",,F,CF,23,Spain,Alaves,True,"
"Paco Cortés,,""$ 2,247"",""$ 116,853"",""$ 35,056"",""$ 151,909"",Active,""Jul 1, 2025"",""Jun 30, 2028"",3,""$ 350,560"",,F,LW,18,Spain,Levante,True,"
"Ángel Fortuño,,""$ 2,247"",""$ 116,853"",""$ 35,056"",""$ 151,909"",Active,""Jul 1, 2024"",""Jun 30, 2027"",2,""$ 233,707"",,K,GK,24,Spain,Espanyol,True,"
"Adam Boayar,,""$ 2,247"",""$ 116,853"",""$ 23,371"",""$ 140,224"",Active,""Jan 1, 2024"",""Jun 30, 2027"",2,""$ 233,707"",,F,SS,20,Morocco,Elche,True,"
"Santi Cazorla,,""$ 2,022"",""$ 105,168"",""$ 23,371"",""$ 128,539"",Active,""Jul 12, 2025"",""Jun 30, 2026"",1,""$ 105,168"",,M,CM,41,Spain,Real Oviedo,True,"
"Samu Becerra,,""$ 2,022"",""$ 105,168"",""$ 23,371"",""$ 128,539"",Active,""Jul 1, 2024"",""Jun 30, 2027"",2,""$ 210,336"",,M,CM,19,Spain,Rayo Vallecano,True,"
"Yáser Asprilla,,,,,,Inactive,""Aug 23, 2024"",""Jun 30, 2030"",5,,,F,RW,22,Colombia,Girona,False,"
"Juan Berrocal,,,,,,Inactive,""Aug 19, 2024"",""Jun 30, 2027"",2,,,D,CB,26,Spain,Getafe,False,"
"Daniel Luna,,,,,,Inactive,""Aug 27, 2025"",""Jun 30, 2028"",3,,,F,AM,22,Colombia,Mallorca,False,"
