"Player,Unnamed: 1_level_1,Net Fixed P/W (USD),Net Fixed P/Y (USD),Net Bonus P/Y (USD),Net Total P/Y (USD),Status,Signed,""Expiration Jun 30, 2026Jun 30, 2027Jun 30, 2028Jun 30, 2029Jun 30, 2030"",Years Remaining 12345,Net Remaining (USD),Release Clause (USD),Pos. DFKM,Pos. AMCBCFCMDMGKLBLMLWRBRMRW,Age,Country,Club,Active,Loan"
"Ousmane Dembélé,,""$ 224,718"",""$ 11,685,337"",""$ 5,842,669"",""$ 17,528,006"",Active,""Aug 12, 2023"",""Jun 30, 2028"",3,""$ 35,056,012"",,F,CF,28,France,PSG,True,"
"Khvicha Kvaratskhelia,,""$ 202,246"",""$ 10,516,804"",""$ 3,505,601"",""$ 14,022,405"",Active,""Jan 17, 2025"",""Jun 30, 2029"",4,""$ 42,067,214"",,F,LW,24,Georgia,PSG,True,"
"Achraf Hakimi,,""$ 168,539"",""$ 8,764,003"",""$ 4,089,868"",""$ 12,853,871"",Active,""Feb 7, 2025"",""Jun 30, 2029"",4,""$ 35,056,012"",,D,RB,27,Morocco,PSG,True,"
"Marquinhos,,""$ 166,291"",""$ 8,647,150"",""$ 3,973,015"",""$ 12,620,164"",Active,""May 19, 2023"",""Jun 30, 2028"",3,""$ 25,941,449"",,D,CB,31,Brazil,PSG,True,"
"Lucas Hernández,,""$ 164,044"",""$ 8,530,296"",""$ 3,739,308"",""$ 12,269,604"",Active,""Jul 9, 2023"",""Jun 30, 2028"",3,""$ 25,590,889"",,D,LB,29,France,PSG,True,"
"Vitinha,,""$ 146,067"",""$ 7,595,469"",""$ 2,921,334"",""$ 10,516,804"",Active,""Feb 7, 2025"",""Jun 30, 2029"",4,""$ 30,381,877"",,M,DM,25,Portugal,PSG,True,"
"Warren Zaïre-Emery,,""$ 141,572"",""$ 7,361,762"",""$ 1,986,507"",""$ 9,348,270"",Active,""Apr 27, 2024"",""Jun 30, 2029"",4,""$ 29,447,050"",,M,CM,19,France,PSG,True,"
"Nuno Mendes,,""$ 134,831"",""$ 7,011,202"",""$ 2,921,334"",""$ 9,932,537"",Active,""Feb 7, 2025"",""Jun 30, 2029"",4,""$ 28,044,810"",,D,LB,23,Portugal,PSG,True,"
"Willian Pacho,,""$ 112,359"",""$ 5,842,669"",""$ 1,460,667"",""$ 7,303,336"",Active,""Aug 9, 2024"",""Jun 30, 2029"",4,""$ 23,370,675"",,D,CB,24,Ecuador,PSG,True,"
"João Neves,,""$ 112,359"",""$ 5,842,669"",""$ 1,168,534"",""$ 7,011,202"",Active,""Aug 5, 2024"",""Jun 30, 2029"",4,""$ 23,370,675"",,M,CM,21,Portugal,PSG,True,"
"Benjamin Pavard,,""$ 89,887"",""$ 4,674,135"",""$ 1,168,534"",""$ 5,842,669"",Loan,""Sep 1, 2025"",""Jun 30, 2026"",1,""$ 4,674,135"",,D,CB,29,France,Marseille,True,"
"Bradley Barcola,,""$ 89,887"",""$ 4,674,135"",""$ 1,752,801"",""$ 6,426,936"",Active,""Aug 31, 2023"",""Jun 30, 2028"",3,""$ 14,022,405"",,F,LW,23,France,PSG,True,"
"Désiré Doué,,""$ 85,393"",""$ 4,440,428"",""$ 1,752,801"",""$ 6,193,229"",Active,""Aug 17, 2024"",""Jun 30, 2029"",4,""$ 17,761,713"",,F,RW,20,France,PSG,True,"
"Gonçalo Ramos,,""$ 78,651"",""$ 4,089,868"",""$ 1,402,240"",""$ 5,492,109"",Active,""Jan 1, 2024"",""Jun 30, 2028"",3,""$ 12,269,604"",,F,CF,24,Portugal,PSG,True,"
"Lucas Chevalier,,""$ 78,651"",""$ 4,089,868"",""$ 1,752,801"",""$ 5,842,669"",Active,""Aug 9, 2025"",""Jun 30, 2030"",5,""$ 20,449,340"",,K,GK,24,France,PSG,True,"
"Fabián Ruiz,,""$ 78,651"",""$ 4,089,868"",""$ 1,752,801"",""$ 5,842,669"",Active,""Aug 30, 2022"",""Jun 30, 2027"",2,""$ 8,179,736"",,M,CM,29,Spain,PSG,True,"
"Corentin Tolisso,,""$ 78,651"",""$ 4,089,868"",""$ 1,022,467"",""$ 5,112,335"",Active,""Jul 1, 2022"",""Jun 30, 2027"",2,""$ 8,179,736"",,M,CM,31,France,Lyon,True,"
"Pierre-Emile Højbjerg,,""$ 78,651"",""$ 4,089,868"",""$ 1,022,467"",""$ 5,112,335"",Active,""Jul 1, 2025"",""Jun 30, 2028"",3,""$ 12,269,604"",,M,DM,30,Denmark,Marseille,True,"
"Tanguy Ndombélé,,""$ 67,415"",""$ 3,505,601"",""$ 876,400"",""$ 4,382,001"",Active,""Jul 4, 2024"",""Jun 30, 2026"",1,""$ 3,505,601"",,M,CM,29,France,Nice,True,"
"Mason Greenwood,,""$ 67,415"",""$ 3,505,601"",""$ 876,400"",""$ 4,382,001"",Active,""Jul 18, 2024"",""Jun 30, 2029"",4,""$ 14,022,405"",,F,RW,24,England,Marseille,True,"
"Geoffrey Kondogbia,,""$ 67,415"",""$ 3,505,601"",""$ 876,400"",""$ 4,382,001"",Active,""Jul 1, 2023"",""Jun 30, 2027"",2,""$ 7,011,202"",,M,DM,32,Central African Republic,Marseille,True,"
"Ilya Zabarnyi,,""$ 67,415"",""$ 3,505,601"",""$ 1,752,801"",""$ 5,258,402"",Active,""Aug 12, 2025"",""Jun 30, 2030"",5,""$ 17,528,006"",,D,CB,23,Ukraine,PSG,True,"
"Moussa Niakhaté,,""$ 67,415"",""$ 3,505,601"",""$ 876,400"",""$ 4,382,001"",Active,""Jul 4, 2024"",""Jun 30, 2028"",3,""$ 10,516,804"",,D,CB,29,Senegal,Lyon,True,"
"Igor Paixão,,""$ 62,921"",""$ 3,271,894"",""$ 817,974"",""$ 4,089,868"",Active,""Aug 1, 2025"",""Jun 30, 2030"",5,""$ 16,359,472"",,F,LW,25,Brazil,Marseille,True,"
"Brice Samba,,""$ 62,921"",""$ 3,271,894"",""$ 817,974"",""$ 4,089,868"",Active,""Jan 8, 2025"",""Jun 30, 2029"",4,""$ 13,087,578"",,K,GK,31,France,Rennes,True,"
"Breel Embolo,,""$ 62,921"",""$ 3,271,894"",""$ 817,974"",""$ 4,089,868"",Active,""Sep 1, 2025"",""Jun 30, 2029"",4,""$ 13,087,578"",,F,CF,28,Switzerland,Rennes,True,"
"Morgan Sanson,,""$ 62,921"",""$ 3,271,894"",""$ 817,974"",""$ 4,089,868"",Active,""Jul 1, 2024"",""Jun 30, 2027"",2,""$ 6,543,789"",,M,CM,31,France,Nice,True,"
"Orel Mangala,,""$ 60,674"",""$ 3,155,041"",""$ 788,760"",""$ 3,943,801"",Active,""Jul 2, 2024"",""Jun 30, 2028"",3,""$ 9,465,123"",,M,DM,27,Belgium,Lyon,True,"
"Nayef Aguerd,,""$ 60,674"",""$ 3,155,041"",""$ 788,760"",""$ 3,943,801"",Active,""Sep 1, 2025"",""Jun 30, 2030"",5,""$ 15,775,205"",,D,CB,29,Morocco,Marseille,True,"
"Denis Zakaria,,""$ 89,887"",""$ 4,674,135"",""$ 1,168,534"",""$ 5,842,669"",Active,""Aug 14, 2023"",""Jun 30, 2028"",3,""$ 14,022,405"",,M,DM,29,Switzerland,Monaco,True,"
"Ludovic Blas,,""$ 56,180"",""$ 2,921,334"",""$ 730,334"",""$ 3,651,668"",Active,""Jul 5, 2023"",""Jun 30, 2027"",2,""$ 5,842,669"",,M,RM,28,France,Rennes,True,"
"Amine Gouiri,,""$ 56,180"",""$ 2,921,334"",""$ 730,334"",""$ 3,651,668"",Active,""Jan 31, 2025"",""Jun 30, 2029"",4,""$ 11,685,337"",,F,CF,25,Algeria,Marseille,True,"
"Pierre-Emerick Aubameyang,,""$ 56,180"",""$ 2,921,334"",""$ 730,334"",""$ 3,651,668"",Active,""Jul 31, 2025"",""Jun 30, 2027"",2,""$ 5,842,669"",,F,CF,36,Gabon,Marseille,True,"
"Quinten Timber,,""$ 56,180"",""$ 2,921,334"",""$ 730,334"",""$ 3,651,668"",Active,""Jan 23, 2026"",""Jun 30, 2030"",5,""$ 14,606,672"",,M,CM,24,Netherlands,Marseille,True,"
"Timothy Weah,,""$ 56,180"",""$ 2,921,334"",""$ 730,334"",""$ 3,651,668"",Loan,""Aug 6, 2025"",""Jun 30, 2026"",1,""$ 2,921,334"",,F,RW,25,United States,Marseille,True,"
"Jonathan Clauss,,""$ 56,180"",""$ 2,921,334"",""$ 730,334"",""$ 3,651,668"",Active,""Jan 8, 2026"",""Jun 30, 2028"",3,""$ 8,764,003"",,D,RB,33,France,Nice,True,"
"Dante,,""$ 56,180"",""$ 2,921,334"",""$ 730,334"",""$ 3,651,668"",Active,""Feb 13, 2025"",""Jun 30, 2026"",1,""$ 2,921,334"",,D,CB,42,Brazil,Nice,True,"
"Sebastian Szymanski,,""$ 56,180"",""$ 2,921,334"",""$ 730,334"",""$ 3,651,668"",Active,""Jan 22, 2026"",""Jun 30, 2029"",4,""$ 11,685,337"",,F,AM,26,Poland,Rennes,True,"
"Kang-in Lee,,""$ 56,180"",""$ 2,921,334"",""$ 1,168,534"",""$ 4,089,868"",Active,""Jul 8, 2023"",""Jun 30, 2028"",3,""$ 8,764,003"",,F,AM,24,South Korea,PSG,True,"
"Benjamin André,,""$ 56,180"",""$ 2,921,334"",""$ 730,334"",""$ 3,651,668"",Active,""Jul 26, 2025"",""Jun 30, 2028"",3,""$ 8,764,003"",,M,DM,35,France,Lille,True,"
"André Gomes,,""$ 56,180"",""$ 2,921,334"",""$ 730,334"",""$ 3,651,668"",Active,""Sep 6, 2024"",""Jun 30, 2026"",1,""$ 2,921,334"",,M,CM,32,Portugal,Lille,True,"
"Thomas Meunier,,""$ 56,180"",""$ 2,921,334"",""$ 730,334"",""$ 3,651,668"",Active,""Jul 19, 2024"",""Jun 30, 2026"",1,""$ 2,921,334"",,D,RB,34,Belgium,Lille,True,"
"Aleksandr Golovin,,""$ 85,393"",""$ 4,440,428"",""$ 1,110,107"",""$ 5,550,535"",Active,""Oct 4, 2024"",""Jun 30, 2029"",4,""$ 17,761,713"",,F,AM,29,Russia,Monaco,True,"
"Takumi Minamino,,""$ 85,393"",""$ 4,440,428"",""$ 1,110,107"",""$ 5,550,535"",Active,""Mar 4, 2025"",""Jun 30, 2027"",2,""$ 8,880,856"",,F,LW,31,Japan,Monaco,True,"
"Leonardo Balerdi,,""$ 53,932"",""$ 2,804,481"",""$ 701,120"",""$ 3,505,601"",Active,""Aug 16, 2024"",""Jun 30, 2028"",3,""$ 8,413,443"",,D,CB,27,Argentina,Marseille,True,"
"Sofiane Diop,,""$ 53,932"",""$ 2,804,481"",""$ 701,120"",""$ 3,505,601"",Active,""Aug 29, 2022"",""Jun 30, 2027"",2,""$ 5,608,962"",,F,LW,25,Morocco,Nice,True,"
"Lucas Beraldo,,""$ 51,685"",""$ 2,687,628"",""$ 1,051,680"",""$ 3,739,308"",Active,""Jan 1, 2024"",""Jun 30, 2028"",3,""$ 8,062,883"",,D,CB,22,Brazil,PSG,True,"
"Facundo Medina,,""$ 51,685"",""$ 2,687,628"",""$ 671,907"",""$ 3,359,534"",Loan,""Jul 2, 2025"",""Jun 30, 2026"",1,""$ 2,687,628"",,D,CB,26,Argentina,Marseille,True,"
"Valentin Rongier,,""$ 49,438"",""$ 2,570,774"",""$ 642,694"",""$ 3,213,468"",Active,""Jul 21, 2025"",""Jun 30, 2028"",3,""$ 7,712,323"",,M,CM,31,France,Rennes,True,"
"Hamed Junior Traorè,,""$ 49,438"",""$ 2,570,774"",""$ 642,694"",""$ 3,213,468"",Loan,""Aug 29, 2025"",""Jun 30, 2026"",1,""$ 2,570,774"",,F,LW,25,Cote d'Ivoire,Marseille,True,"
"Eric Dier,,""$ 76,404"",""$ 3,973,015"",""$ 993,254"",""$ 4,966,268"",Active,""Jul 1, 2025"",""Jun 30, 2028"",3,""$ 11,919,044"",,D,CB,32,England,Monaco,True,"
"Ernest Nuamah,,""$ 47,191"",""$ 2,453,921"",""$ 613,480"",""$ 3,067,401"",Active,""Jul 7, 2024"",""Jun 30, 2028"",3,""$ 7,361,762"",,F,RW,22,Ghana,Lyon,True,"
"Thilo Kehrer,,""$ 71,910"",""$ 3,739,308"",""$ 934,827"",""$ 4,674,135"",Active,""Jul 1, 2024"",""Jun 30, 2028"",3,""$ 11,217,924"",,D,CB,29,Germany,Monaco,True,"
"Glen Kamara,,""$ 44,944"",""$ 2,337,067"",""$ 584,267"",""$ 2,921,334"",Active,""Jul 16, 2024"",""Jun 30, 2028"",3,""$ 7,011,202"",,M,CM,30,Finland,Rennes,True,"
"Ainsley Maitland-Niles,,""$ 44,944"",""$ 2,337,067"",""$ 584,267"",""$ 2,921,334"",Active,""Aug 7, 2023"",""Jun 30, 2027"",2,""$ 4,674,135"",,D,RB,28,England,Lyon,True,"
"Emerson,,""$ 44,944"",""$ 2,337,067"",""$ 584,267"",""$ 2,921,334"",Active,""Sep 1, 2025"",""Jun 30, 2027"",2,""$ 4,674,135"",,D,LB,31,Italy,Marseille,True,"
"Ciro Immobile,,""$ 44,944"",""$ 2,337,067"",""$ 584,267"",""$ 2,921,334"",Active,""Feb 1, 2026"",""Jun 30, 2027"",2,""$ 4,674,135"",,F,CF,35,Italy,Paris FC,True,"
"Anthony Lopes,,""$ 44,944"",""$ 2,337,067"",""$ 584,267"",""$ 2,921,334"",Active,""Jan 1, 2025"",""Jun 30, 2026"",1,""$ 2,337,067"",,K,GK,35,Portugal,Nantes,True,"
"Matvey Safonov,,""$ 44,944"",""$ 2,337,067"",""$ 934,827"",""$ 3,271,894"",Active,""Jul 1, 2024"",""Jun 30, 2029"",4,""$ 9,348,270"",,K,GK,26,Russia,PSG,True,"
"Ben Chilwell,,""$ 44,944"",""$ 2,337,067"",""$ 584,267"",""$ 2,921,334"",Active,""Sep 1, 2025"",""Jun 30, 2027"",2,""$ 4,674,135"",,D,LB,29,England,Strasbourg,True,"
"Florian Thauvin,,""$ 40,449"",""$ 2,103,361"",""$ 525,840"",""$ 2,629,201"",Active,""Aug 8, 2025"",""Jun 30, 2028"",3,""$ 6,310,082"",,F,RW,33,France,Lens,True,"
"Nicolás Tagliafico,,""$ 40,449"",""$ 2,103,361"",""$ 525,840"",""$ 2,629,201"",Active,""Aug 1, 2025"",""Jun 30, 2027"",2,""$ 4,206,721"",,D,LB,33,Argentina,Lyon,True,"
"Melvin Bard,,""$ 40,449"",""$ 2,103,361"",""$ 525,840"",""$ 2,629,201"",Active,""Sep 2, 2024"",""Jun 30, 2028"",3,""$ 6,310,082"",,D,LB,25,France,Nice,True,"
"Francis Coquelin,,""$ 40,449"",""$ 2,103,361"",""$ 525,840"",""$ 2,629,201"",Active,""May 28, 2025"",""Jun 30, 2026"",1,""$ 2,103,361"",,M,DM,34,France,Nantes,True,"
"Folarin Balogun,,""$ 62,921"",""$ 3,271,894"",""$ 817,974"",""$ 4,089,868"",Active,""Aug 30, 2023"",""Jun 30, 2028"",3,""$ 9,815,683"",,F,CF,24,United States,Monaco,True,"
"Mohammed Salisu,,""$ 62,921"",""$ 3,271,894"",""$ 817,974"",""$ 4,089,868"",Active,""Aug 1, 2023"",""Jun 30, 2028"",3,""$ 9,815,683"",,D,CB,26,Ghana,Monaco,True,"
"Maghnes Akliouche,,""$ 62,921"",""$ 3,271,894"",""$ 817,974"",""$ 4,089,868"",Active,""Jul 25, 2024"",""Jun 30, 2028"",3,""$ 9,815,683"",,F,RW,23,France,Monaco,True,"
"Vanderson,,""$ 62,921"",""$ 3,271,894"",""$ 817,974"",""$ 4,089,868"",Active,""Feb 2, 2024"",""Jun 30, 2028"",3,""$ 9,815,683"",,D,RB,24,Brazil,Monaco,True,"
"Charles Vanhoutte,,""$ 38,202"",""$ 1,986,507"",""$ 496,627"",""$ 2,483,134"",Active,""Sep 1, 2025"",""Jun 30, 2029"",4,""$ 7,946,029"",,M,DM,27,Belgium,Nice,True,"
"Przemyslaw Frankowski,,""$ 38,202"",""$ 1,986,507"",""$ 496,627"",""$ 2,483,134"",Loan,""Aug 5, 2025"",""Jun 30, 2026"",1,""$ 1,986,507"",,M,RM,30,Poland,Rennes,True,"
"Odsonne Édouard,,""$ 38,202"",""$ 1,986,507"",""$ 496,627"",""$ 2,483,134"",Active,""Sep 1, 2025"",""Jun 30, 2028"",3,""$ 5,959,522"",,F,CF,28,France,Lens,True,"
"Caio Henrique,,""$ 58,427"",""$ 3,038,188"",""$ 759,547"",""$ 3,797,735"",Active,""Aug 12, 2022"",""Jun 30, 2027"",2,""$ 6,076,375"",,D,LB,28,Brazil,Monaco,True,"
"Krépin Diatta,,""$ 58,427"",""$ 3,038,188"",""$ 759,547"",""$ 3,797,735"",Active,""Jan 21, 2021"",""Jun 30, 2026"",1,""$ 3,038,188"",,F,RW,26,Senegal,Monaco,True,"
"Tanner Tessmann,,""$ 35,955"",""$ 1,869,654"",""$ 467,413"",""$ 2,337,067"",Active,""Aug 27, 2024"",""Jun 30, 2029"",4,""$ 7,478,616"",,M,DM,24,United States,Lyon,True,"
"Michael Murillo,,""$ 35,955"",""$ 1,869,654"",""$ 467,413"",""$ 2,337,067"",Active,""Mar 7, 2025"",""Jun 30, 2028"",3,""$ 5,608,962"",,D,RB,29,Panama,Marseille,True,"
"Amadou Haidara,,""$ 35,955"",""$ 1,869,654"",""$ 817,974"",""$ 2,687,628"",Active,""Jan 1, 2026"",""Jun 30, 2029"",4,""$ 7,478,616"",,M,CM,28,Mali,Lens,True,"
"Adrien Thomasson,,""$ 35,955"",""$ 1,869,654"",""$ 467,413"",""$ 2,337,067"",Active,""Jan 12, 2023"",""Jun 30, 2026"",1,""$ 1,869,654"",,M,CM,32,France,Lens,True,"
"Yehvann Diouf,,""$ 35,955"",""$ 1,869,654"",""$ 467,413"",""$ 2,337,067"",Active,""Jul 3, 2025"",""Jun 30, 2030"",5,""$ 9,348,270"",,K,GK,26,Senegal,Nice,True,"
"Mahdi Camara,,""$ 35,955"",""$ 1,869,654"",""$ 467,413"",""$ 2,337,067"",Active,""Aug 13, 2025"",""Jun 30, 2029"",4,""$ 7,478,616"",,M,CM,27,France,Rennes,True,"
"Mika Biereth,,""$ 56,180"",""$ 2,921,334"",""$ 730,334"",""$ 3,651,668"",Active,""Jul 17, 2025"",""Jun 30, 2030"",5,""$ 14,606,672"",,F,CF,22,Denmark,Monaco,True,"
"Olivier Giroud,,""$ 33,708"",""$ 1,752,801"",""$ 438,200"",""$ 2,191,001"",Active,""Jul 1, 2025"",""Jun 30, 2026"",1,""$ 1,752,801"",,F,CF,39,France,Lille,True,"
"Arthur Vermeeren,,""$ 33,708"",""$ 1,752,801"",""$ 438,200"",""$ 2,191,001"",Loan,""Aug 31, 2025"",""Jun 30, 2026"",1,""$ 1,752,801"",,M,DM,20,Belgium,Marseille,True,"
"Jonathan Gradit,,""$ 33,708"",""$ 1,752,801"",""$ 438,200"",""$ 2,191,001"",Active,""Apr 9, 2025"",""Jun 30, 2028"",3,""$ 5,258,402"",,D,CB,33,France,Lens,True,"
"Seko Fofana,,""$ 33,708"",""$ 1,752,801"",""$ 438,200"",""$ 2,191,001"",Inactive,""Jan 1, 2025"",""Jun 30, 2029"",4,""$ 7,011,202"",,M,CM,30,Cote d'Ivoire,Rennes,False,"
"Chancel Mbemba,,""$ 33,708"",""$ 1,752,801"",""$ 438,200"",""$ 2,191,001"",Active,""Sep 1, 2025"",""Jun 30, 2026"",1,""$ 1,752,801"",,D,CB,31,Democratic Republic of the Congo,Lille,True,"
"Youssouf Ndayishimiye,,""$ 33,708"",""$ 1,752,801"",""$ 438,200"",""$ 2,191,001"",Active,""Jan 25, 2023"",""Jun 30, 2027"",2,""$ 3,505,601"",,D,CB,27,Burundi,Nice,True,"
"Gerónimo Rulli,,""$ 33,708"",""$ 1,752,801"",""$ 438,200"",""$ 2,191,001"",Active,""Aug 11, 2024"",""Jun 30, 2027"",2,""$ 3,505,601"",,K,GK,33,Argentina,Marseille,True,"
"Pavel Sulc,,""$ 33,708"",""$ 1,752,801"",""$ 438,200"",""$ 2,191,001"",Active,""Aug 4, 2025"",""Jun 30, 2029"",4,""$ 7,011,202"",,F,AM,25,Czech Republic,Lyon,True,"
"Malick Fofana,,""$ 33,708"",""$ 1,752,801"",""$ 438,200"",""$ 2,191,001"",Active,""Jan 10, 2024"",""Jun 30, 2028"",3,""$ 5,258,402"",,F,LW,20,Belgium,Lyon,True,"
"Estéban Lepaul,,""$ 33,708"",""$ 1,752,801"",""$ 438,200"",""$ 2,191,001"",Active,""Aug 28, 2025"",""Jun 30, 2029"",4,""$ 7,011,202"",,F,CF,25,France,Rennes,True,"
"Lilian Brassier,,""$ 33,708"",""$ 1,752,801"",""$ 438,200"",""$ 2,191,001"",Active,""Jul 1, 2025"",""Jun 30, 2029"",4,""$ 7,011,202"",,D,CB,26,France,Rennes,True,"
"Kevin Trapp,,""$ 33,708"",""$ 1,752,801"",""$ 438,200"",""$ 2,191,001"",Active,""Aug 19, 2025"",""Jun 30, 2028"",3,""$ 5,258,402"",,K,GK,35,Germany,Paris FC,True,"
"Brendan Chardonnet,,""$ 33,708"",""$ 1,752,801"",""$ 438,200"",""$ 2,191,001"",Active,""Nov 7, 2024"",""Jun 30, 2027"",2,""$ 3,505,601"",,D,CB,31,France,Brest,True,"
"Moses Simon,,""$ 33,708"",""$ 1,752,801"",""$ 438,200"",""$ 2,191,001"",Active,""Jul 1, 2025"",""Jun 30, 2028"",3,""$ 5,258,402"",,F,LW,30,Nigeria,Paris FC,True,"
"Romain Del Castillo,,""$ 33,708"",""$ 1,752,801"",""$ 438,200"",""$ 2,191,001"",Active,""Nov 17, 2023"",""Jun 30, 2027"",2,""$ 3,505,601"",,F,RW,29,France,Brest,True,"
"Quentin Merlin,,""$ 33,708"",""$ 1,752,801"",""$ 438,200"",""$ 2,191,001"",Active,""Jul 22, 2025"",""Jun 30, 2029"",4,""$ 7,011,202"",,M,LM,23,France,Rennes,True,"
"Mostafa Mohamed,,""$ 33,708"",""$ 1,752,801"",""$ 438,200"",""$ 2,191,001"",Active,""Jul 1, 2023"",""Jun 30, 2027"",2,""$ 3,505,601"",,F,CF,28,Egypt,Nantes,True,"
"Ansu Fati,,""$ 51,685"",""$ 2,687,628"",""$ 671,907"",""$ 3,359,534"",Loan,""Jul 1, 2025"",""Jun 30, 2026"",1,""$ 2,687,628"",,F,LW,23,Spain,Monaco,True,"
"Ludovic Ajorque,,""$ 31,461"",""$ 1,635,947"",""$ 408,987"",""$ 2,044,934"",Active,""Jul 1, 2025"",""Jun 30, 2027"",2,""$ 3,271,894"",,F,CF,31,France,Brest,True,"
"Abner,,""$ 31,461"",""$ 1,635,947"",""$ 408,987"",""$ 2,044,934"",Active,""Jul 5, 2024"",""Jun 30, 2029"",4,""$ 6,543,789"",,D,LB,25,Brazil,Lyon,True,"
"Ethan Nwaneri,,""$ 30,337"",""$ 1,577,521"",""$ 394,380"",""$ 1,971,901"",Loan,""Jan 23, 2026"",""Jun 30, 2026"",1,""$ 1,577,521"",,F,AM,18,England,Marseille,True,"
"Paul Pogba,,""$ 47,191"",""$ 2,453,921"",""$ 613,480"",""$ 3,067,401"",Active,""Jul 1, 2025"",""Jun 30, 2027"",2,""$ 4,907,842"",,M,CM,32,France,Monaco,True,"
"Romain Perraud,,""$ 29,213"",""$ 1,519,094"",""$ 379,773"",""$ 1,898,867"",Active,""Aug 8, 2025"",""Jun 30, 2028"",3,""$ 4,557,282"",,D,LB,28,France,Lille,True,"
"Mama Baldé,,""$ 29,213"",""$ 1,519,094"",""$ 379,773"",""$ 1,898,867"",Active,""Aug 30, 2024"",""Jun 30, 2027"",2,""$ 3,038,188"",,F,CF,30,Guinea-Bissau,Brest,True,"
"Pierre Lees-Melou,,""$ 29,213"",""$ 1,519,094"",""$ 379,773"",""$ 1,898,867"",Active,""Aug 28, 2025"",""Jun 30, 2027"",2,""$ 3,038,188"",,M,DM,32,France,Paris FC,True,"
"Gaëtan Perrin,,""$ 29,213"",""$ 1,519,094"",""$ 379,773"",""$ 1,898,867"",Active,""Feb 2, 2026"",""Jun 30, 2028"",3,""$ 4,557,282"",,F,RW,29,France,Lille,True,"
"Ruben Aguilar,,""$ 29,213"",""$ 1,519,094"",""$ 379,773"",""$ 1,898,867"",Active,""May 16, 2025"",""Jun 30, 2028"",3,""$ 4,557,282"",,D,RB,32,France,Lens,True,"
"Gauthier Hein,,""$ 26,966"",""$ 1,402,240"",""$ 350,560"",""$ 1,752,801"",Active,""Aug 15, 2024"",""Jun 30, 2028"",3,""$ 4,206,721"",,F,RW,29,France,Metz,True,"
"Clinton Mata,,""$ 26,966"",""$ 1,402,240"",""$ 350,560"",""$ 1,752,801"",Active,""Aug 13, 2025"",""Jun 30, 2028"",3,""$ 4,206,721"",,D,CB,33,Angola,Lyon,True,"
"Djibril Sidibé,,""$ 26,966"",""$ 1,402,240"",""$ 350,560"",""$ 1,752,801"",Active,""Aug 2, 2024"",""Jun 30, 2026"",1,""$ 1,402,240"",,D,RB,33,France,Toulouse,True,"
"Julio Enciso,,""$ 26,966"",""$ 1,402,240"",""$ 350,560"",""$ 1,752,801"",Active,""Sep 1, 2025"",""Jun 30, 2029"",4,""$ 5,608,962"",,F,AM,22,Paraguay,Strasbourg,True,"
"Haris Belkebla,,""$ 26,966"",""$ 1,402,240"",""$ 350,560"",""$ 1,752,801"",Active,""Aug 17, 2024"",""Jun 30, 2026"",1,""$ 1,402,240"",,M,CM,32,Algeria,Angers,True,"
"Jordan Lefort,,""$ 26,966"",""$ 1,402,240"",""$ 350,560"",""$ 1,752,801"",Active,""Dec 20, 2025"",""Jun 30, 2029"",4,""$ 5,608,962"",,D,CB,32,France,Angers,True,"
"Mousa Al-Tamari,,""$ 26,966"",""$ 1,402,240"",""$ 350,560"",""$ 1,752,801"",Active,""Feb 3, 2025"",""Jun 30, 2028"",3,""$ 4,206,721"",,M,LM,28,Jordan,Rennes,True,"
"Senny Mayulu,,""$ 26,966"",""$ 1,402,240"",""$ 350,560"",""$ 1,752,801"",Active,""May 20, 2024"",""Jun 30, 2027"",2,""$ 2,804,481"",,M,CM,19,France,PSG,True,"
"Otávio,,""$ 26,966"",""$ 1,402,240"",""$ 350,560"",""$ 1,752,801"",Active,""Jul 23, 2025"",""Jun 30, 2030"",5,""$ 7,011,202"",,D,CB,23,Brazil,Paris FC,True,"
"Radoslaw Majecki,,""$ 26,966"",""$ 1,402,240"",""$ 350,560"",""$ 1,752,801"",Loan,""Aug 9, 2025"",""Jun 30, 2026"",1,""$ 1,402,240"",,K,GK,26,Poland,Brest,True,"
"Ali Abdi,,""$ 26,966"",""$ 1,402,240"",""$ 350,560"",""$ 1,752,801"",Active,""Feb 20, 2025"",""Jun 30, 2027"",2,""$ 2,804,481"",,D,LB,32,Tunisia,Nice,True,"
"Nicolas Cozza,,""$ 26,966"",""$ 1,402,240"",""$ 350,560"",""$ 1,752,801"",Loan,""Jul 8, 2025"",""Jun 30, 2026"",1,""$ 1,402,240"",,D,LB,27,France,Nantes,True,"
"Ibrahima Sissoko,,""$ 26,966"",""$ 1,402,240"",""$ 350,560"",""$ 1,752,801"",Active,""Jan 12, 2026"",""Jun 30, 2028"",3,""$ 4,206,721"",,M,DM,28,Mali,Nantes,True,"
"Abdallah Sima,,""$ 26,966"",""$ 1,402,240"",""$ 350,560"",""$ 1,752,801"",Active,""Aug 29, 2025"",""Jun 30, 2029"",4,""$ 5,608,962"",,F,LW,24,Senegal,Lens,True,"
"Jordan Teze,,""$ 42,696"",""$ 2,220,214"",""$ 555,054"",""$ 2,775,268"",Active,""Aug 20, 2024"",""Jun 30, 2029"",4,""$ 8,880,856"",,D,RB,26,Netherlands,Monaco,True,"
"Malang Sarr,,""$ 26,966"",""$ 1,402,240"",""$ 350,560"",""$ 1,752,801"",Active,""Jul 26, 2024"",""Jun 30, 2026"",1,""$ 1,402,240"",,D,CB,27,France,Lens,True,"
"Alexsandro,,""$ 26,966"",""$ 1,402,240"",""$ 350,560"",""$ 1,752,801"",Active,""Jan 15, 2024"",""Jun 30, 2028"",3,""$ 4,206,721"",,D,CB,26,Brazil,Lille,True,"
"Habib Diallo,,""$ 26,966"",""$ 1,402,240"",""$ 350,560"",""$ 1,752,801"",Active,""Aug 31, 2025"",""Jun 30, 2028"",3,""$ 4,206,721"",,F,CF,30,Senegal,Metz,True,"
"Rasmus Nicolaisen,,""$ 26,966"",""$ 1,402,240"",""$ 350,560"",""$ 1,752,801"",Active,""Mar 29, 2024"",""Jun 30, 2027"",2,""$ 2,804,481"",,D,CB,28,Denmark,Toulouse,True,"
"Laurent Abergel,,""$ 26,966"",""$ 1,402,240"",""$ 350,560"",""$ 1,752,801"",Active,""May 30, 2024"",""Jun 30, 2029"",4,""$ 5,608,962"",,M,DM,33,France,Lorient,True,"
"Marshall Munetsi,,""$ 25,843"",""$ 1,343,814"",""$ 335,953"",""$ 1,679,767"",Loan,""Jan 16, 2026"",""Jun 30, 2026"",1,""$ 1,343,814"",,M,CM,29,Zimbabwe,Paris FC,True,"
"Angel Gomes,,""$ 24,719"",""$ 1,285,387"",""$ 321,347"",""$ 1,606,734"",Inactive,""Jul 4, 2025"",""Jun 30, 2028"",3,""$ 3,856,161"",,F,AM,25,England,Marseille,False,"
"Hamari Traoré,,""$ 24,719"",""$ 1,285,387"",""$ 321,347"",""$ 1,606,734"",Active,""Sep 1, 2025"",""Jun 30, 2027"",2,""$ 2,570,774"",,D,RB,34,Mali,Paris FC,True,"
"Matthieu Udol,,""$ 24,719"",""$ 1,285,387"",""$ 321,347"",""$ 1,606,734"",Active,""Jul 15, 2025"",""Jun 30, 2028"",3,""$ 3,856,161"",,D,LB,29,France,Lens,True,"
"Wesley Saïd,,""$ 24,719"",""$ 1,285,387"",""$ 321,347"",""$ 1,606,734"",Active,""Jan 17, 2023"",""Jun 30, 2026"",1,""$ 1,285,387"",,F,CF,30,France,Lens,True,"
"Deiver Machado,,""$ 24,719"",""$ 1,285,387"",""$ 321,347"",""$ 1,606,734"",Active,""Dec 8, 2025"",""Jun 30, 2028"",3,""$ 3,856,161"",,D,LB,32,Colombia,Nantes,True,"
"Aïssa Mandi,,""$ 24,719"",""$ 1,285,387"",""$ 321,347"",""$ 1,606,734"",Active,""Aug 1, 2024"",""Jun 30, 2026"",1,""$ 1,285,387"",,D,CB,34,Algeria,Lille,True,"
"Mamadou Sangaré,,""$ 24,719"",""$ 1,285,387"",""$ 321,347"",""$ 1,606,734"",Active,""Aug 20, 2025"",""Jun 30, 2030"",5,""$ 6,426,936"",,M,CM,23,Mali,Lens,True,"
"Jérémie Boga,,""$ 24,719"",""$ 1,285,387"",""$ 321,347"",""$ 1,606,734"",Inactive,""Jul 25, 2023"",""Jun 30, 2027"",2,""$ 2,570,774"",,F,LW,29,Cote d'Ivoire,Nice,False,"
"Lucas Tousart,,""$ 24,719"",""$ 1,285,387"",""$ 321,347"",""$ 1,606,734"",Active,""Sep 1, 2025"",""Jun 30, 2027"",2,""$ 2,570,774"",,M,CM,28,France,Brest,True,"
"Elye Wahi,,""$ 22,472"",""$ 1,168,534"",""$ 292,133"",""$ 1,460,667"",Loan,""Jan 1, 2026"",""Jun 30, 2026"",1,""$ 1,168,534"",,F,CF,23,France,Nice,True,"
"Hicham Boudaoui,,""$ 22,472"",""$ 1,168,534"",""$ 292,133"",""$ 1,460,667"",Active,""Jan 25, 2023"",""Jun 30, 2027"",2,""$ 2,337,067"",,M,CM,26,Algeria,Nice,True,"
"Endrick,,""$ 22,472"",""$ 1,168,534"",""$ 292,133"",""$ 1,460,667"",Loan,""Jan 1, 2026"",""Jun 30, 2026"",1,""$ 1,168,534"",,F,CF,19,Brazil,Lyon,True,"
"Romain Faivre,,""$ 22,472"",""$ 1,168,534"",""$ 292,133"",""$ 1,460,667"",Loan,""Jan 15, 2026"",""Jun 30, 2026"",1,""$ 1,168,534"",,F,AM,27,France,Auxerre,True,"
"Benjamin Stambouli,,""$ 22,472"",""$ 1,168,534"",""$ 292,133"",""$ 1,460,667"",Active,""Sep 10, 2024"",""Jun 30, 2026"",1,""$ 1,168,534"",,M,DM,35,France,Metz,True,"
"CJ Egan-Riley,,""$ 22,472"",""$ 1,168,534"",""$ 292,133"",""$ 1,460,667"",Active,""Jul 1, 2025"",""Jun 30, 2029"",4,""$ 4,674,135"",,D,CB,23,England,Marseille,True,"
"Dro Fernández,,""$ 22,472"",""$ 1,168,534"",""$ 292,133"",""$ 1,460,667"",Active,""Jan 26, 2026"",""Jun 30, 2030"",5,""$ 5,842,669"",,F,AM,18,Spain,PSG,True,"
"Nabil Bentaleb,,""$ 22,472"",""$ 1,168,534"",""$ 292,133"",""$ 1,460,667"",Active,""Aug 28, 2023"",""Jun 30, 2026"",1,""$ 1,168,534"",,M,DM,31,Algeria,Lille,True,"
"Hugo Magnetti,,""$ 22,472"",""$ 1,168,534"",""$ 292,133"",""$ 1,460,667"",Active,""Mar 4, 2024"",""Jun 30, 2027"",2,""$ 2,337,067"",,M,CM,27,France,Brest,True,"
"Kenny Lala,,""$ 22,472"",""$ 1,168,534"",""$ 292,133"",""$ 1,460,667"",Active,""Dec 11, 2024"",""Jun 30, 2027"",2,""$ 2,337,067"",,D,RB,34,France,Brest,True,"
"Tiago Santos,,""$ 22,472"",""$ 1,168,534"",""$ 292,133"",""$ 1,460,667"",Active,""Oct 29, 2024"",""Jun 30, 2029"",4,""$ 4,674,135"",,D,RB,23,Portugal,Lille,True,"
"Mark McKenzie,,""$ 22,472"",""$ 1,168,534"",""$ 292,133"",""$ 1,460,667"",Active,""Aug 16, 2024"",""Jun 30, 2027"",2,""$ 2,337,067"",,D,CB,26,United States,Toulouse,True,"
"Carlens Arcus,,""$ 22,472"",""$ 1,168,534"",""$ 292,133"",""$ 1,460,667"",Active,""Jul 1, 2024"",""Jun 30, 2026"",1,""$ 1,168,534"",,D,RB,29,Haiti,Angers,True,"
"Allan Saint-Maximin,,""$ 22,472"",""$ 1,168,534"",""$ 292,133"",""$ 1,460,667"",Active,""Feb 2, 2026"",""Jun 30, 2026"",1,""$ 1,168,534"",,F,LW,28,France,Lens,True,"
"Samson Baidoo,,""$ 22,472"",""$ 1,168,534"",""$ 292,133"",""$ 1,460,667"",Active,""Jul 17, 2025"",""Jun 30, 2030"",5,""$ 5,842,669"",,D,CB,21,Austria,Lens,True,"
"Saud Abdulhamid,,""$ 22,472"",""$ 1,168,534"",""$ 292,133"",""$ 1,460,667"",Loan,""Aug 3, 2025"",""Jun 30, 2026"",1,""$ 1,168,534"",,D,RB,26,Saudi Arabia,Lens,True,"
"Yvon Mvogo,,""$ 22,472"",""$ 1,168,534"",""$ 292,133"",""$ 1,460,667"",Active,""Sep 1, 2025"",""Jun 30, 2027"",2,""$ 2,337,067"",,K,GK,31,Switzerland,Lorient,True,"
"Jessy Deminguet,,""$ 22,472"",""$ 1,168,534"",""$ 292,133"",""$ 1,460,667"",Active,""Jul 1, 2025"",""Jun 30, 2028"",3,""$ 3,505,601"",,M,CM,28,France,Metz,True,"
"Ismaël Doukouré,,""$ 22,472"",""$ 1,168,534"",""$ 292,133"",""$ 1,460,667"",Active,""Aug 20, 2025"",""Jun 30, 2028"",3,""$ 3,505,601"",,D,CB,22,France,Strasbourg,True,"
"Anthony Rouault,,""$ 22,472"",""$ 1,168,534"",""$ 292,133"",""$ 1,460,667"",Active,""Feb 3, 2025"",""Jun 30, 2029"",4,""$ 4,674,135"",,D,CB,24,France,Rennes,True,"
"Dominik Greif,,""$ 22,472"",""$ 1,168,534"",""$ 292,133"",""$ 1,460,667"",Active,""Aug 18, 2025"",""Jun 30, 2029"",4,""$ 4,674,135"",,K,GK,28,Slovakia,Lyon,True,"
"Ilan Kebbal,,""$ 22,472"",""$ 1,168,534"",""$ 292,133"",""$ 1,460,667"",Active,""Oct 10, 2024"",""Jun 30, 2028"",3,""$ 3,505,601"",,F,RW,27,Algeria,Paris FC,True,"
"Philipp Köhn,,""$ 33,708"",""$ 1,752,801"",""$ 438,200"",""$ 2,191,001"",Active,""Jul 15, 2023"",""Jun 30, 2028"",3,""$ 5,258,402"",,K,GK,27,Switzerland,Monaco,True,"
"Arthur Masuaku,,""$ 20,449"",""$ 1,063,366"",""$ 265,841"",""$ 1,329,207"",Loan,""Jan 27, 2026"",""Jun 30, 2026"",1,""$ 1,063,366"",,D,LB,32,Democratic Republic of the Congo,Lens,True,"
"Maxime Lopez,,""$ 20,225"",""$ 1,051,680"",""$ 262,920"",""$ 1,314,600"",Active,""Aug 29, 2024"",""Jun 30, 2027"",2,""$ 2,103,361"",,M,DM,28,France,Paris FC,True,"
"Jonathan Ikoné,,""$ 20,225"",""$ 1,051,680"",""$ 262,920"",""$ 1,314,600"",Active,""Sep 1, 2025"",""Jun 30, 2027"",2,""$ 2,103,361"",,F,RW,27,France,Paris FC,True,"
"Boubacar Traoré,,""$ 20,225"",""$ 1,051,680"",""$ 262,920"",""$ 1,314,600"",Loan,""Jul 24, 2025"",""Jun 30, 2026"",1,""$ 1,051,680"",,M,DM,24,Mali,Metz,True,"
"Gideon Mensah,,""$ 20,225"",""$ 1,051,680"",""$ 262,920"",""$ 1,314,600"",Active,""Oct 3, 2024"",""Jun 30, 2026"",1,""$ 1,051,680"",,D,LB,27,Ghana,Auxerre,True,"
"Aron Dønnum,,""$ 20,225"",""$ 1,051,680"",""$ 262,920"",""$ 1,314,600"",Active,""Sep 1, 2023"",""Jun 30, 2027"",2,""$ 2,103,361"",,M,RM,27,Norway,Toulouse,True,"
"Jean-Victor Makengo,,""$ 20,225"",""$ 1,051,680"",""$ 262,920"",""$ 1,314,600"",Active,""Jan 30, 2023"",""Jun 30, 2027"",2,""$ 2,103,361"",,F,AM,27,France,Lorient,True,"
"Fabien Centonze,,""$ 20,225"",""$ 1,051,680"",""$ 262,920"",""$ 1,314,600"",Active,""Sep 22, 2022"",""Jun 30, 2027"",2,""$ 2,103,361"",,D,RB,30,France,Nantes,True,"
"Rémy Descamps,,""$ 20,225"",""$ 1,051,680"",""$ 262,920"",""$ 1,314,600"",Active,""Mar 9, 2026"",""Jun 30, 2029"",4,""$ 4,206,721"",,K,GK,29,France,Lyon,True,"
"Berke Özer,,""$ 20,225"",""$ 1,051,680"",""$ 262,920"",""$ 1,314,600"",Active,""Aug 14, 2025"",""Jun 30, 2029"",4,""$ 4,206,721"",,K,GK,25,Turkey,Lille,True,"
"Moïse Bombito,,""$ 20,225"",""$ 1,051,680"",""$ 262,920"",""$ 1,314,600"",Active,""Aug 19, 2024"",""Jun 30, 2028"",3,""$ 3,155,041"",,D,CB,25,Canada,Nice,True,"
"Jean-Philippe Gbamin,,""$ 20,225"",""$ 1,051,680"",""$ 262,920"",""$ 1,314,600"",Active,""Jul 15, 2025"",""Jun 30, 2026"",1,""$ 1,051,680"",,D,CB,30,Cote d'Ivoire,Metz,True,"
"Joaquín Panichelli,,""$ 20,225"",""$ 1,051,680"",""$ 262,920"",""$ 1,314,600"",Active,""Jul 27, 2025"",""Jun 30, 2030"",5,""$ 5,258,402"",,F,CF,23,Argentina,Strasbourg,True,"
"Neal Maupay,,""$ 19,101"",""$ 993,254"",""$ 248,313"",""$ 1,241,567"",Inactive,""Jul 1, 2025"",""Jun 30, 2028"",3,""$ 2,979,761"",,F,CF,29,France,Marseille,False,"
"Sékou Mara,,""$ 19,101"",""$ 993,254"",""$ 248,313"",""$ 1,241,567"",Loan,""Sep 5, 2025"",""Jun 30, 2026"",1,""$ 993,254"",,F,CF,23,France,Auxerre,True,"
"Amine Harit,,""$ 18,652"",""$ 969,883"",""$ 242,471"",""$ 1,212,354"",Inactive,""Jul 1, 2023"",""Jun 30, 2027"",2,""$ 1,939,766"",,F,AM,28,Morocco,Marseille,False,"
"Lukas Hradecky,,""$ 29,213"",""$ 1,519,094"",""$ 379,773"",""$ 1,898,867"",Active,""Aug 8, 2025"",""Jun 30, 2027"",2,""$ 3,038,188"",,K,GK,36,Finland,Monaco,True,"
"Wout Faes,,""$ 29,213"",""$ 1,519,094"",""$ 379,773"",""$ 1,898,867"",Loan,""Jan 13, 2026"",""Jun 30, 2026"",1,""$ 1,519,094"",,D,CB,27,Belgium,Monaco,True,"
"Calvin Verdonk,,""$ 17,977"",""$ 934,827"",""$ 233,707"",""$ 1,168,534"",Active,""Sep 1, 2025"",""Jun 30, 2028"",3,""$ 2,804,481"",,D,LB,28,Indonesia,Lille,True,"
"Jean-Philippe Krasso,,""$ 17,977"",""$ 934,827"",""$ 233,707"",""$ 1,168,534"",Active,""Jul 6, 2024"",""Jun 30, 2027"",2,""$ 1,869,654"",,F,CF,28,Cote d'Ivoire,Paris FC,True,"
"Mohamed Abdelmonem,,""$ 17,977"",""$ 934,827"",""$ 233,707"",""$ 1,168,534"",Active,""Aug 29, 2024"",""Jun 30, 2028"",3,""$ 2,804,481"",,D,CB,27,Egypt,Nice,True,"
"Kevin Carlos,,""$ 17,977"",""$ 934,827"",""$ 233,707"",""$ 1,168,534"",Active,""Aug 18, 2025"",""Jun 30, 2030"",5,""$ 4,674,135"",,F,CF,24,Spain,Nice,True,"
"Willem Geubbels,,""$ 17,977"",""$ 934,827"",""$ 233,707"",""$ 1,168,534"",Active,""Aug 17, 2025"",""Jun 30, 2030"",5,""$ 4,674,135"",,F,CF,24,France,Paris FC,True,"
"Mohamed Bayo,,""$ 17,977"",""$ 934,827"",""$ 233,707"",""$ 1,168,534"",Inactive,""Jul 13, 2022"",""Jun 30, 2027"",2,""$ 1,869,654"",,F,CF,27,Guinea,Lille,False,"
"Gautier Lloris,,""$ 17,977"",""$ 934,827"",""$ 233,707"",""$ 1,168,534"",Active,""Oct 17, 2023"",""Jun 30, 2026"",1,""$ 934,827"",,D,CB,30,France,Le Havre,True,"
"Abdoulaye Touré,,""$ 17,977"",""$ 934,827"",""$ 233,707"",""$ 1,168,534"",Active,""Jul 26, 2023"",""Jun 30, 2026"",1,""$ 934,827"",,M,DM,31,Guinea,Le Havre,True,"
"Francisco Sierralta,,""$ 17,977"",""$ 934,827"",""$ 233,707"",""$ 1,168,534"",Active,""Jul 1, 2025"",""Jun 30, 2029"",4,""$ 3,739,308"",,D,CB,28,Chile,Auxerre,True,"
"Elisha Owusu,,""$ 17,977"",""$ 934,827"",""$ 233,707"",""$ 1,168,534"",Active,""Jun 26, 2024"",""Jun 30, 2027"",2,""$ 1,869,654"",,M,DM,28,Ghana,Auxerre,True,"
"Quentin Ndjantou,,""$ 17,977"",""$ 934,827"",""$ 233,707"",""$ 1,168,534"",Active,""Jul 28, 2025"",""Jun 30, 2028"",3,""$ 2,804,481"",,F,LW,18,France,PSG,True,"
"Emanuel Emegha,,""$ 17,977"",""$ 934,827"",""$ 233,707"",""$ 1,168,534"",Active,""Jul 22, 2023"",""Jun 30, 2028"",3,""$ 2,804,481"",,F,CF,23,Netherlands,Strasbourg,True,"
"Hans Hateboer,,""$ 17,977"",""$ 934,827"",""$ 233,707"",""$ 1,168,534"",Loan,""Oct 17, 2025"",""Jun 30, 2026"",1,""$ 934,827"",,D,RB,32,Netherlands,Lyon,True,"
"Chidozie Awaziem,,""$ 17,977"",""$ 934,827"",""$ 233,707"",""$ 1,168,534"",Active,""Jul 23, 2025"",""Jun 30, 2028"",3,""$ 2,804,481"",,D,CB,29,Nigeria,Nantes,True,"
"Lamine Camara,,""$ 26,966"",""$ 1,402,240"",""$ 350,560"",""$ 1,752,801"",Active,""Jul 30, 2024"",""Jun 30, 2029"",4,""$ 5,608,962"",,M,CM,22,Senegal,Monaco,True,"
"Joris Chotard,,""$ 16,854"",""$ 876,400"",""$ 219,100"",""$ 1,095,500"",Active,""Aug 23, 2025"",""Jun 30, 2029"",4,""$ 3,505,601"",,M,DM,24,France,Brest,True,"
"Hákon Arnar Haraldsson,,""$ 16,854"",""$ 876,400"",""$ 219,100"",""$ 1,095,500"",Active,""Jan 24, 2026"",""Jun 30, 2030"",5,""$ 4,382,001"",,F,AM,22,Iceland,Lille,True,"
"Osame Sahraoui,,""$ 16,854"",""$ 876,400"",""$ 219,100"",""$ 1,095,500"",Active,""Aug 1, 2024"",""Jun 30, 2029"",4,""$ 3,505,601"",,F,LW,24,Morocco,Lille,True,"
"Isak Jansson,,""$ 16,854"",""$ 876,400"",""$ 219,100"",""$ 1,095,500"",Active,""Jul 10, 2025"",""Jun 30, 2026"",1,""$ 876,400"",,F,LW,24,Sweden,Nice,True,"
"Alidu Seidu,,""$ 16,854"",""$ 876,400"",""$ 219,100"",""$ 1,095,500"",Active,""Mar 28, 2025"",""Jun 30, 2029"",4,""$ 3,505,601"",,D,CB,25,Ghana,Rennes,True,"
"Simon Adingra,,""$ 25,843"",""$ 1,343,814"",""$ 335,953"",""$ 1,679,767"",Loan,""Feb 2, 2026"",""Jun 30, 2026"",1,""$ 1,343,814"",,F,LW,24,Cote d'Ivoire,Monaco,True,"
"Kelvin Amian,,""$ 15,730"",""$ 817,974"",""$ 204,493"",""$ 1,022,467"",Active,""Jan 25, 2024"",""Jun 30, 2028"",3,""$ 2,453,921"",,D,RB,27,France,Nantes,True,"
"Andrew Omobamidele,,""$ 15,730"",""$ 817,974"",""$ 204,493"",""$ 1,022,467"",Active,""Jul 1, 2025"",""Jun 30, 2029"",4,""$ 3,271,894"",,D,CB,23,Ireland,Strasbourg,True,"
"Donovan Léon,,""$ 15,730"",""$ 817,974"",""$ 204,493"",""$ 1,022,467"",Active,""Jan 17, 2025"",""Jun 30, 2027"",2,""$ 1,635,947"",,K,GK,33,French Guiana,Auxerre,True,"
"Bamo Meïté,,""$ 15,730"",""$ 817,974"",""$ 204,493"",""$ 1,022,467"",Loan,""Sep 1, 2025"",""Jun 30, 2026"",1,""$ 817,974"",,D,CB,24,Cote d'Ivoire,Lorient,True,"
"Sebastian Nanasi,,""$ 15,730"",""$ 817,974"",""$ 204,493"",""$ 1,022,467"",Active,""Aug 23, 2024"",""Jun 30, 2029"",4,""$ 3,271,894"",,M,LM,23,Sweden,Strasbourg,True,"
"Félix Correia,,""$ 15,730"",""$ 817,974"",""$ 204,493"",""$ 1,022,467"",Active,""Jul 17, 2025"",""Jun 30, 2029"",4,""$ 3,271,894"",,F,LW,25,Portugal,Lille,True,"
"Pierre-Yves Hamel,,""$ 15,730"",""$ 817,974"",""$ 204,493"",""$ 1,022,467"",Active,""Jul 1, 2022"",""Jun 30, 2026"",1,""$ 817,974"",,F,CF,32,France,Paris FC,True,"
"Hamza Igamane,,""$ 15,730"",""$ 817,974"",""$ 204,493"",""$ 1,022,467"",Active,""Aug 29, 2025"",""Jun 30, 2030"",5,""$ 4,089,868"",,F,CF,23,Morocco,Lille,True,"
"Arnaud Bodart,,""$ 15,730"",""$ 817,974"",""$ 204,493"",""$ 1,022,467"",Active,""Jul 1, 2025"",""Jun 30, 2027"",2,""$ 1,635,947"",,K,GK,27,Belgium,Lille,True,"
"Tyler Morton,,""$ 15,730"",""$ 817,974"",""$ 204,493"",""$ 1,022,467"",Active,""Aug 5, 2025"",""Jun 30, 2030"",5,""$ 4,089,868"",,M,DM,23,England,Lyon,True,"
"Diego Moreira,,""$ 15,730"",""$ 817,974"",""$ 204,493"",""$ 1,022,467"",Active,""Aug 16, 2024"",""Jun 30, 2029"",4,""$ 3,271,894"",,M,LM,21,Belgium,Strasbourg,True,"
"Mathieu Cafaro,,""$ 15,730"",""$ 817,974"",""$ 204,493"",""$ 1,022,467"",Active,""Feb 3, 2025"",""Jun 30, 2027"",2,""$ 1,635,947"",,F,RW,28,France,Paris FC,True,"
"Guela Doué,,""$ 15,730"",""$ 817,974"",""$ 204,493"",""$ 1,022,467"",Active,""Jul 26, 2024"",""Jun 30, 2029"",4,""$ 3,271,894"",,D,RB,23,Cote d'Ivoire,Strasbourg,True,"
"Frank Magri,,""$ 15,730"",""$ 817,974"",""$ 204,493"",""$ 1,022,467"",Active,""Jul 21, 2023"",""Jun 30, 2026"",1,""$ 817,974"",,F,CF,26,Cameroon,Toulouse,True,"
"Hervé Koffi,,""$ 15,730"",""$ 817,974"",""$ 204,493"",""$ 1,022,467"",Loan,""Jul 1, 2025"",""Jun 30, 2026"",1,""$ 817,974"",,K,GK,29,Burkina Faso,Angers,True,"
"Christian Mawissa,,""$ 24,719"",""$ 1,285,387"",""$ 321,347"",""$ 1,606,734"",Active,""Aug 11, 2024"",""Jun 30, 2029"",4,""$ 5,141,548"",,D,CB,20,France,Monaco,True,"
"Danny Loader,,""$ 14,607"",""$ 759,547"",""$ 189,887"",""$ 949,434"",Loan,""Aug 17, 2025"",""Jun 30, 2026"",1,""$ 759,547"",,F,LW,25,Cameroon,Auxerre,True,"
"Matías Fernández-Pardo,,""$ 14,607"",""$ 759,547"",""$ 189,887"",""$ 949,434"",Active,""Aug 30, 2024"",""Jun 30, 2029"",4,""$ 3,038,188"",,F,LW,21,Spain,Lille,True,"
"Souleymane Isaak Touré,,""$ 14,607"",""$ 759,547"",""$ 189,887"",""$ 949,434"",Active,""Sep 1, 2023"",""Jun 30, 2028"",3,""$ 2,278,641"",,D,CB,22,France,Lorient,True,"
"Salis Abdul Samed,,""$ 14,607"",""$ 759,547"",""$ 189,887"",""$ 949,434"",Active,""Aug 14, 2025"",""Jun 30, 2028"",3,""$ 2,278,641"",,M,DM,25,Ghana,Nice,True,"
"Matthis Abline,,""$ 14,607"",""$ 759,547"",""$ 189,887"",""$ 949,434"",Active,""Jul 3, 2024"",""Jun 30, 2028"",3,""$ 2,278,641"",,F,CF,22,France,Nantes,True,"
"Lassine Sinayoko,,""$ 14,607"",""$ 759,547"",""$ 189,887"",""$ 949,434"",Active,""Jan 23, 2026"",""Jun 30, 2027"",2,""$ 1,519,094"",,F,CF,26,Mali,Auxerre,True,"
"Roman Yaremchuk,,""$ 14,045"",""$ 730,334"",""$ 182,583"",""$ 912,917"",Loan,""Feb 2, 2026"",""Jun 30, 2026"",1,""$ 730,334"",,F,CF,30,Ukraine,Lyon,True,"
"Nouha Dicko,,""$ 13,483"",""$ 701,120"",""$ 175,280"",""$ 876,400"",Active,""Jul 31, 2025"",""Jun 30, 2026"",1,""$ 701,120"",,F,CF,33,Mali,Paris FC,True,"
"Fodé Ballo-Touré,,""$ 13,483"",""$ 701,120"",""$ 175,280"",""$ 876,400"",Active,""Sep 3, 2025"",""Jun 30, 2026"",1,""$ 701,120"",,D,LB,29,Senegal,Metz,True,"
"Lucas Høgsberg,,""$ 13,483"",""$ 701,120"",""$ 175,280"",""$ 876,400"",Active,""Aug 9, 2025"",""Jun 30, 2030"",5,""$ 3,505,601"",,D,CB,19,Denmark,Strasbourg,True,"
"Rachid Ghezzal,,""$ 13,483"",""$ 701,120"",""$ 175,280"",""$ 876,400"",Active,""Sep 5, 2025"",""Jun 30, 2026"",1,""$ 701,120"",,F,RW,33,Algeria,Lyon,True,"
"Branco van den Boomen,,""$ 13,483"",""$ 701,120"",""$ 175,280"",""$ 876,400"",Loan,""Jan 21, 2026"",""Jun 30, 2026"",1,""$ 701,120"",,M,CM,30,Netherlands,Angers,True,"
"Sinaly Diomandé,,""$ 13,483"",""$ 701,120"",""$ 175,280"",""$ 876,400"",Active,""Aug 30, 2024"",""Jun 30, 2027"",2,""$ 1,402,240"",,D,CB,24,Cote d'Ivoire,Auxerre,True,"
"Valentín Barco,,""$ 13,483"",""$ 701,120"",""$ 175,280"",""$ 876,400"",Active,""Jul 2, 2025"",""Jun 30, 2029"",4,""$ 2,804,481"",,M,CM,21,Argentina,Strasbourg,True,"
"Ayyoub Bouaddi,,""$ 13,483"",""$ 701,120"",""$ 175,280"",""$ 876,400"",Active,""Dec 5, 2025"",""Jun 30, 2029"",4,""$ 2,804,481"",,M,CM,18,France,Lille,True,"
"Mathis Amougou,,""$ 13,483"",""$ 701,120"",""$ 175,280"",""$ 876,400"",Active,""Jul 12, 2025"",""Jun 30, 2030"",5,""$ 3,505,601"",,M,CM,20,France,Strasbourg,True,"
"Tiago Gouveia,,""$ 13,483"",""$ 701,120"",""$ 175,280"",""$ 876,400"",Loan,""Aug 31, 2025"",""Jun 30, 2026"",1,""$ 701,120"",,F,RW,24,Portugal,Nice,True,"
"Ignatius Ganago,,""$ 13,483"",""$ 701,120"",""$ 175,280"",""$ 876,400"",Active,""Sep 13, 2023"",""Jun 30, 2027"",2,""$ 1,402,240"",,F,CF,26,Cameroon,Nantes,True,"
"Josué Casimir,,""$ 13,483"",""$ 701,120"",""$ 175,280"",""$ 876,400"",Active,""Jul 1, 2025"",""Jun 30, 2028"",3,""$ 2,103,361"",,F,RW,24,Haiti,Auxerre,True,"
"Mohamed-Ali Cho,,""$ 13,483"",""$ 701,120"",""$ 175,280"",""$ 876,400"",Active,""Jan 8, 2024"",""Jun 30, 2028"",3,""$ 2,103,361"",,F,RW,22,France,Nice,True,"
"Cheikh Sabaly,,""$ 13,483"",""$ 701,120"",""$ 175,280"",""$ 876,400"",Active,""Jul 10, 2023"",""Jun 30, 2026"",1,""$ 701,120"",,F,LW,26,Senegal,Metz,True,"
"Aiyegun Tosin,,""$ 13,483"",""$ 701,120"",""$ 175,280"",""$ 876,400"",Active,""Jul 25, 2023"",""Jun 30, 2027"",2,""$ 1,402,240"",,F,CF,27,Benin,Lorient,True,"
"Naouirou Ahamada,,""$ 13,483"",""$ 701,120"",""$ 175,280"",""$ 876,400"",Active,""Jan 7, 2026"",""Jun 30, 2027"",2,""$ 1,402,240"",,M,CM,23,France,Auxerre,True,"
"Aarón Anselmino,,""$ 13,483"",""$ 701,120"",""$ 175,280"",""$ 876,400"",Loan,""Feb 2, 2026"",""Jun 30, 2026"",1,""$ 701,120"",,D,CB,20,Argentina,Strasbourg,True,"
"Maxime Colin,,""$ 13,483"",""$ 701,120"",""$ 175,280"",""$ 876,400"",Active,""Aug 13, 2024"",""Jun 30, 2027"",2,""$ 1,402,240"",,D,RB,34,France,Metz,True,"
"Ruben Kluivert,,""$ 13,483"",""$ 701,120"",""$ 175,280"",""$ 876,400"",Active,""Jul 25, 2025"",""Jun 30, 2030"",5,""$ 3,505,601"",,D,CB,24,Netherlands,Lyon,True,"
"Montassar Talbi,,""$ 13,483"",""$ 701,120"",""$ 175,280"",""$ 876,400"",Active,""Jul 18, 2022"",""Jun 30, 2027"",2,""$ 1,402,240"",,D,CB,27,Tunisia,Lorient,True,"
"Charlie Cresswell,,""$ 12,360"",""$ 642,694"",""$ 160,673"",""$ 803,367"",Active,""Jul 8, 2024"",""Jun 30, 2028"",3,""$ 1,928,081"",,D,CB,23,England,Toulouse,True,"
"Djaoui Cissé,,""$ 12,360"",""$ 642,694"",""$ 160,673"",""$ 803,367"",Active,""Sep 26, 2025"",""Jun 30, 2030"",5,""$ 3,213,468"",,M,CM,22,France,Rennes,True,"
"Terry Yegbe,,""$ 12,360"",""$ 642,694"",""$ 160,673"",""$ 803,367"",Active,""Aug 30, 2025"",""Jun 30, 2029"",4,""$ 2,570,774"",,D,CB,25,Ghana,Metz,True,"
"Guillaume Restes,,""$ 12,360"",""$ 642,694"",""$ 160,673"",""$ 803,367"",Active,""Oct 31, 2023"",""Jun 30, 2028"",3,""$ 1,928,081"",,K,GK,20,France,Toulouse,True,"
"Soumaïla Coulibaly,,""$ 12,360"",""$ 642,694"",""$ 160,673"",""$ 803,367"",Loan,""Oct 4, 2025"",""Jun 30, 2026"",1,""$ 642,694"",,D,CB,22,France,Brest,True,"
"Cristian Cásseres Jr,,""$ 12,360"",""$ 642,694"",""$ 160,673"",""$ 803,367"",Active,""Jul 7, 2023"",""Jun 30, 2027"",2,""$ 1,285,387"",,M,CM,26,Venezuela,Toulouse,True,"
"Mike Penders,,""$ 12,360"",""$ 642,694"",""$ 160,673"",""$ 803,367"",Loan,""Jul 28, 2025"",""Jun 30, 2026"",1,""$ 642,694"",,K,GK,20,Belgium,Strasbourg,True,"
"Kévin Danois,,""$ 12,360"",""$ 642,694"",""$ 160,673"",""$ 803,367"",Active,""Oct 3, 2025"",""Jun 30, 2029"",4,""$ 2,570,774"",,M,CM,21,France,Auxerre,True,"
"Ngal'ayel Mukau,,""$ 12,360"",""$ 642,694"",""$ 160,673"",""$ 803,367"",Active,""Jul 11, 2024"",""Jun 30, 2028"",3,""$ 1,928,081"",,M,DM,21,Democratic Republic of the Congo,Lille,True,"
"Ulisses Garcia,,""$ 12,360"",""$ 642,694"",""$ 160,673"",""$ 803,367"",Inactive,""Jan 16, 2024"",""Jun 30, 2028"",3,""$ 1,928,081"",,D,LB,29,Switzerland,Marseille,False,"
"Kassoum Ouattara,,""$ 17,977"",""$ 934,827"",""$ 233,707"",""$ 1,168,534"",Active,""Nov 1, 2023"",""Jun 30, 2028"",3,""$ 2,804,481"",,D,LB,21,France,Monaco,True,"
"Alimami Gory,,""$ 11,236"",""$ 584,267"",""$ 146,067"",""$ 730,334"",Active,""Jul 13, 2024"",""Jun 30, 2026"",1,""$ 584,267"",,F,LW,29,France,Paris FC,True,"
"Arouna Sangante,,""$ 11,236"",""$ 584,267"",""$ 146,067"",""$ 730,334"",Active,""Jul 27, 2023"",""Jun 30, 2026"",1,""$ 584,267"",,D,CB,23,Senegal,Le Havre,True,"
"Maxime Dupé,,""$ 11,236"",""$ 584,267"",""$ 146,067"",""$ 730,334"",Active,""Jan 28, 2024"",""Jun 30, 2026"",1,""$ 584,267"",,K,GK,32,France,Nice,True,"
"Étienne Youté Kinkoué,,""$ 11,236"",""$ 584,267"",""$ 146,067"",""$ 730,334"",Active,""Sep 17, 2024"",""Jun 30, 2026"",1,""$ 584,267"",,D,CB,24,France,Le Havre,True,"
"Noah Cadiou,,""$ 11,236"",""$ 584,267"",""$ 146,067"",""$ 730,334"",Active,""Jul 4, 2025"",""Jun 30, 2029"",4,""$ 2,337,067"",,M,CM,27,Guadeloupe,Lorient,True,"
"Nathaniel Adjei,,""$ 11,236"",""$ 584,267"",""$ 146,067"",""$ 730,334"",Active,""Jul 1, 2024"",""Jun 30, 2026"",1,""$ 584,267"",,D,CB,23,Ghana,Lorient,True,"
"Mohamed Bamba,,""$ 11,236"",""$ 584,267"",""$ 146,067"",""$ 730,334"",Active,""Jan 26, 2024"",""Jun 30, 2028"",3,""$ 1,752,801"",,F,CF,24,Cote d'Ivoire,Lorient,True,"
"Igor Silva,,""$ 11,236"",""$ 584,267"",""$ 146,067"",""$ 730,334"",Active,""Jul 23, 2021"",""Jun 30, 2026"",1,""$ 584,267"",,D,RB,29,Brazil,Lorient,True,"
"Bamba Dieng,,""$ 11,236"",""$ 584,267"",""$ 146,067"",""$ 730,334"",Active,""Jan 27, 2023"",""Jun 30, 2026"",1,""$ 584,267"",,F,CF,25,Senegal,Lorient,True,"
"Himad Abdelli,,""$ 11,236"",""$ 584,267"",""$ 146,067"",""$ 730,334"",Active,""Feb 2, 2026"",""Jun 30, 2030"",5,""$ 2,921,334"",,F,AM,26,Algeria,Marseille,True,"
"Khalis Merah,,""$ 11,236"",""$ 584,267"",""$ 146,067"",""$ 730,334"",Active,""Aug 26, 2025"",""Jun 30, 2029"",4,""$ 2,337,067"",,M,CM,18,France,Lyon,True,"
"Jeffrey de Lange,,""$ 11,236"",""$ 584,267"",""$ 146,067"",""$ 730,334"",Active,""Aug 8, 2024"",""Jun 30, 2027"",2,""$ 1,168,534"",,K,GK,27,Netherlands,Marseille,True,"
"Samir El Mourabet,,""$ 11,236"",""$ 584,267"",""$ 146,067"",""$ 730,334"",Active,""Nov 10, 2025"",""Jun 30, 2030"",5,""$ 2,921,334"",,M,CM,20,Morocco,Strasbourg,True,"
"Nathan Ngoy,,""$ 11,236"",""$ 584,267"",""$ 146,067"",""$ 730,334"",Active,""Jul 24, 2025"",""Jun 30, 2029"",4,""$ 2,337,067"",,D,CB,22,Belgium,Lille,True,"
"Marius Broholm,,""$ 11,236"",""$ 584,267"",""$ 146,067"",""$ 730,334"",Active,""Jul 1, 2025"",""Jun 30, 2030"",5,""$ 2,921,334"",,F,RW,21,Norway,Lille,True,"
"Martial Godo,,""$ 11,236"",""$ 584,267"",""$ 146,067"",""$ 730,334"",Active,""Sep 1, 2025"",""Jun 30, 2030"",5,""$ 2,921,334"",,F,LW,22,Cote d'Ivoire,Strasbourg,True,"
"Bouna Sarr,,""$ 11,236"",""$ 584,267"",""$ 146,067"",""$ 730,334"",Active,""Feb 2, 2026"",""Jun 30, 2026"",1,""$ 584,267"",,D,RB,34,Senegal,Metz,True,"
"Junior Mwanga,,""$ 11,236"",""$ 584,267"",""$ 146,067"",""$ 730,334"",Active,""Aug 8, 2023"",""Jun 30, 2027"",2,""$ 1,168,534"",,M,DM,22,France,Strasbourg,True,"
"Florent Hanin,,""$ 11,236"",""$ 584,267"",""$ 146,067"",""$ 730,334"",Active,""Jul 3, 2025"",""Jun 30, 2026"",1,""$ 584,267"",,D,LB,36,France,Angers,True,"
"Koffi Kouao,,""$ 11,236"",""$ 584,267"",""$ 146,067"",""$ 730,334"",Active,""Aug 12, 2022"",""Jun 30, 2026"",1,""$ 584,267"",,D,RB,27,Cote d'Ivoire,Metz,True,"
"David Datro Fofana,,""$ 11,236"",""$ 584,267"",""$ 146,067"",""$ 730,334"",Loan,""Feb 2, 2026"",""Jun 30, 2026"",1,""$ 584,267"",,F,CF,23,Cote d'Ivoire,Strasbourg,True,"
"Jérémy Jacquet,,""$ 11,236"",""$ 584,267"",""$ 146,067"",""$ 730,334"",Active,""May 26, 2025"",""Jun 30, 2029"",4,""$ 2,337,067"",,D,CB,20,France,Rennes,True,"
"Adam Karabec,,""$ 11,236"",""$ 584,267"",""$ 146,067"",""$ 730,334"",Loan,""Aug 12, 2025"",""Jun 30, 2026"",1,""$ 584,267"",,F,AM,22,Czech Republic,Lyon,True,"
"Clément Akpa,,""$ 11,236"",""$ 584,267"",""$ 146,067"",""$ 730,334"",Active,""Sep 24, 2025"",""Jun 30, 2028"",3,""$ 1,752,801"",,D,CB,24,Cote d'Ivoire,Auxerre,True,"
"Florian Sotoca,,""$ 11,236"",""$ 584,267"",""$ 146,067"",""$ 730,334"",Active,""Mar 6, 2026"",""Jun 30, 2027"",2,""$ 1,168,534"",,F,CF,35,France,Lens,True,"
"Ibrahim Mbaye,,""$ 11,236"",""$ 584,267"",""$ 175,280"",""$ 759,547"",Active,""Jul 1, 2025"",""Jun 30, 2028"",3,""$ 1,752,801"",,F,RW,18,Senegal,PSG,True,"
"Timothée Pembélé,,""$ 11,236"",""$ 584,267"",""$ 146,067"",""$ 730,334"",Loan,""Jan 6, 2026"",""Jun 30, 2026"",1,""$ 584,267"",,D,RB,23,France,Le Havre,True,"
"Vincent Marchetti,,""$ 11,236"",""$ 584,267"",""$ 146,067"",""$ 730,334"",Active,""Jan 29, 2024"",""Jun 30, 2026"",1,""$ 584,267"",,M,CM,28,France,Paris FC,True,"
"Timothée Kolodziejczak,,""$ 11,236"",""$ 584,267"",""$ 146,067"",""$ 730,334"",Active,""Jul 14, 2025"",""Jun 30, 2026"",1,""$ 584,267"",,D,CB,34,France,Paris FC,True,"
"Thibault De Smet,,""$ 11,236"",""$ 584,267"",""$ 146,067"",""$ 730,334"",Active,""Jul 1, 2025"",""Jun 30, 2027"",2,""$ 1,168,534"",,D,LB,27,Belgium,Paris FC,True,"
"Reda Khadra,,""$ 11,236"",""$ 584,267"",""$ 146,067"",""$ 730,334"",Loan,""Sep 1, 2025"",""Jun 30, 2026"",1,""$ 584,267"",,F,AM,24,Germany,Le Havre,True,"
"Rassoul Ndiaye,,""$ 11,236"",""$ 584,267"",""$ 146,067"",""$ 730,334"",Active,""Jan 16, 2026"",""Jun 30, 2028"",3,""$ 1,752,801"",,M,CM,24,Senegal,Le Havre,True,"
"Éric Ebimbe,,""$ 11,236"",""$ 584,267"",""$ 146,067"",""$ 730,334"",Loan,""Sep 1, 2025"",""Jun 30, 2026"",1,""$ 584,267"",,M,RM,25,Cameroon,Brest,True,"
"Mory Diaw,,""$ 11,236"",""$ 584,267"",""$ 146,067"",""$ 730,334"",Active,""Jul 12, 2025"",""Jun 30, 2027"",2,""$ 1,168,534"",,K,GK,32,Senegal,Le Havre,True,"
"Louis Leroux,,""$ 11,236"",""$ 584,267"",""$ 146,067"",""$ 730,334"",Active,""Jan 16, 2026"",""Jun 30, 2030"",5,""$ 2,921,334"",,F,AM,20,France,Nantes,True,"
"Mbwana Samatta,,""$ 11,236"",""$ 584,267"",""$ 146,067"",""$ 730,334"",Active,""Aug 5, 2025"",""Jun 30, 2026"",1,""$ 584,267"",,F,CF,33,Tanzania,Le Havre,True,"
"Rémy Cabella,,""$ 11,236"",""$ 584,267"",""$ 146,067"",""$ 730,334"",Active,""Jan 1, 2026"",""Jun 30, 2026"",1,""$ 584,267"",,F,AM,35,France,Nantes,True,"
"Youssef El Arabi,,""$ 11,236"",""$ 584,267"",""$ 146,067"",""$ 730,334"",Active,""Jul 18, 2025"",""Jun 30, 2026"",1,""$ 584,267"",,F,CF,39,Morocco,Nantes,True,"
"Loïc Nego,,""$ 11,236"",""$ 584,267"",""$ 146,067"",""$ 730,334"",Active,""Jul 15, 2025"",""Jun 30, 2026"",1,""$ 584,267"",,D,RB,35,Hungary,Le Havre,True,"
"Julien Lopez,,""$ 11,236"",""$ 584,267"",""$ 146,067"",""$ 730,334"",Active,""Jul 14, 2025"",""Jun 30, 2026"",1,""$ 584,267"",,F,LW,33,Algeria,Paris FC,True,"
"Tom Louchet,,""$ 10,112"",""$ 525,840"",""$ 131,460"",""$ 657,300"",Active,""Jul 8, 2024"",""Jun 30, 2027"",2,""$ 1,051,680"",,M,RM,22,France,Nice,True,"
"Marvin Senaya,,""$ 10,112"",""$ 525,840"",""$ 131,460"",""$ 657,300"",Active,""Jul 1, 2025"",""Jun 30, 2029"",4,""$ 2,103,361"",,D,RB,25,France,Auxerre,True,"
"Martín Satriano,,""$ 10,112"",""$ 525,840"",""$ 131,460"",""$ 657,300"",Inactive,""Jan 16, 2026"",""Jun 30, 2026"",1,""$ 525,840"",,F,CF,24,Uruguay,Lyon,False,"
"Oussama El Azzouzi,,""$ 10,112"",""$ 525,840"",""$ 131,460"",""$ 657,300"",Loan,""Aug 1, 2025"",""Jun 30, 2026"",1,""$ 525,840"",,M,DM,24,Morocco,Auxerre,True,"
"Yassine Kechta,,""$ 10,112"",""$ 525,840"",""$ 131,460"",""$ 657,300"",Active,""Aug 4, 2023"",""Jun 30, 2026"",1,""$ 525,840"",,M,CM,23,Morocco,Le Havre,True,"
"Rudy Matondo,,""$ 10,112"",""$ 525,840"",""$ 131,460"",""$ 657,300"",Active,""Feb 2, 2026"",""Jun 30, 2026"",1,""$ 525,840"",,M,CM,17,France,Paris FC,True,"
"Bilal Nadir,,""$ 10,112"",""$ 525,840"",""$ 131,460"",""$ 657,300"",Active,""Mar 13, 2024"",""Jun 30, 2026"",1,""$ 525,840"",,M,CM,22,Morocco,Marseille,True,"
"Abu Francis,,""$ 10,112"",""$ 525,840"",""$ 131,460"",""$ 657,300"",Active,""Aug 6, 2025"",""Jun 30, 2029"",4,""$ 2,103,361"",,M,CM,24,Ghana,Toulouse,True,"
"Uros Radakovic,,""$ 10,112"",""$ 525,840"",""$ 131,460"",""$ 657,300"",Active,""Jul 1, 2025"",""Jun 30, 2027"",2,""$ 1,051,680"",,D,CB,31,Serbia,Nantes,True,"
"Obed Nkambadio,,""$ 10,112"",""$ 525,840"",""$ 131,460"",""$ 657,300"",Active,""Oct 5, 2024"",""Jun 30, 2027"",2,""$ 1,051,680"",,K,GK,22,France,Paris FC,True,"
"Abdoulaye Bamba,,""$ 10,112"",""$ 525,840"",""$ 131,460"",""$ 657,300"",Active,""Jun 18, 2025"",""Jun 30, 2026"",1,""$ 525,840"",,D,CB,35,Cote d'Ivoire,Angers,True,"
"Emmanuel Biumla,,""$ 10,112"",""$ 525,840"",""$ 131,460"",""$ 657,300"",Active,""Jun 19, 2025"",""Jun 30, 2028"",3,""$ 1,577,521"",,D,CB,20,France,Angers,True,"
"Nhoa Sangui,,""$ 10,112"",""$ 525,840"",""$ 131,460"",""$ 657,300"",Active,""Jul 1, 2025"",""Jun 30, 2030"",5,""$ 2,629,201"",,D,LB,19,France,Paris FC,True,"
"Johann Lepenant,,""$ 10,112"",""$ 525,840"",""$ 131,460"",""$ 657,300"",Active,""Jul 1, 2025"",""Jun 30, 2029"",4,""$ 2,103,361"",,M,DM,23,France,Nantes,True,"
"Panos Katseris,,""$ 10,112"",""$ 525,840"",""$ 131,460"",""$ 657,300"",Active,""Jan 23, 2024"",""Jun 30, 2028"",3,""$ 1,577,521"",,M,RM,24,Greece,Lorient,True,"
"Yassir Zabiri,,""$ 10,112"",""$ 525,840"",""$ 131,460"",""$ 657,300"",Active,""Feb 2, 2026"",""Jun 30, 2029"",4,""$ 2,103,361"",,F,CF,20,Morocco,Rennes,True,"
"Jonathan Fischer,,""$ 10,112"",""$ 525,840"",""$ 131,460"",""$ 657,300"",Active,""Jul 29, 2025"",""Jun 30, 2029"",4,""$ 2,103,361"",,K,GK,24,Denmark,Metz,True,"
"Jim Allevinah,,""$ 10,112"",""$ 525,840"",""$ 131,460"",""$ 657,300"",Inactive,""Jul 1, 2024"",""Jun 30, 2027"",2,""$ 1,051,680"",,F,RW,30,Gabon,Angers,False,"
"Arnaud Nordin,,""$ 10,112"",""$ 525,840"",""$ 131,460"",""$ 657,300"",Loan,""Feb 2, 2026"",""Jun 30, 2026"",1,""$ 525,840"",,F,RW,27,France,Rennes,True,"
"Yann Gboho,,""$ 10,112"",""$ 525,840"",""$ 131,460"",""$ 657,300"",Active,""Jan 8, 2024"",""Jun 30, 2027"",2,""$ 1,051,680"",,F,LW,25,France,Toulouse,True,"
"Noah Nartey,,""$ 10,112"",""$ 525,840"",""$ 131,460"",""$ 657,300"",Active,""Jan 19, 2026"",""Jun 30, 2030"",5,""$ 2,629,201"",,F,AM,20,Denmark,Lyon,True,"
"Sambou Soumano,,""$ 10,112"",""$ 525,840"",""$ 131,460"",""$ 657,300"",Active,""Jan 1, 2022"",""Jun 30, 2026"",1,""$ 525,840"",,F,CF,25,Senegal,Lorient,True,"
"Karl-Johan Johnsson,,""$ 10,112"",""$ 525,840"",""$ 131,460"",""$ 657,300"",Active,""Aug 16, 2024"",""Jun 30, 2026"",1,""$ 525,840"",,K,GK,36,Sweden,Strasbourg,True,"
"Stanis Idumbo,,""$ 15,730"",""$ 817,974"",""$ 204,493"",""$ 1,022,467"",Active,""Aug 30, 2025"",""Jun 30, 2030"",5,""$ 4,089,868"",,F,AM,20,Belgium,Monaco,True,"
"Goduine Koyalipou,,""$ 8,989"",""$ 467,413"",""$ 116,853"",""$ 584,267"",Loan,""Jan 29, 2026"",""Jun 30, 2026"",1,""$ 467,413"",,F,CF,25,Central African Republic,Angers,True,"
"Ethan Mbappé,,""$ 8,989"",""$ 467,413"",""$ 116,853"",""$ 584,267"",Active,""Jul 4, 2024"",""Jun 30, 2027"",2,""$ 934,827"",,F,RW,19,France,Lille,True,"
"Amine Sbaï,,""$ 8,989"",""$ 467,413"",""$ 116,853"",""$ 584,267"",Active,""Oct 8, 2025"",""Jun 30, 2027"",2,""$ 934,827"",,F,LW,25,Morocco,Angers,True,"
"Kamory Doumbia,,""$ 8,989"",""$ 467,413"",""$ 116,853"",""$ 584,267"",Active,""Aug 30, 2024"",""Jun 30, 2029"",4,""$ 1,869,654"",,F,AM,22,Mali,Brest,True,"
"Diego Coppola,,""$ 8,989"",""$ 467,413"",""$ 116,853"",""$ 584,267"",Loan,""Jan 29, 2026"",""Jun 30, 2026"",1,""$ 467,413"",,D,CB,22,Italy,Paris FC,True,"
"Rafael Luís,,""$ 8,989"",""$ 467,413"",""$ 116,853"",""$ 584,267"",Active,""Aug 17, 2025"",""Jun 30, 2026"",1,""$ 467,413"",,M,DM,20,Portugal,Strasbourg,True,"
"Pablo Pagis,,""$ 8,989"",""$ 467,413"",""$ 116,853"",""$ 584,267"",Active,""Sep 19, 2024"",""Jun 30, 2027"",2,""$ 934,827"",,F,LW,23,France,Lorient,True,"
"Abdoulaye Faye,,""$ 8,989"",""$ 467,413"",""$ 116,853"",""$ 584,267"",Loan,""Jul 29, 2025"",""Jun 30, 2026"",1,""$ 467,413"",,D,CB,21,Senegal,Lorient,True,"
"Giorgi Tsitaishvili,,""$ 8,989"",""$ 467,413"",""$ 116,853"",""$ 584,267"",Loan,""Jul 11, 2025"",""Jun 30, 2026"",1,""$ 467,413"",,F,RW,25,Georgia,Metz,True,"
"Giorgi Kvilitaia,,""$ 8,989"",""$ 467,413"",""$ 116,853"",""$ 584,267"",Active,""Feb 2, 2026"",""Jun 30, 2026"",1,""$ 467,413"",,F,CF,32,Georgia,Metz,True,"
"Noah Edjouma,,""$ 8,989"",""$ 467,413"",""$ 116,853"",""$ 584,267"",Active,""Feb 2, 2026"",""Jun 30, 2030"",5,""$ 2,337,067"",,F,RW,20,France,Lille,True,"
"Samuel Amo-Ameyaw,,""$ 8,989"",""$ 467,413"",""$ 116,853"",""$ 584,267"",Active,""Jul 1, 2025"",""Jun 30, 2029"",4,""$ 1,869,654"",,F,RW,19,England,Strasbourg,True,"
"Bingourou Kamara,,""$ 8,989"",""$ 467,413"",""$ 116,853"",""$ 584,267"",Active,""Jul 25, 2025"",""Jun 30, 2027"",2,""$ 934,827"",,K,GK,29,Senegal,Lorient,True,"
"Ayumu Seko,,""$ 8,989"",""$ 467,413"",""$ 116,853"",""$ 584,267"",Active,""Jul 22, 2025"",""Jun 30, 2027"",2,""$ 934,827"",,M,DM,25,Japan,Le Havre,True,"
"Juma Bah,,""$ 8,989"",""$ 467,413"",""$ 116,853"",""$ 584,267"",Loan,""Jul 1, 2025"",""Jun 30, 2026"",1,""$ 467,413"",,D,CB,19,Sierra Leone,Nice,True,"
"Sofiane Boufal,,""$ 8,989"",""$ 467,413"",""$ 116,853"",""$ 584,267"",Active,""Jan 14, 2026"",""Jun 30, 2026"",1,""$ 467,413"",,F,AM,32,Morocco,Le Havre,True,"
"Lamine Gueye,,""$ 8,989"",""$ 467,413"",""$ 116,853"",""$ 584,267"",Active,""Jul 5, 2023"",""Jun 30, 2026"",1,""$ 467,413"",,F,RW,27,Senegal,Paris FC,True,"
"Niklas Schmidt,,""$ 8,989"",""$ 467,413"",""$ 116,853"",""$ 584,267"",Inactive,""Aug 4, 2023"",""Jun 30, 2027"",2,""$ 934,827"",,M,CM,27,Germany,Toulouse,False,"
"Tylel Tati,,""$ 8,989"",""$ 467,413"",""$ 116,853"",""$ 584,267"",Active,""Oct 9, 2025"",""Jun 30, 2028"",3,""$ 1,402,240"",,D,CB,18,France,Nantes,True,"
"Samir Chergui,,""$ 8,989"",""$ 467,413"",""$ 116,853"",""$ 584,267"",Active,""Jun 21, 2022"",""Jun 30, 2026"",1,""$ 467,413"",,D,CB,26,Algeria,Paris FC,True,"
"Jhoanner Chávez,,""$ 8,989"",""$ 467,413"",""$ 116,853"",""$ 584,267"",Active,""Jul 1, 2024"",""Jun 30, 2028"",3,""$ 1,402,240"",,D,LB,23,Ecuador,Lens,True,"
"Rémy Riou,,""$ 8,989"",""$ 467,413"",""$ 116,853"",""$ 584,267"",Active,""Jul 4, 2025"",""Jun 30, 2026"",1,""$ 467,413"",,K,GK,38,France,Paris FC,True,"
"Maxi Oyedele,,""$ 8,989"",""$ 467,413"",""$ 116,853"",""$ 584,267"",Active,""Jul 16, 2025"",""Jun 30, 2030"",5,""$ 2,337,067"",,M,DM,21,Poland,Strasbourg,True,"
"Louis Mouton,,""$ 8,989"",""$ 467,413"",""$ 116,853"",""$ 584,267"",Active,""Jul 1, 2025"",""Jun 30, 2028"",3,""$ 1,402,240"",,F,AM,23,France,Angers,True,"
"Robin Risser,,""$ 8,989"",""$ 467,413"",""$ 116,853"",""$ 584,267"",Active,""Jul 4, 2025"",""Jun 30, 2030"",5,""$ 2,337,067"",,K,GK,21,France,Lens,True,"
"Pierrick Capelle,,""$ 8,989"",""$ 467,413"",""$ 116,853"",""$ 584,267"",Active,""Jun 18, 2025"",""Jun 30, 2026"",1,""$ 467,413"",,M,CM,38,France,Angers,True,"
"Antoine Mendy,,""$ 8,989"",""$ 467,413"",""$ 116,853"",""$ 584,267"",Active,""Aug 26, 2024"",""Jun 30, 2028"",3,""$ 1,402,240"",,D,CB,21,Senegal,Nice,True,"
"Abdelhamid Ait Boudlal,,""$ 7,865"",""$ 408,987"",""$ 102,247"",""$ 511,234"",Active,""Jul 2, 2024"",""Jun 30, 2028"",3,""$ 1,226,960"",,D,CB,19,Morocco,Rennes,True,"
"Théo Le Bris,,""$ 7,865"",""$ 408,987"",""$ 102,247"",""$ 511,234"",Active,""Mar 10, 2023"",""Jun 30, 2027"",2,""$ 817,974"",,M,RM,23,France,Lorient,True,"
"Darline Yongwa,,""$ 7,865"",""$ 408,987"",""$ 102,247"",""$ 511,234"",Active,""Jul 1, 2022"",""Jun 30, 2026"",1,""$ 408,987"",,D,LB,25,Cameroon,Lorient,True,"
"Arsène Kouassi,,""$ 7,865"",""$ 408,987"",""$ 102,247"",""$ 511,234"",Active,""Jul 24, 2025"",""Jun 30, 2029"",4,""$ 1,635,947"",,M,LM,21,Burkina Faso,Lorient,True,"
"Abakar Sylla,,""$ 7,865"",""$ 408,987"",""$ 102,247"",""$ 511,234"",Loan,""Feb 2, 2026"",""Jun 30, 2026"",1,""$ 408,987"",,D,CB,23,Cote d'Ivoire,Nantes,True,"
"Simon Ebonog,,""$ 7,865"",""$ 408,987"",""$ 102,247"",""$ 511,234"",Active,""Jan 15, 2026"",""Jun 30, 2029"",4,""$ 1,635,947"",,M,CM,21,France,Le Havre,True,"
"Frédéric Guilbert,,""$ 7,865"",""$ 408,987"",""$ 102,247"",""$ 511,234"",Active,""Jan 28, 2026"",""Jun 30, 2026"",1,""$ 408,987"",,D,RB,31,France,Nantes,True,"
"Lucas Gourna-Douath,,""$ 7,865"",""$ 408,987"",""$ 102,247"",""$ 511,234"",Loan,""Jan 16, 2026"",""Jun 30, 2026"",1,""$ 408,987"",,M,DM,22,France,Le Havre,True,"
"Patrik Carlgren,,""$ 7,865"",""$ 408,987"",""$ 102,247"",""$ 511,234"",Active,""Aug 30, 2024"",""Jun 30, 2026"",1,""$ 408,987"",,K,GK,34,Sweden,Nantes,True,"
"Lionel Mpasi-Nzau,,""$ 7,865"",""$ 408,987"",""$ 102,247"",""$ 511,234"",Active,""Jul 13, 2025"",""Jun 30, 2027"",2,""$ 817,974"",,K,GK,31,Democratic Republic of the Congo,Le Havre,True,"
"Kojo Peprah Oppong,,""$ 7,865"",""$ 408,987"",""$ 102,247"",""$ 511,234"",Active,""Jul 25, 2025"",""Jun 30, 2029"",4,""$ 1,635,947"",,D,CB,21,Ghana,Nice,True,"
"Pathé Mboup,,""$ 7,865"",""$ 408,987"",""$ 102,247"",""$ 511,234"",Active,""Aug 31, 2025"",""Jun 30, 2030"",5,""$ 2,044,934"",,F,LW,22,Senegal,Brest,True,"
"Luck Zogbé,,""$ 7,865"",""$ 408,987"",""$ 102,247"",""$ 511,234"",Active,""Jul 2, 2025"",""Jun 30, 2029"",4,""$ 1,635,947"",,D,RB,20,Cote d'Ivoire,Brest,True,"
"Bradley Locko,,""$ 7,865"",""$ 408,987"",""$ 102,247"",""$ 511,234"",Active,""Jul 27, 2023"",""Jun 30, 2027"",2,""$ 817,974"",,D,LB,23,France,Brest,True,"
"Ibrahim Osman,,""$ 7,865"",""$ 408,987"",""$ 102,247"",""$ 511,234"",Inactive,""Jul 8, 2025"",""Jun 30, 2026"",1,""$ 408,987"",,F,LW,21,Ghana,Auxerre,False,"
"Assane Dioussé,,""$ 7,865"",""$ 408,987"",""$ 102,247"",""$ 511,234"",Active,""Aug 10, 2023"",""Jun 30, 2026"",1,""$ 408,987"",,M,DM,28,Senegal,Auxerre,True,"
"Yassin Belkhdim,,""$ 7,865"",""$ 408,987"",""$ 102,247"",""$ 511,234"",Active,""Jun 19, 2025"",""Jun 30, 2028"",3,""$ 1,226,960"",,M,CM,23,Morocco,Angers,True,"
"Lilian Raolisoa,,""$ 7,865"",""$ 408,987"",""$ 102,247"",""$ 511,234"",Active,""Jul 30, 2025"",""Jun 30, 2028"",3,""$ 1,226,960"",,D,RB,25,France,Angers,True,"
"Abakar Sylla,,""$ 7,865"",""$ 408,987"",""$ 102,247"",""$ 511,234"",Inactive,""Jul 15, 2023"",""Jun 30, 2028"",3,""$ 1,226,960"",,D,CB,23,Cote d'Ivoire,Strasbourg,False,"
"Gessime Yassine,,""$ 7,865"",""$ 408,987"",""$ 102,247"",""$ 511,234"",Active,""Jan 17, 2026"",""Jun 30, 2030"",5,""$ 2,044,934"",,F,RW,20,Morocco,Strasbourg,True,"
"Emersonn,,""$ 7,865"",""$ 408,987"",""$ 102,247"",""$ 511,234"",Active,""Sep 1, 2025"",""Jun 30, 2026"",1,""$ 408,987"",,F,CF,21,Brazil,Toulouse,True,"
"Santiago Hidalgo,,""$ 7,865"",""$ 408,987"",""$ 102,247"",""$ 511,234"",Active,""Jul 31, 2025"",""Jun 30, 2029"",4,""$ 1,635,947"",,F,CF,20,Argentina,Toulouse,True,"
"Afonso Moreira,,""$ 7,865"",""$ 408,987"",""$ 102,247"",""$ 511,234"",Active,""Jul 22, 2025"",""Jun 30, 2029"",4,""$ 1,635,947"",,F,LW,20,Portugal,Lyon,True,"
"Mamadou Coulibaly,,""$ 11,236"",""$ 584,267"",""$ 146,067"",""$ 730,334"",Active,""Oct 10, 2024"",""Jun 30, 2028"",3,""$ 1,752,801"",,M,CM,21,France,Monaco,True,"
"Junior Diaz,,""$ 6,742"",""$ 350,560"",""$ 87,640"",""$ 438,200"",Loan,""Jul 13, 2025"",""Jun 30, 2026"",1,""$ 350,560"",,D,CB,22,Cote d'Ivoire,Brest,True,"
"Luca Koleosho,,""$ 6,742"",""$ 350,560"",""$ 87,640"",""$ 438,200"",Loan,""Jan 9, 2026"",""Jun 30, 2026"",1,""$ 350,560"",,F,RW,21,Italy,Paris FC,True,"
"Godson Kyeremeh,,""$ 6,742"",""$ 350,560"",""$ 87,640"",""$ 438,200"",Active,""Jul 11, 2025"",""Jun 30, 2027"",2,""$ 701,120"",,F,RW,25,France,Le Havre,True,"
"Mamadou Mbow,,""$ 6,742"",""$ 350,560"",""$ 87,640"",""$ 438,200"",Active,""Jul 20, 2023"",""Jun 30, 2028"",3,""$ 1,051,680"",,D,CB,25,Senegal,Paris FC,True,"
"Jacen Russell-Rowe,,""$ 6,742"",""$ 350,560"",""$ 87,640"",""$ 438,200"",Active,""Feb 2, 2026"",""Jun 30, 2029"",4,""$ 1,402,240"",,F,CF,23,Canada,Toulouse,True,"
"Herba Guirassy,,""$ 6,742"",""$ 350,560"",""$ 87,640"",""$ 438,200"",Active,""Nov 1, 2024"",""Jun 30, 2028"",3,""$ 1,051,680"",,F,LW,19,France,Nantes,True,"
"Dayann Methalie,,""$ 6,742"",""$ 350,560"",""$ 87,640"",""$ 438,200"",Active,""Oct 16, 2025"",""Jun 30, 2030"",5,""$ 1,752,801"",,M,LM,19,France,Toulouse,True,"
"Dermane Karim,,""$ 6,742"",""$ 350,560"",""$ 87,640"",""$ 438,200"",Loan,""Aug 9, 2025"",""Jun 30, 2026"",1,""$ 350,560"",,F,AM,22,Togo,Lorient,True,"
"Daouda Guindo,,""$ 6,742"",""$ 350,560"",""$ 87,640"",""$ 438,200"",Active,""Aug 26, 2025"",""Jun 30, 2026"",1,""$ 350,560"",,D,LB,23,Mali,Brest,True,"
"Mario Sauer,,""$ 6,742"",""$ 350,560"",""$ 87,640"",""$ 438,200"",Active,""Jul 1, 2025"",""Jun 30, 2026"",1,""$ 350,560"",,M,CM,21,Slovakia,Toulouse,True,"
"Benjamin Leroy,,""$ 6,742"",""$ 350,560"",""$ 87,640"",""$ 438,200"",Active,""Jul 5, 2024"",""Jun 30, 2026"",1,""$ 350,560"",,K,GK,36,France,Lorient,True,"
"Amady Camara,,""$ 6,742"",""$ 350,560"",""$ 87,640"",""$ 438,200"",Loan,""Aug 9, 2025"",""Jun 30, 2026"",1,""$ 350,560"",,F,CF,20,Mali,Nantes,True,"
"Issa Soumaré,,""$ 6,742"",""$ 350,560"",""$ 87,640"",""$ 438,200"",Active,""Jul 4, 2023"",""Jun 30, 2026"",1,""$ 350,560"",,F,LW,25,Senegal,Le Havre,True,"
"Sofiane Alakouch,,""$ 6,742"",""$ 350,560"",""$ 87,640"",""$ 438,200"",Active,""Jul 1, 2024"",""Jun 30, 2026"",1,""$ 350,560"",,D,RB,27,Morocco,Paris FC,True,"
"Arthur Avom,,""$ 6,742"",""$ 350,560"",""$ 87,640"",""$ 438,200"",Active,""Jul 1, 2024"",""Jun 30, 2026"",1,""$ 350,560"",,M,CM,21,Cameroon,Lorient,True,"
"Tuomas Ollila,,""$ 6,742"",""$ 350,560"",""$ 87,640"",""$ 438,200"",Active,""Jan 29, 2024"",""Jun 30, 2027"",2,""$ 701,120"",,D,LB,25,Finland,Paris FC,True,"
"Rafael Fernandes,,""$ 6,742"",""$ 350,560"",""$ 87,640"",""$ 438,200"",Active,""Jan 31, 2024"",""Jun 30, 2028"",3,""$ 1,051,680"",,D,CB,23,Portugal,Lille,True,"
"Tochukwu Nnadi,,""$ 6,742"",""$ 350,560"",""$ 87,640"",""$ 438,200"",Active,""Feb 2, 2026"",""Jun 30, 2030"",5,""$ 1,752,801"",,M,DM,22,Nigeria,Marseille,True,"
"Yanis Zouaoui,,""$ 6,742"",""$ 350,560"",""$ 87,640"",""$ 438,200"",Active,""Jul 5, 2024"",""Jun 30, 2027"",2,""$ 701,120"",,D,LB,27,France,Le Havre,True,"
"Nidal Celik,,""$ 6,742"",""$ 350,560"",""$ 87,640"",""$ 438,200"",Active,""Feb 3, 2025"",""Jun 30, 2029"",4,""$ 1,402,240"",,D,CB,19,Bosnia-Herzegovina,Lens,True,"
"Pape Demba Diop,,""$ 6,742"",""$ 350,560"",""$ 87,640"",""$ 438,200"",Loan,""Jan 7, 2026"",""Jun 30, 2026"",1,""$ 350,560"",,M,CM,22,Senegal,Toulouse,True,"
"Lasso Coulibaly,,""$ 6,742"",""$ 350,560"",""$ 87,640"",""$ 438,200"",Active,""Jul 1, 2024"",""Jun 30, 2028"",3,""$ 1,051,680"",,F,RW,23,Cote d'Ivoire,Auxerre,True,"
"Warren Kamanzi,,""$ 6,742"",""$ 350,560"",""$ 87,640"",""$ 438,200"",Active,""Jan 2, 2023"",""Jun 30, 2026"",1,""$ 350,560"",,D,RB,25,Norway,Toulouse,True,"
"Paris Brunner,,""$ 10,112"",""$ 525,840"",""$ 131,460"",""$ 657,300"",Active,""Aug 16, 2024"",""Jun 30, 2028"",3,""$ 1,577,521"",,F,CF,19,Germany,Monaco,True,"
"Ismaëlo Ganiou,,""$ 5,618"",""$ 292,133"",""$ 73,033"",""$ 365,167"",Active,""Jul 1, 2025"",""Jun 30, 2027"",2,""$ 584,267"",,D,CB,20,Burkina Faso,Lens,True,"
"Renato Marin,,""$ 5,618"",""$ 292,133"",""$ 81,797"",""$ 373,931"",Active,""Jul 17, 2025"",""Jun 30, 2030"",5,""$ 1,460,667"",,K,GK,19,Italy,PSG,True,"
"Jacques Ekomié,,""$ 5,618"",""$ 292,133"",""$ 73,033"",""$ 365,167"",Active,""Jul 31, 2024"",""Jun 30, 2027"",2,""$ 584,267"",,D,LB,22,Gabon,Angers,True,"
"Rafik Messali,,""$ 5,618"",""$ 292,133"",""$ 73,033"",""$ 365,167"",Active,""Jun 13, 2025"",""Jun 30, 2028"",3,""$ 876,400"",,M,RM,22,Algeria,Toulouse,True,"
"Fodé Doucouré,,""$ 5,618"",""$ 292,133"",""$ 73,033"",""$ 365,167"",Active,""Jul 22, 2025"",""Jun 30, 2027"",2,""$ 584,267"",,D,RB,25,Mali,Le Havre,True,"
"Felix Mambimbi,,""$ 5,618"",""$ 292,133"",""$ 73,033"",""$ 365,167"",Active,""Jul 11, 2025"",""Jun 30, 2027"",2,""$ 584,267"",,F,LW,25,Switzerland,Le Havre,True,"
"Fodé Sylla,,""$ 5,618"",""$ 292,133"",""$ 73,033"",""$ 365,167"",Active,""Aug 13, 2025"",""Jun 30, 2028"",3,""$ 876,400"",,M,DM,19,France,Lens,True,"
"Stefan Bajic,,""$ 5,618"",""$ 292,133"",""$ 73,033"",""$ 365,167"",Active,""Aug 16, 2025"",""Jun 30, 2026"",1,""$ 292,133"",,K,GK,24,France,Strasbourg,True,"
"Rémy Labeau Lascary,,""$ 5,618"",""$ 292,133"",""$ 73,033"",""$ 365,167"",Loan,""Aug 31, 2025"",""Jun 30, 2026"",1,""$ 292,133"",,F,CF,22,France,Brest,True,"
"Mohamed Kaba,,""$ 5,618"",""$ 292,133"",""$ 73,033"",""$ 365,167"",Loan,""Jan 29, 2026"",""Jun 30, 2026"",1,""$ 292,133"",,M,CM,24,France,Nantes,True,"
"Mathys De Carvalho,,""$ 5,618"",""$ 292,133"",""$ 73,033"",""$ 365,167"",Active,""Jul 11, 2025"",""Jun 30, 2028"",3,""$ 876,400"",,M,DM,20,Portugal,Lyon,True,"
"Adama Camara,,""$ 5,618"",""$ 292,133"",""$ 73,033"",""$ 365,167"",Active,""Jul 1, 2023"",""Jun 30, 2027"",2,""$ 584,267"",,M,DM,29,France,Paris FC,True,"
"Ousmane Camara,,""$ 5,618"",""$ 292,133"",""$ 73,033"",""$ 365,167"",Active,""Oct 3, 2025"",""Jun 30, 2029"",4,""$ 1,168,534"",,D,CB,22,Mali,Angers,True,"
"Saïdou Sow,,""$ 5,618"",""$ 292,133"",""$ 73,033"",""$ 365,167"",Inactive,""Aug 9, 2023"",""Jun 30, 2028"",3,""$ 876,400"",,D,CB,23,Guinea,Strasbourg,False,"
"Rayan Fofana,,""$ 5,618"",""$ 292,133"",""$ 73,033"",""$ 365,167"",Active,""Dec 11, 2025"",""Jun 30, 2029"",4,""$ 1,168,534"",,F,CF,19,France,Lens,True,"
"Joel Asoro,,""$ 5,618"",""$ 292,133"",""$ 73,033"",""$ 365,167"",Inactive,""Aug 24, 2023"",""Jun 30, 2027"",2,""$ 584,267"",,F,RW,26,Sweden,Metz,False,"
"Bryan Okoh,,""$ 5,618"",""$ 292,133"",""$ 73,033"",""$ 365,167"",Active,""Jan 29, 2026"",""Jun 30, 2029"",4,""$ 1,168,534"",,D,CB,22,Switzerland,Auxerre,True,"
"Anthony Bermont,,""$ 5,618"",""$ 292,133"",""$ 73,033"",""$ 365,167"",Active,""Nov 4, 2025"",""Jun 30, 2029"",4,""$ 1,168,534"",,F,LW,20,France,Lens,True,"
"Joel Mvuka,,""$ 5,169"",""$ 268,763"",""$ 67,191"",""$ 335,953"",Inactive,""Jan 31, 2023"",""Jun 30, 2027"",2,""$ 537,526"",,F,RW,23,Norway,Lorient,False,"
"Achraf Laâziri,,""$ 4,494"",""$ 233,707"",""$ 58,427"",""$ 292,133"",Active,""Jul 1, 2023"",""Jun 30, 2027"",2,""$ 467,413"",,D,LB,22,Morocco,Lyon,True,"
"Kjetil Haug,,""$ 4,494"",""$ 233,707"",""$ 58,427"",""$ 292,133"",Active,""Jul 1, 2022"",""Jun 30, 2026"",1,""$ 233,707"",,K,GK,27,Norway,Toulouse,True,"
"Grégoire Coudert,,""$ 4,494"",""$ 233,707"",""$ 58,427"",""$ 292,133"",Active,""Aug 14, 2024"",""Jun 30, 2027"",2,""$ 467,413"",,K,GK,26,France,Brest,True,"
"Ali Youssif,,""$ 4,494"",""$ 233,707"",""$ 58,427"",""$ 292,133"",Active,""Jan 19, 2026"",""Jun 30, 2028"",3,""$ 701,120"",,D,CB,24,Libya,Nantes,True,"
"Andrija Bulatovic,,""$ 4,494"",""$ 233,707"",""$ 58,427"",""$ 292,133"",Active,""Feb 25, 2026"",""Jun 30, 2030"",5,""$ 1,168,534"",,M,CM,19,Montenegro,Lens,True,"
"Lamine Sy,,""$ 4,494"",""$ 233,707"",""$ 58,427"",""$ 292,133"",Active,""Jul 1, 2025"",""Jun 30, 2029"",4,""$ 934,827"",,D,RB,23,France,Auxerre,True,"
"Régis Gurtner,,""$ 4,494"",""$ 233,707"",""$ 58,427"",""$ 292,133"",Active,""Jul 7, 2025"",""Jun 30, 2026"",1,""$ 233,707"",,K,GK,39,France,Lens,True,"
"Mahamadou Nagida,,""$ 4,494"",""$ 233,707"",""$ 58,427"",""$ 292,133"",Active,""Sep 29, 2025"",""Jun 30, 2029"",4,""$ 934,827"",,D,LB,20,Cameroon,Rennes,True,"
"Mathys Silistrie,,""$ 4,494"",""$ 233,707"",""$ 58,427"",""$ 292,133"",Active,""Jan 8, 2026"",""Jun 30, 2029"",4,""$ 934,827"",,K,GK,20,France,Rennes,True,"
"Pape Sy,,""$ 4,494"",""$ 233,707"",""$ 58,427"",""$ 292,133"",Active,""Jul 26, 2024"",""Jun 30, 2026"",1,""$ 233,707"",,K,GK,28,Senegal,Metz,True,"
"Julián Vignolo,,""$ 4,494"",""$ 233,707"",""$ 58,427"",""$ 292,133"",Active,""Aug 20, 2025"",""Jun 30, 2029"",4,""$ 934,827"",,F,CF,19,Argentina,Toulouse,True,"
"Abdoul Ouattara,,""$ 4,494"",""$ 233,707"",""$ 58,427"",""$ 292,133"",Active,""Dec 23, 2024"",""Jun 30, 2029"",4,""$ 934,827"",,F,RW,20,Cote d'Ivoire,Strasbourg,True,"
"Michel Mboula,,""$ 4,494"",""$ 233,707"",""$ 58,427"",""$ 292,133"",Active,""Jul 1, 2025"",""Jun 30, 2028"",3,""$ 701,120"",,D,CB,22,Gabon,Metz,True,"
"Giorgi Abuashvili,,""$ 4,494"",""$ 233,707"",""$ 58,427"",""$ 292,133"",Active,""Jul 17, 2025"",""Jun 30, 2026"",1,""$ 233,707"",,F,LW,22,Georgia,Metz,True,"
"Marc-Aurèle Caillard,,""$ 4,494"",""$ 233,707"",""$ 58,427"",""$ 292,133"",Active,""May 22, 2025"",""Jun 30, 2026"",1,""$ 233,707"",,K,GK,31,France,Lille,True,"
"Théo Vermot,,""$ 4,494"",""$ 233,707"",""$ 58,427"",""$ 292,133"",Active,""Jul 1, 2024"",""Jun 30, 2026"",1,""$ 233,707"",,K,GK,29,France,Marseille,True,"
"Bandiougou Fadiga,,""$ 4,494"",""$ 233,707"",""$ 58,427"",""$ 292,133"",Active,""Aug 14, 2024"",""Jun 30, 2028"",3,""$ 701,120"",,F,AM,25,France,Lorient,True,"
"Álex Domínguez,,""$ 4,494"",""$ 233,707"",""$ 58,427"",""$ 292,133"",Active,""Jul 26, 2023"",""Jun 30, 2027"",2,""$ 467,413"",,K,GK,27,Spain,Toulouse,True,"
"Noham Kamara,,""$ 4,494"",""$ 233,707"",""$ 58,427"",""$ 292,133"",Loan,""Feb 2, 2026"",""Jun 30, 2026"",1,""$ 233,707"",,D,CB,19,France,Lyon,True,"
"Edan Diop,,""$ 6,742"",""$ 350,560"",""$ 87,640"",""$ 438,200"",Inactive,""Jul 1, 2021"",""Jun 30, 2028"",3,""$ 1,051,680"",,M,CM,21,France,Monaco,False,"
"Aladji Bamba,,""$ 6,742"",""$ 350,560"",""$ 87,640"",""$ 438,200"",Active,""Oct 16, 2025"",""Jun 30, 2030"",5,""$ 1,752,801"",,M,DM,19,France,Monaco,True,"
"Mathieu Gorgelin,,""$ 4,045"",""$ 210,336"",""$ 52,584"",""$ 262,920"",Active,""Jan 19, 2026"",""Jun 30, 2026"",1,""$ 210,336"",,K,GK,35,France,Lens,True,"
"Trevan Sanusi,,""$ 4,045"",""$ 210,336"",""$ 52,584"",""$ 262,920"",Active,""Sep 1, 2025"",""Jun 30, 2026"",1,""$ 210,336"",,F,LW,18,England,Lorient,True,"
"Fredrik Oppegård,,""$ 4,045"",""$ 210,336"",""$ 52,584"",""$ 262,920"",Active,""Jan 29, 2025"",""Jun 30, 2028"",3,""$ 631,008"",,D,LB,23,Norway,Auxerre,True,"
"Jules Stawiecki,,""$ 5,618"",""$ 292,133"",""$ 73,033"",""$ 365,167"",Active,""May 28, 2025"",""Jun 30, 2029"",4,""$ 1,168,534"",,K,GK,18,France,Monaco,True,"
"Rémi Himbert,,""$ 3,371"",""$ 175,280"",""$ 43,820"",""$ 219,100"",Active,""Mar 10, 2026"",""Jun 30, 2028"",3,""$ 525,840"",,F,LW,18,France,Lyon,True,"
"Mathys Tourraine,,""$ 3,371"",""$ 175,280"",""$ 87,640"",""$ 262,920"",Inactive,""Jul 1, 2024"",""Jun 30, 2027"",2,""$ 350,560"",,D,RB,24,Morocco,Paris FC,False,"
"Lassine Diarra,,""$ 3,371"",""$ 175,280"",""$ 43,820"",""$ 219,100"",Active,""Nov 21, 2025"",""Jun 30, 2028"",3,""$ 525,840"",,K,GK,23,Mali,Lyon,True,"
"Sadibou Sané,,""$ 3,371"",""$ 175,280"",""$ 43,820"",""$ 219,100"",Active,""Jul 22, 2023"",""Jun 30, 2027"",2,""$ 350,560"",,D,CB,21,Senegal,Metz,True,"
"Yassine Benhattab,,""$ 3,371"",""$ 175,280"",""$ 43,820"",""$ 219,100"",Inactive,""Aug 30, 2024"",""Jun 30, 2028"",3,""$ 525,840"",,F,RW,23,France,Nantes,False,"
"Théo De Percin,,""$ 3,371"",""$ 175,280"",""$ 43,820"",""$ 219,100"",Active,""Feb 19, 2025"",""Jun 30, 2028"",3,""$ 525,840"",,K,GK,25,France,Auxerre,True,"
"Lucas Michal,,""$ 3,371"",""$ 175,280"",""$ 43,820"",""$ 219,100"",Loan,""Feb 2, 2026"",""Jun 30, 2026"",1,""$ 175,280"",,F,LW,20,France,Metz,True,"
"Harouna Djibirin,,""$ 3,371"",""$ 175,280"",""$ 43,820"",""$ 219,100"",Active,""Mar 2, 2026"",""Jun 30, 2028"",3,""$ 525,840"",,F,RW,19,Cameroon,Angers,True,"
"Gabin Bernardeau,,""$ 3,371"",""$ 175,280"",""$ 43,820"",""$ 219,100"",Active,""Feb 5, 2026"",""Jun 30, 2029"",4,""$ 701,120"",,F,AM,20,France,Nice,True,"
"Ousmane Touré,,""$ 3,371"",""$ 175,280"",""$ 43,820"",""$ 219,100"",Active,""Jul 1, 2024"",""Jun 30, 2028"",3,""$ 525,840"",,D,CB,20,France,Lille,True,"
"Jelle Van Neck,,""$ 3,371"",""$ 175,280"",""$ 43,820"",""$ 219,100"",Active,""Jul 1, 2025"",""Jun 30, 2027"",2,""$ 350,560"",,K,GK,21,Belgium,Marseille,True,"
"Dehmaine Tabibou,,""$ 3,371"",""$ 175,280"",""$ 43,820"",""$ 219,100"",Active,""Jul 9, 2025"",""Jun 30, 2030"",5,""$ 876,400"",,M,CM,20,France,Nantes,True,"
"Melvin Zinga,,""$ 3,371"",""$ 175,280"",""$ 43,820"",""$ 219,100"",Active,""Sep 23, 2024"",""Jun 30, 2026"",1,""$ 175,280"",,K,GK,23,France,Angers,True,"
"Telli Siwe,,""$ 2,697"",""$ 140,224"",""$ 35,056"",""$ 175,280"",Active,""Aug 16, 2025"",""Jun 30, 2029"",4,""$ 560,896"",,D,CB,21,France,Auxerre,True,"
"Ousmane Ba,,""$ 2,697"",""$ 140,224"",""$ 35,056"",""$ 175,280"",Active,""Sep 10, 2025"",""Jun 30, 2027"",2,""$ 280,448"",,K,GK,23,Senegal,Metz,True,"
"Marius Courcoul,,""$ 2,697"",""$ 140,224"",""$ 35,056"",""$ 175,280"",Active,""Jun 23, 2023"",""Jun 30, 2026"",1,""$ 140,224"",,M,DM,19,France,Angers,True,"
"Prosper Peter,,""$ 2,697"",""$ 140,224"",""$ 35,056"",""$ 175,280"",Active,""Mar 10, 2026"",""Jun 30, 2028"",3,""$ 420,672"",,F,CF,18,France,Angers,True,"
"Lanroy Machine,,""$ 2,697"",""$ 140,224"",""$ 35,056"",""$ 175,280"",Active,""Jul 1, 2025"",""Jun 30, 2026"",1,""$ 140,224"",,F,CF,20,France,Angers,True,"
"Yannis Lawson,,""$ 2,697"",""$ 140,224"",""$ 35,056"",""$ 175,280"",Active,""Jul 3, 2025"",""Jun 30, 2028"",3,""$ 420,672"",,D,LB,21,Belgium,Metz,True,"
"Alpha Touré,,""$ 2,697"",""$ 140,224"",""$ 35,056"",""$ 175,280"",Active,""Jul 12, 2024"",""Jun 30, 2028"",3,""$ 420,672"",,M,DM,20,Senegal,Metz,True,"
"Hamidou Makalou,,""$ 2,247"",""$ 116,853"",""$ 29,213"",""$ 146,067"",Active,""Mar 15, 2025"",""Jun 30, 2029"",4,""$ 467,413"",,M,DM,19,Mali,Brest,True,"
"Lohann Doucet,,""$ 2,247"",""$ 116,853"",""$ 29,213"",""$ 146,067"",Inactive,""Jul 1, 2024"",""Jun 30, 2027"",2,""$ 233,707"",,M,DM,23,France,Paris FC,False,"
"Djibril Coulibaly,,""$ 2,247"",""$ 116,853"",""$ 29,213"",""$ 146,067"",Active,""Jul 1, 2025"",""Jun 30, 2028"",3,""$ 350,560"",,M,CM,17,France,Nice,True,"
"Noah Jauny,,""$ 2,247"",""$ 116,853"",""$ 29,213"",""$ 146,067"",Active,""Jul 1, 2024"",""Jun 30, 2027"",2,""$ 233,707"",,K,GK,21,Ireland,Brest,True,"
"Adel Mahamoud,,""$ 2,247"",""$ 116,853"",""$ 29,213"",""$ 146,067"",Active,""Jul 1, 2025"",""Jun 30, 2026"",1,""$ 116,853"",,F,LW,23,Comoros,Nantes,True,"
"Morgan Bokele,,""$ 2,247"",""$ 116,853"",""$ 29,213"",""$ 146,067"",Inactive,""May 23, 2025"",""Jun 30, 2028"",3,""$ 350,560"",,F,LW,21,Cameroon,Metz,False,"
"Dan Sinaté,,""$ 2,247"",""$ 116,853"",""$ 29,213"",""$ 146,067"",Active,""May 15, 2025"",""Jun 30, 2029"",4,""$ 467,413"",,D,LB,19,Mali,Angers,True,"
"Alexis Mirbach,,""$ 2,247"",""$ 116,853"",""$ 29,213"",""$ 146,067"",Active,""Jul 1, 2025"",""Jun 30, 2028"",3,""$ 350,560"",,K,GK,20,France,Nantes,True,"
"Nordan Mukiele,,""$ 2,247"",""$ 116,853"",""$ 29,213"",""$ 146,067"",Active,""Jul 1, 2025"",""Jun 30, 2028"",3,""$ 350,560"",,F,RW,19,France,Rennes,True,"
"Yann Lienard,,""$ 3,371"",""$ 175,280"",""$ 43,820"",""$ 219,100"",Active,""Aug 17, 2023"",""Jun 30, 2027"",2,""$ 350,560"",,K,GK,22,France,Monaco,True,"
"Lucas Michal,,""$ 3,371"",""$ 175,280"",""$ 43,820"",""$ 219,100"",Inactive,""Feb 6, 2025"",""Jun 30, 2029"",4,""$ 701,120"",,F,LW,20,France,Monaco,False,"
"Kenny Quetant,,""$ 2,022"",""$ 105,168"",""$ 26,292"",""$ 131,460"",Active,""Jan 1, 2026"",""Jun 30, 2026"",1,""$ 105,168"",,F,CF,19,France,Le Havre,True,"
"Daren Mosengo,,""$ 2,022"",""$ 105,168"",""$ 26,292"",""$ 131,460"",Active,""Jul 1, 2025"",""Jun 30, 2026"",1,""$ 105,168"",,M,DM,19,France,Le Havre,True,"
"Bahmed Deuff,,""$ 2,022"",""$ 105,168"",""$ 26,292"",""$ 131,460"",Active,""Jul 8, 2025"",""Jun 30, 2029"",4,""$ 420,672"",,M,DM,19,France,Nantes,True,"
"Elías Legendre Quiñónez,,""$ 2,022"",""$ 105,168"",""$ 26,292"",""$ 131,460"",Active,""Dec 3, 2025"",""Jun 30, 2029"",4,""$ 420,672"",,F,RW,17,Ecuador,Rennes,True,"
"Enzo Faty,,""$ 2,022"",""$ 105,168"",""$ 26,292"",""$ 131,460"",Active,""Jul 1, 2025"",""Jun 30, 2026"",1,""$ 105,168"",,F,CF,18,France,Toulouse,True,"
"Ryan Rodin,,""$ 2,022"",""$ 105,168"",""$ 26,292"",""$ 131,460"",Active,""Jan 1, 2025"",""Jun 30, 2028"",3,""$ 315,504"",,F,CF,19,France,Auxerre,True,"
"Nathan Buayi-Kiala,,""$ 2,022"",""$ 105,168"",""$ 26,292"",""$ 131,460"",Active,""Jul 1, 2024"",""Jun 30, 2026"",1,""$ 105,168"",,M,DM,21,France,Auxerre,True,"
"Ismaël Guerti,,""$ 2,022"",""$ 105,168"",""$ 26,292"",""$ 131,460"",Active,""Jul 1, 2025"",""Jun 30, 2027"",2,""$ 210,336"",,F,AM,21,Morocco,Metz,True,"
"Noam Obougou,,""$ 2,022"",""$ 105,168"",""$ 26,292"",""$ 131,460"",Active,""Jan 14, 2026"",""Jun 30, 2026"",1,""$ 105,168"",,F,CF,19,France,Le Havre,True,"
"Seny Koumbassa,,""$ 2,022"",""$ 105,168"",""$ 26,292"",""$ 131,460"",Active,""Jul 1, 2025"",""Jun 30, 2028"",3,""$ 315,504"",,D,CB,18,France,Toulouse,True,"
"Alpha Diallo,,""$ 2,022"",""$ 105,168"",""$ 26,292"",""$ 131,460"",Active,""Jul 1, 2025"",""Jun 30, 2027"",2,""$ 210,336"",,F,AM,19,France,Lens,True,"
"Raphaël Le Guen,,""$ 2,022"",""$ 105,168"",""$ 26,292"",""$ 131,460"",Active,""Jan 21, 2026"",""Jun 30, 2029"",4,""$ 420,672"",,D,CB,19,France,Brest,True,"
"Bartosz Zelazowski,,""$ 2,022"",""$ 105,168"",""$ 26,292"",""$ 131,460"",Active,""Jul 1, 2025"",""Jun 30, 2026"",1,""$ 105,168"",,K,GK,20,Poland,Nice,True,"
"Oumar Pona,,""$ 2,022"",""$ 105,168"",""$ 26,292"",""$ 131,460"",Active,""Jul 1, 2025"",""Jun 30, 2027"",2,""$ 210,336"",,K,GK,19,Mali,Angers,True,"
"Alvin Petit Dol,,""$ 1,798"",""$ 93,483"",""$ 23,371"",""$ 116,853"",Active,""Jul 1, 2025"",""Jun 30, 2026"",1,""$ 93,483"",,D,CB,19,France,Auxerre,True,"
"Marius Louër,,""$ 1,798"",""$ 93,483"",""$ 23,371"",""$ 116,853"",Active,""Jul 1, 2025"",""Jun 30, 2028"",3,""$ 280,448"",,D,RB,18,France,Angers,True,"
"Sékou Doucouré,,""$ 1,798"",""$ 93,483"",""$ 23,371"",""$ 116,853"",Loan,""Mar 19, 2025"",""Jun 30, 2027"",2,""$ 186,965"",,D,CB,20,Mali,Nantes,True,"
"Saliou Diop,,""$ 1,798"",""$ 93,483"",""$ 23,371"",""$ 116,853"",Active,""Jul 1, 2025"",""Jun 30, 2026"",1,""$ 93,483"",,F,CF,20,Senegal,Brest,True,"
"Joseph Mangondo,,""$ 1,798"",""$ 93,483"",""$ 23,371"",""$ 116,853"",Active,""Jul 1, 2025"",""Jun 30, 2028"",3,""$ 280,448"",,F,CF,20,France,Metz,True,"
"Guy-Noël Zohouri,,""$ 1,798"",""$ 93,483"",""$ 23,371"",""$ 116,853"",Active,""Jul 1, 2025"",""Jun 30, 2027"",2,""$ 186,965"",,M,CM,19,Cote d'Ivoire,Le Havre,True,"
"Cléo Mélières,,""$ 1,798"",""$ 93,483"",""$ 23,371"",""$ 116,853"",Active,""Jul 1, 2025"",""Jun 30, 2026"",1,""$ 93,483"",,D,RB,20,France,Metz,True,"
"Tom Negrel,,""$ 1,798"",""$ 93,483"",""$ 23,371"",""$ 116,853"",Active,""Jul 10, 2024"",""Jun 30, 2026"",1,""$ 93,483"",,K,GK,22,France,Auxerre,True,"
"Alexis Vossah,,""$ 1,798"",""$ 93,483"",""$ 23,371"",""$ 116,853"",Active,""Sep 25, 2025"",""Jun 30, 2028"",3,""$ 280,448"",,M,CM,17,France,Toulouse,True,"
"Paul Argney,,""$ 1,798"",""$ 93,483"",""$ 23,371"",""$ 116,853"",Active,""Jul 1, 2024"",""Jun 30, 2027"",2,""$ 186,965"",,K,GK,19,France,Le Havre,True,"
"Kyllian Antonio,,""$ 1,798"",""$ 93,483"",""$ 23,371"",""$ 116,853"",Active,""Jul 1, 2025"",""Jun 30, 2026"",1,""$ 93,483"",,D,CB,18,France,Lens,True,"
"Louis Mezerette,,""$ 1,798"",""$ 93,483"",""$ 23,371"",""$ 116,853"",Active,""Jul 1, 2025"",""Jun 30, 2028"",3,""$ 280,448"",,K,GK,19,France,Auxerre,True,"
"Stephan Zagadou,,""$ 1,573"",""$ 81,797"",""$ 20,449"",""$ 102,247"",Active,""Jul 1, 2025"",""Jun 30, 2026"",1,""$ 81,797"",,D,CB,17,France,Le Havre,True,"
"Tidiane Devernois,,""$ 1,573"",""$ 81,797"",""$ 20,449"",""$ 102,247"",Active,""Jul 1, 2024"",""Jun 30, 2028"",3,""$ 245,392"",,M,CM,18,France,Auxerre,True,"
"Ilan Jourdren,,""$ 1,573"",""$ 81,797"",""$ 20,449"",""$ 102,247"",Active,""Jul 1, 2025"",""Jun 30, 2029"",4,""$ 327,189"",,K,GK,17,France,Lens,True,"
"Elikya Legros,,""$ 1,348"",""$ 70,112"",""$ 17,528"",""$ 87,640"",Active,""Jul 1, 2025"",""Jun 30, 2028"",3,""$ 210,336"",,D,CB,17,France,Auxerre,True,"
"Randal Kolo Muani,,,,,,Inactive,""Sep 1, 2023"",""Jun 30, 2028"",3,,,F,CF,26,France,PSG,False,"
"Renato Sanches,,,,,,Inactive,""Aug 4, 2022"",""Jun 30, 2027"",2,,,M,CM,27,Portugal,PSG,False,"
"Mahamadou Diawara,,,,,,Inactive,""Jun 12, 2024"",""Jun 30, 2028"",3,,,M,CM,20,France,Lyon,False,"
"Rayane Messi,,,,,,Inactive,""Aug 30, 2025"",""Jun 30, 2030"",5,,,F,LW,18,France,Strasbourg,False,"
"Duje Caleta-Car,,,,,,Inactive,""Jul 8, 2024"",""Jun 30, 2027"",2,,,D,CB,28,Croatia,Lyon,False,"
