"Player,Unnamed: 1_level_1,Net Fixed P/W (USD),Net Fixed P/Y (USD),Net Bonus P/Y (USD),Net Total P/Y (USD),Status,Signed,""Expiration Jun 30, 2026Jun 30, 2027Jun 30, 2028Jun 30, 2029Jun 30, 2030Jun 30, 2031"",Years Remaining 123456,Net Remaining (USD),Release Clause (USD),Pos. DFKM,Pos. AMCBCFCMDMGKLBLMLWRBRMRWSS,Age,Country,Club,Active,Loan"
"Dušan Vlahović,,""$ 269,662"",""$ 14,022,405"",""$ 3,505,601"",""$ 17,528,006"",Active,""Jan 28, 2022"",""Jun 30, 2026"",1,""$ 14,022,405"",,F,CF,26,Serbia,Juventus,True,"
"Lautaro Martínez,,""$ 202,246"",""$ 10,516,804"",""$ 2,337,067"",""$ 12,853,871"",Active,""Aug 12, 2024"",""Jun 30, 2029"",4,""$ 42,067,214"",,F,CF,28,Argentina,Inter Milan,True,"
"Paulo Dybala,,""$ 157,303"",""$ 8,179,736"",""$ 1,168,534"",""$ 9,348,270"",Active,""Jan 17, 2025"",""Jun 30, 2026"",1,""$ 8,179,736"",""$ 14,022,405"",F,SS,32,Argentina,Roma,True,"
"Nicolò Barella,,""$ 146,067"",""$ 7,595,469"",""$ 584,267"",""$ 8,179,736"",Active,""Jun 11, 2024"",""Jun 30, 2029"",4,""$ 30,381,877"",,M,CM,28,Italy,Inter Milan,True,"
"Hakan Çalhanoğlu,,""$ 134,831"",""$ 7,011,202"",""$ 584,267"",""$ 7,595,469"",Active,""Jul 5, 2023"",""Jun 30, 2027"",2,""$ 14,022,405"",,M,DM,31,Turkey,Inter Milan,True,"
"Jonathan David,,""$ 134,831"",""$ 7,011,202"",""$ 2,337,067"",""$ 9,348,270"",Active,""Jul 4, 2025"",""Jun 30, 2030"",5,""$ 35,056,012"",,F,CF,26,Canada,Juventus,True,"
"Kevin De Bruyne,,""$ 134,831"",""$ 7,011,202"",""$ 1,752,801"",""$ 8,764,003"",Active,""Jul 1, 2025"",""Jun 30, 2027"",2,""$ 14,022,405"",,F,AM,34,Belgium,Napoli,True,"
"Alessandro Bastoni,,""$ 123,595"",""$ 6,426,936"",""$ 1,168,534"",""$ 7,595,469"",Active,""Jul 5, 2023"",""Jun 30, 2028"",3,""$ 19,280,807"",,D,CB,26,Italy,Inter Milan,True,"
"Adrien Rabiot,,""$ 112,359"",""$ 5,842,669"",""$ 1,460,667"",""$ 7,303,336"",Active,""Sep 1, 2025"",""Jun 30, 2028"",3,""$ 17,528,006"",,M,CM,30,France,AC Milan,True,"
"Christopher Nkunku,,""$ 112,359"",""$ 5,842,669"",""$ 1,460,667"",""$ 7,303,336"",Active,""Aug 30, 2025"",""Jun 30, 2030"",5,""$ 29,213,343"",,F,CF,28,France,AC Milan,True,"
"Rasmus Højlund,,""$ 112,359"",""$ 5,842,669"",""$ 1,460,667"",""$ 7,303,336"",Loan,""Sep 1, 2025"",""Jun 30, 2026"",1,""$ 5,842,669"",,F,CF,23,Denmark,Napoli,True,"
"Bremer,,""$ 112,359"",""$ 5,842,669"",""$ 1,168,534"",""$ 7,011,202"",Active,""Aug 5, 2024"",""Jun 30, 2029"",4,""$ 23,370,675"",,D,CB,28,Brazil,Juventus,True,"
"Piotr Zieliński,,""$ 101,123"",""$ 5,258,402"",""$ 1,168,534"",""$ 6,426,936"",Active,""Jul 1, 2024"",""Jun 30, 2028"",3,""$ 15,775,205"",,M,CM,31,Poland,Inter Milan,True,"
"Álvaro Morata,,""$ 101,123"",""$ 5,258,402"",""$ 1,314,600"",""$ 6,573,002"",Loan,""Aug 12, 2025"",""Jun 30, 2026"",1,""$ 5,258,402"",,F,CF,33,Spain,Como,True,"
"Romelu Lukaku,,""$ 134,831"",""$ 7,011,202"",""$ 2,337,067"",""$ 9,348,270"",Active,""Aug 29, 2024"",""Jun 30, 2027"",2,""$ 14,022,405"",,F,CF,32,Belgium,Napoli,True,"
"Marcus Thuram,,""$ 134,831"",""$ 7,011,202"",""$ 584,267"",""$ 7,595,469"",Active,""Jul 1, 2023"",""Jun 30, 2028"",3,""$ 21,033,607"",""$ 111,010,704"",F,CF,28,France,Inter Milan,True,"
"Federico Dimarco,,""$ 89,887"",""$ 4,674,135"",""$ 817,974"",""$ 5,492,109"",Active,""Dec 30, 2023"",""Jun 30, 2027"",2,""$ 9,348,270"",,D,LB,28,Italy,Inter Milan,True,"
"Loïs Openda,,""$ 89,887"",""$ 4,674,135"",""$ 1,168,534"",""$ 5,842,669"",Loan,""Sep 1, 2025"",""Jun 30, 2026"",1,""$ 4,674,135"",,F,CF,25,Belgium,Juventus,True,"
"Stefan de Vrij,,""$ 85,393"",""$ 4,440,428"",""$ 1,110,107"",""$ 5,550,535"",Active,""Jul 8, 2023"",""Jun 30, 2026"",1,""$ 4,440,428"",,D,CB,33,Netherlands,Inter Milan,True,"
"Francisco Conceição,,""$ 85,393"",""$ 4,440,428"",""$ 1,110,107"",""$ 5,550,535"",Active,""Jul 22, 2025"",""Jun 30, 2030"",5,""$ 22,202,141"",,F,RW,23,Portugal,Juventus,True,"
"Maxence Caqueret,,""$ 80,898"",""$ 4,206,721"",""$ 1,051,680"",""$ 5,258,402"",Active,""Jan 12, 2025"",""Jun 30, 2029"",4,""$ 16,826,886"",,M,CM,25,France,Como,True,"
"Luka Modrić,,""$ 78,651"",""$ 4,089,868"",""$ 584,267"",""$ 4,674,135"",Active,""Jul 14, 2025"",""Jun 30, 2026"",1,""$ 4,089,868"",,M,CM,40,Croatia,AC Milan,True,"
"Manuel Akanji,,""$ 78,651"",""$ 4,089,868"",""$ 800,446"",""$ 4,890,314"",Loan,""Sep 1, 2025"",""Jun 30, 2026"",1,""$ 4,089,868"",,D,CB,30,Switzerland,Inter Milan,True,"
"Gianluca Mancini,,""$ 78,651"",""$ 4,089,868"",""$ 584,267"",""$ 4,674,135"",Active,""Jul 12, 2022"",""Jun 30, 2027"",2,""$ 8,179,736"",,D,CB,29,Italy,Roma,True,"
"Giacomo Raspadori,,""$ 78,651"",""$ 4,089,868"",""$ 1,022,467"",""$ 5,112,335"",Active,""Jan 15, 2026"",""Jun 30, 2030"",5,""$ 20,449,340"",,F,SS,25,Italy,Atalanta,True,"
"Mario Hermoso,,""$ 78,651"",""$ 4,089,868"",""$ 1,022,467"",""$ 5,112,335"",Active,""Sep 2, 2024"",""Jun 30, 2027"",2,""$ 8,179,736"",,D,CB,30,Spain,Roma,True,"
"Matteo Politano,,""$ 78,651"",""$ 4,089,868"",""$ 1,022,467"",""$ 5,112,335"",Active,""Sep 23, 2025"",""Jun 30, 2028"",3,""$ 12,269,604"",,F,RW,32,Italy,Napoli,True,"
"Lorenzo Pellegrini,,""$ 78,651"",""$ 4,089,868"",""$ 584,267"",""$ 4,674,135"",Active,""Oct 2, 2021"",""Jun 30, 2026"",1,""$ 4,089,868"",,F,AM,29,Italy,Roma,True,"
"Mike Maignan,,""$ 112,359"",""$ 5,842,669"",""$ 2,337,067"",""$ 8,179,736"",Active,""Jan 31, 2026"",""Jun 30, 2031"",6,""$ 35,056,012"",,K,GK,30,France,AC Milan,True,"
"Rafael Leão,,""$ 112,359"",""$ 5,842,669"",""$ 2,337,067"",""$ 8,179,736"",Active,""Jun 2, 2023"",""Jun 30, 2028"",3,""$ 17,528,006"",""$ 204,493,403"",F,LW,26,Portugal,AC Milan,True,"
"Manuel Locatelli,,""$ 74,157"",""$ 3,856,161"",""$ 964,040"",""$ 4,820,202"",Active,""Apr 17, 2026"",""Jun 30, 2030"",5,""$ 19,280,807"",,M,DM,28,Italy,Juventus,True,"
"Gianluca Scamacca,,""$ 71,910"",""$ 3,739,308"",""$ 934,827"",""$ 4,674,135"",Active,""Aug 7, 2023"",""Jun 30, 2027"",2,""$ 7,478,616"",,F,CF,27,Italy,Atalanta,True,"
"Moise Kean,,""$ 101,123"",""$ 5,258,402"",""$ 350,560"",""$ 5,608,962"",Active,""Aug 30, 2025"",""Jun 30, 2029"",4,""$ 21,033,607"",""$ 72,449,091"",F,CF,25,Italy,Fiorentina,True,"
"Teun Koopmeiners,,""$ 101,123"",""$ 5,258,402"",""$ 1,314,600"",""$ 6,573,002"",Active,""Aug 28, 2024"",""Jun 30, 2029"",4,""$ 21,033,607"",,F,AM,27,Netherlands,Juventus,True,"
"Federico Gatti,,""$ 69,663"",""$ 3,622,455"",""$ 467,413"",""$ 4,089,868"",Active,""Jul 23, 2025"",""Jun 30, 2030"",5,""$ 18,112,273"",,D,CB,27,Italy,Juventus,True,"
"Domenico Berardi,,""$ 67,415"",""$ 3,505,601"",""$ 876,400"",""$ 4,382,001"",Active,""Aug 21, 2025"",""Jun 30, 2029"",4,""$ 14,022,405"",,F,RW,31,Italy,Sassuolo,True,"
"Youssouf Fofana,,""$ 67,415"",""$ 3,505,601"",""$ 876,400"",""$ 4,382,001"",Active,""Aug 17, 2024"",""Jun 30, 2028"",3,""$ 10,516,804"",,M,DM,27,France,AC Milan,True,"
"David de Gea,,""$ 67,415"",""$ 3,505,601"",""$ 876,400"",""$ 4,382,001"",Active,""May 30, 2025"",""Jun 30, 2028"",3,""$ 10,516,804"",,K,GK,35,Spain,Fiorentina,True,"
"Giovanni Di Lorenzo,,""$ 67,415"",""$ 3,505,601"",""$ 584,267"",""$ 4,089,868"",Active,""Aug 5, 2023"",""Jun 30, 2028"",3,""$ 10,516,804"",,D,RB,32,Italy,Napoli,True,"
"Scott McTominay,,""$ 67,415"",""$ 3,505,601"",""$ 876,400"",""$ 4,382,001"",Active,""Aug 30, 2024"",""Jun 30, 2028"",3,""$ 10,516,804"",,M,CM,29,Scotland,Napoli,True,"
"Artem Dovbyk,,""$ 67,415"",""$ 3,505,601"",""$ 1,168,534"",""$ 4,674,135"",Active,""Aug 2, 2024"",""Jun 30, 2029"",4,""$ 14,022,405"",,F,CF,28,Ukraine,Roma,True,"
"Alessio Romagnoli,,""$ 67,415"",""$ 3,505,601"",""$ 467,413"",""$ 3,973,015"",Active,""Jul 12, 2022"",""Jun 30, 2027"",2,""$ 7,011,202"",,D,CB,31,Italy,Lazio,True,"
"David Neres,,""$ 67,415"",""$ 3,505,601"",""$ 584,267"",""$ 4,089,868"",Active,""Aug 21, 2024"",""Jun 30, 2028"",3,""$ 10,516,804"",,F,RW,28,Brazil,Napoli,True,"
"Eljif Elmas,,""$ 67,415"",""$ 3,505,601"",""$ 876,400"",""$ 4,382,001"",Loan,""Sep 1, 2025"",""Jun 30, 2026"",1,""$ 3,505,601"",,F,AM,26,North Macedonia,Napoli,True,"
"Mattia Zaccagni,,""$ 67,415"",""$ 3,505,601"",""$ 584,267"",""$ 4,089,868"",Active,""Apr 17, 2024"",""Jun 30, 2029"",4,""$ 14,022,405"",,F,LW,30,Italy,Lazio,True,"
"Kouadio Koné,,""$ 62,921"",""$ 3,271,894"",""$ 817,974"",""$ 4,089,868"",Active,""Aug 30, 2024"",""Jun 30, 2029"",4,""$ 13,087,578"",,M,CM,24,France,Roma,True,"
"Elseid Hysaj,,""$ 62,921"",""$ 3,271,894"",""$ 817,974"",""$ 4,089,868"",Active,""Jul 1, 2021"",""Jun 30, 2026"",1,""$ 3,271,894"",,D,RB,32,Albania,Lazio,True,"
"Davide Frattesi,,""$ 62,921"",""$ 3,271,894"",""$ 817,974"",""$ 4,089,868"",Active,""Jul 1, 2024"",""Jun 30, 2028"",3,""$ 9,815,683"",,M,CM,26,Italy,Inter Milan,True,"
"Bryan Cristante,,""$ 62,921"",""$ 3,271,894"",""$ 817,974"",""$ 4,089,868"",Active,""Jun 19, 2023"",""Jun 30, 2027"",2,""$ 6,543,789"",,M,DM,30,Italy,Roma,True,"
"Evan N'Dicka,,""$ 89,887"",""$ 4,674,135"",""$ 1,168,534"",""$ 5,842,669"",Active,""Jul 1, 2023"",""Jun 30, 2028"",3,""$ 14,022,405"",,D,CB,26,Cote d'Ivoire,Roma,True,"
"Ruben Loftus-Cheek,,""$ 89,887"",""$ 4,674,135"",""$ 1,168,534"",""$ 5,842,669"",Active,""Jul 1, 2023"",""Jun 30, 2027"",2,""$ 9,348,270"",,M,CM,30,England,AC Milan,True,"
"Denzel Dumfries,,""$ 89,887"",""$ 4,674,135"",""$ 584,267"",""$ 5,258,402"",Active,""Nov 27, 2024"",""Jun 30, 2028"",3,""$ 14,022,405"",""$ 29,213,343"",D,RB,29,Netherlands,Inter Milan,True,"
"Christian Pulisic,,""$ 89,887"",""$ 4,674,135"",""$ 1,168,534"",""$ 5,842,669"",Active,""Jul 13, 2023"",""Jun 30, 2027"",2,""$ 9,348,270"",,F,RW,27,United States,AC Milan,True,"
"Duván Zapata,,""$ 60,674"",""$ 3,155,041"",""$ 788,760"",""$ 3,943,801"",Active,""Apr 18, 2025"",""Jun 30, 2027"",2,""$ 6,310,082"",,F,CF,34,Colombia,Torino,True,"
"Henrikh Mkhitaryan,,""$ 85,393"",""$ 4,440,428"",""$ 1,110,107"",""$ 5,550,535"",Active,""Dec 30, 2023"",""Jun 30, 2026"",1,""$ 4,440,428"",,M,CM,37,Armenia,Inter Milan,True,"
"Alessandro Buongiorno,,""$ 56,180"",""$ 2,921,334"",""$ 730,334"",""$ 3,651,668"",Active,""Jul 13, 2024"",""Jun 30, 2029"",4,""$ 11,685,337"",,D,CB,26,Italy,Napoli,True,"
"Konstantinos Tsimikas,,""$ 56,180"",""$ 2,921,334"",""$ 730,334"",""$ 3,651,668"",Loan,""Aug 31, 2025"",""Jun 30, 2026"",1,""$ 2,921,334"",,D,LB,29,Greece,Roma,True,"
"Santiago Gimenez,,""$ 56,180"",""$ 2,921,334"",""$ 730,334"",""$ 3,651,668"",Active,""Feb 3, 2025"",""Jun 30, 2029"",4,""$ 11,685,337"",,F,CF,24,Mexico,AC Milan,True,"
"Samuele Ricci,,""$ 56,180"",""$ 2,921,334"",""$ 730,334"",""$ 3,651,668"",Active,""Jul 3, 2025"",""Jun 30, 2029"",4,""$ 11,685,337"",,M,DM,24,Italy,AC Milan,True,"
"Pervis Estupiñán,,""$ 56,180"",""$ 2,921,334"",""$ 730,334"",""$ 3,651,668"",Active,""Jul 24, 2025"",""Jun 30, 2030"",5,""$ 14,606,672"",,D,LB,28,Ecuador,AC Milan,True,"
"Stephan El Shaarawy,,""$ 56,180"",""$ 2,921,334"",""$ 1,752,801"",""$ 4,674,135"",Active,""Jul 17, 2023"",""Jun 30, 2026"",1,""$ 2,921,334"",,F,LW,33,Italy,Roma,True,"
"Alex Meret,,""$ 56,180"",""$ 2,921,334"",""$ 730,334"",""$ 3,651,668"",Active,""Jun 27, 2025"",""Jun 30, 2027"",2,""$ 5,842,669"",,K,GK,28,Italy,Napoli,True,"
"Ardon Jashari,,""$ 56,180"",""$ 2,921,334"",""$ 730,334"",""$ 3,651,668"",Active,""Aug 6, 2025"",""Jun 30, 2030"",5,""$ 14,606,672"",,M,DM,23,Switzerland,AC Milan,True,"
"Edon Zhegrova,,""$ 56,180"",""$ 2,921,334"",""$ 730,334"",""$ 3,651,668"",Active,""Sep 1, 2025"",""Jun 30, 2030"",5,""$ 14,606,672"",,F,RW,26,Kosovo,Juventus,True,"
"Fikayo Tomori,,""$ 78,651"",""$ 4,089,868"",""$ 1,022,467"",""$ 5,112,335"",Active,""Aug 12, 2022"",""Jun 30, 2027"",2,""$ 8,179,736"",,D,CB,28,England,AC Milan,True,"
"Andrea Cambiaso,,""$ 53,932"",""$ 2,804,481"",""$ 701,120"",""$ 3,505,601"",Active,""May 24, 2024"",""Jun 30, 2029"",4,""$ 11,217,924"",,M,LM,25,Italy,Juventus,True,"
"Andrea Pinamonti,,""$ 53,932"",""$ 2,804,481"",""$ 701,120"",""$ 3,505,601"",Active,""Jul 1, 2023"",""Jun 30, 2027"",2,""$ 5,608,962"",,F,CF,26,Italy,Sassuolo,True,"
"Lloyd Kelly,,""$ 53,932"",""$ 2,804,481"",""$ 701,120"",""$ 3,505,601"",Active,""Jul 1, 2025"",""Jun 30, 2029"",4,""$ 11,217,924"",,D,CB,27,England,Juventus,True,"
"Mile Svilar,,""$ 76,404"",""$ 3,973,015"",""$ 701,120"",""$ 4,674,135"",Active,""Jul 11, 2025"",""Jun 30, 2030"",5,""$ 19,865,073"",,K,GK,26,Serbia,Roma,True,"
"Donyell Malen,,""$ 51,685"",""$ 2,687,628"",""$ 671,907"",""$ 3,359,534"",Loan,""Jan 16, 2026"",""Jun 30, 2026"",1,""$ 2,687,628"",,F,CF,27,Netherlands,Roma,True,"
"Miguel Gutiérrez,,""$ 51,685"",""$ 2,687,628"",""$ 671,907"",""$ 3,359,534"",Active,""Aug 19, 2025"",""Jun 30, 2030"",5,""$ 13,438,138"",,D,LB,24,Spain,Napoli,True,"
"Ismaël Bennacer,,""$ 51,236"",""$ 2,664,257"",""$ 140,224"",""$ 2,804,481"",Inactive,""Jan 12, 2023"",""Jun 30, 2027"",2,""$ 5,328,514"",,M,DM,27,Algeria,AC Milan,False,"
"Nuno Tavares,,""$ 49,438"",""$ 2,570,774"",""$ 642,694"",""$ 3,213,468"",Active,""Jul 1, 2025"",""Jun 30, 2029"",4,""$ 10,283,097"",,D,LB,26,Portugal,Lazio,True,"
"Samuel Gigot,,""$ 49,438"",""$ 2,570,774"",""$ 642,694"",""$ 3,213,468"",Active,""Jul 1, 2025"",""Jun 30, 2027"",2,""$ 5,141,548"",,D,CB,32,France,Lazio,True,"
"Luis Henrique,,""$ 47,416"",""$ 2,465,606"",""$ 701,120"",""$ 3,166,726"",Active,""Jun 7, 2025"",""Jun 30, 2030"",5,""$ 12,328,031"",,M,RM,24,Brazil,Inter Milan,True,"
"Andy Diouf,,""$ 44,944"",""$ 2,337,067"",""$ 584,267"",""$ 2,921,334"",Active,""Aug 22, 2025"",""Jun 30, 2030"",5,""$ 11,685,337"",,M,CM,22,France,Inter Milan,True,"
"Angeliño,,""$ 44,944"",""$ 2,337,067"",""$ 584,267"",""$ 2,921,334"",Active,""Jul 1, 2024"",""Jun 30, 2028"",3,""$ 7,011,202"",,D,LB,29,Spain,Roma,True,"
"Ange-Yoan Bonny,,""$ 44,944"",""$ 2,337,067"",""$ 584,267"",""$ 2,921,334"",Active,""Jul 5, 2025"",""Jun 30, 2030"",5,""$ 11,685,337"",,F,CF,22,France,Inter Milan,True,"
"Khéphren Thuram,,""$ 44,944"",""$ 2,337,067"",""$ 584,267"",""$ 2,921,334"",Active,""Jul 10, 2024"",""Jun 30, 2029"",4,""$ 9,348,270"",,M,CM,24,France,Juventus,True,"
"Michele Di Gregorio,,""$ 44,944"",""$ 2,337,067"",""$ 584,267"",""$ 2,921,334"",Active,""Jul 1, 2025"",""Jun 30, 2029"",4,""$ 9,348,270"",,K,GK,28,Italy,Juventus,True,"
"Mario Pašalić,,""$ 44,944"",""$ 2,337,067"",""$ 584,267"",""$ 2,921,334"",Active,""Jul 1, 2025"",""Jun 30, 2028"",3,""$ 7,011,202"",,M,CM,30,Croatia,Atalanta,True,"
"Adam Marusic,,""$ 44,944"",""$ 2,337,067"",""$ 584,267"",""$ 2,921,334"",Active,""Jan 8, 2026"",""Jun 30, 2028"",3,""$ 7,011,202"",,D,RB,33,Montenegro,Lazio,True,"
"Ivan Provedel,,""$ 44,944"",""$ 2,337,067"",""$ 584,267"",""$ 2,921,334"",Active,""Feb 23, 2024"",""Jun 30, 2027"",2,""$ 4,674,135"",,K,GK,31,Italy,Lazio,True,"
"Nicolò Rovella,,""$ 44,944"",""$ 2,337,067"",""$ 584,267"",""$ 2,921,334"",Active,""Jul 1, 2025"",""Jun 30, 2028"",3,""$ 7,011,202"",""$ 58,426,686"",M,DM,24,Italy,Lazio,True,"
"Nemanja Matić,,""$ 44,944"",""$ 2,337,067"",""$ 584,267"",""$ 2,921,334"",Active,""Aug 26, 2025"",""Jun 30, 2026"",1,""$ 2,337,067"",,M,DM,37,Serbia,Sassuolo,True,"
"Robin Gosens,,""$ 44,944"",""$ 2,337,067"",""$ 584,267"",""$ 2,921,334"",Active,""Jul 1, 2025"",""Jun 30, 2028"",3,""$ 7,011,202"",,D,LB,31,Germany,Fiorentina,True,"
"Riccardo Orsolini,,""$ 44,944"",""$ 2,337,067"",""$ 584,267"",""$ 2,921,334"",Active,""Aug 24, 2023"",""Jun 30, 2027"",2,""$ 4,674,135"",,F,RW,29,Italy,Bologna,True,"
"Aster Vranckx,,""$ 44,944"",""$ 2,337,067"",""$ 584,267"",""$ 2,921,334"",Loan,""Aug 22, 2025"",""Jun 30, 2026"",1,""$ 2,337,067"",,M,CM,23,Belgium,Sassuolo,True,"
"Wesley,,""$ 44,944"",""$ 2,337,067"",""$ 584,267"",""$ 2,921,334"",Active,""Jul 28, 2025"",""Jun 30, 2030"",5,""$ 11,685,337"",,D,RB,22,Brazil,Roma,True,"
"Matías Soulé,,""$ 44,944"",""$ 2,337,067"",""$ 584,267"",""$ 2,921,334"",Active,""Jul 30, 2024"",""Jun 30, 2029"",4,""$ 9,348,270"",,F,RW,22,Argentina,Roma,True,"
"Diego Carlos,,""$ 44,944"",""$ 2,337,067"",""$ 584,267"",""$ 2,921,334"",Loan,""Sep 1, 2025"",""Jun 30, 2026"",1,""$ 2,337,067"",,D,CB,32,Brazil,Como,True,"
"Stanislav Lobotka,,""$ 62,921"",""$ 3,271,894"",""$ 584,267"",""$ 3,856,161"",Active,""Mar 15, 2023"",""Jun 30, 2027"",2,""$ 6,543,789"",""$ 29,213,343"",M,DM,31,Slovakia,Napoli,True,"
"André Zambo Anguissa,,""$ 60,674"",""$ 3,155,041"",""$ 350,560"",""$ 3,505,601"",Active,""Nov 11, 2022"",""Jun 30, 2027"",2,""$ 6,310,082"",,M,CM,30,Cameroon,Napoli,True,"
"Evan Ferguson,,""$ 40,449"",""$ 2,103,361"",""$ 525,840"",""$ 2,629,201"",Loan,""Jul 23, 2025"",""Jun 30, 2026"",1,""$ 2,103,361"",,F,CF,21,Ireland,Roma,True,"
"Vitinha,,""$ 40,449"",""$ 2,103,361"",""$ 525,840"",""$ 2,629,201"",Active,""Jul 1, 2024"",""Jun 30, 2028"",3,""$ 6,310,082"",,F,CF,25,Portugal,Genoa,True,"
"Raoul Bellanova,,""$ 40,449"",""$ 2,103,361"",""$ 525,840"",""$ 2,629,201"",Active,""Aug 22, 2024"",""Jun 30, 2029"",4,""$ 8,413,443"",,M,RM,25,Italy,Atalanta,True,"
"Ché Adams,,""$ 40,449"",""$ 2,103,361"",""$ 525,840"",""$ 2,629,201"",Active,""Jul 23, 2024"",""Jun 30, 2027"",2,""$ 4,206,721"",,F,CF,29,Scotland,Torino,True,"
"Federico Bernardeschi,,""$ 40,449"",""$ 2,103,361"",""$ 525,840"",""$ 2,629,201"",Active,""Jul 19, 2025"",""Jun 30, 2027"",2,""$ 4,206,721"",,F,RW,31,Italy,Bologna,True,"
"Nicolò Fagioli,,""$ 40,449"",""$ 2,103,361"",""$ 525,840"",""$ 2,629,201"",Active,""Jul 1, 2025"",""Jun 30, 2028"",3,""$ 6,310,082"",,M,CM,24,Italy,Fiorentina,True,"
"Matteo Gabbia,,""$ 40,449"",""$ 2,103,361"",""$ 467,413"",""$ 2,570,774"",Active,""Nov 28, 2024"",""Jun 30, 2029"",4,""$ 8,413,443"",,D,CB,26,Italy,AC Milan,True,"
"Niccolò Pisilli,,""$ 40,449"",""$ 2,103,361"",""$ 525,840"",""$ 2,629,201"",Active,""Feb 23, 2025"",""Jun 30, 2029"",4,""$ 8,413,443"",,M,CM,21,Italy,Roma,True,"
"Billy Gilmour,,""$ 40,449"",""$ 2,103,361"",""$ 525,840"",""$ 2,629,201"",Active,""Aug 30, 2024"",""Jun 30, 2029"",4,""$ 8,413,443"",,M,DM,24,Scotland,Napoli,True,"
"Leonardo Spinazzola,,""$ 40,449"",""$ 2,103,361"",""$ 525,840"",""$ 2,629,201"",Active,""Jul 10, 2024"",""Jun 30, 2026"",1,""$ 2,103,361"",,D,LB,32,Italy,Napoli,True,"
"Nicolò Zaniolo,,""$ 40,449"",""$ 2,103,361"",""$ 233,707"",""$ 2,337,067"",Loan,""Sep 1, 2025"",""Jun 30, 2026"",1,""$ 2,103,361"",,F,AM,26,Italy,Udinese,True,"
"Weston McKennie,,""$ 56,180"",""$ 2,921,334"",""$ 350,560"",""$ 3,271,894"",Active,""Mar 2, 2026"",""Jun 30, 2030"",5,""$ 14,606,672"",,M,CM,27,United States,Juventus,True,"
"Charles De Ketelaere,,""$ 56,180"",""$ 2,921,334"",""$ 730,334"",""$ 3,651,668"",Active,""Jul 1, 2024"",""Jun 30, 2028"",3,""$ 8,764,003"",,F,AM,24,Belgium,Atalanta,True,"
"Filip Kostić,,""$ 56,180"",""$ 2,921,334"",""$ 730,334"",""$ 3,651,668"",Active,""Aug 12, 2022"",""Jun 30, 2026"",1,""$ 2,921,334"",,M,LM,33,Serbia,Juventus,True,"
"Yann Sommer,,""$ 56,180"",""$ 2,921,334"",""$ 730,334"",""$ 3,651,668"",Active,""Aug 7, 2023"",""Jun 30, 2026"",1,""$ 2,921,334"",,K,GK,37,Switzerland,Inter Milan,True,"
"Matteo Darmian,,""$ 56,180"",""$ 2,921,334"",""$ 730,334"",""$ 3,651,668"",Active,""Dec 30, 2023"",""Jun 30, 2026"",1,""$ 2,921,334"",,D,RB,36,Italy,Inter Milan,True,"
"Sam Beukema,,""$ 56,180"",""$ 2,921,334"",""$ 730,334"",""$ 3,651,668"",Active,""Jul 20, 2025"",""Jun 30, 2030"",5,""$ 14,606,672"",,D,CB,27,Netherlands,Napoli,True,"
"Amir Rrahmani,,""$ 56,180"",""$ 2,921,334"",""$ 730,334"",""$ 3,651,668"",Active,""May 26, 2023"",""Jun 30, 2027"",2,""$ 5,842,669"",,D,CB,31,Kosovo,Napoli,True,"
"Cristiano Biraghi,,""$ 38,202"",""$ 1,986,507"",""$ 496,627"",""$ 2,483,134"",Active,""Jul 1, 2025"",""Jun 30, 2027"",2,""$ 3,973,015"",,D,LB,33,Italy,Torino,True,"
"Fabiano Parisi,,""$ 38,202"",""$ 1,986,507"",""$ 350,560"",""$ 2,337,067"",Active,""Sep 12, 2025"",""Jun 30, 2029"",4,""$ 7,946,029"",,D,LB,25,Italy,Fiorentina,True,"
"Giovanni Simeone,,""$ 38,202"",""$ 1,986,507"",""$ 496,627"",""$ 2,483,134"",Loan,""Aug 7, 2025"",""Jun 30, 2026"",1,""$ 1,986,507"",,F,CF,30,Argentina,Torino,True,"
"Christian Kouamé,,""$ 38,202"",""$ 1,986,507"",""$ 496,627"",""$ 2,483,134"",Active,""Sep 1, 2020"",""Jun 30, 2027"",2,""$ 3,973,015"",,F,CF,28,Cote d'Ivoire,Fiorentina,True,"
"Guillermo Maripán,,""$ 38,202"",""$ 1,986,507"",""$ 496,627"",""$ 2,483,134"",Active,""Aug 29, 2024"",""Jun 30, 2026"",1,""$ 1,986,507"",,D,CB,31,Chile,Torino,True,"
"Manuel Lazzari,,""$ 38,202"",""$ 1,986,507"",""$ 496,627"",""$ 2,483,134"",Active,""Nov 22, 2022"",""Jun 30, 2027"",2,""$ 3,973,015"",,D,RB,32,Italy,Lazio,True,"
"Kenneth Taylor,,""$ 38,202"",""$ 1,986,507"",""$ 496,627"",""$ 2,483,134"",Active,""Jan 9, 2026"",""Jun 30, 2030"",5,""$ 9,932,537"",,M,CM,23,Netherlands,Lazio,True,"
"Vanja Milinković-Savić,,""$ 38,202"",""$ 1,986,507"",""$ 496,627"",""$ 2,483,134"",Loan,""Jul 26, 2025"",""Jun 30, 2026"",1,""$ 1,986,507"",,K,GK,28,Serbia,Napoli,True,"
"Strahinja Pavlović,,""$ 38,202"",""$ 1,986,507"",""$ 496,627"",""$ 2,483,134"",Active,""Jul 31, 2024"",""Jun 30, 2028"",3,""$ 5,959,522"",,D,CB,24,Serbia,AC Milan,True,"
"Koni De Winter,,""$ 38,202"",""$ 1,986,507"",""$ 496,627"",""$ 2,483,134"",Active,""Aug 13, 2025"",""Jun 30, 2030"",5,""$ 9,932,537"",,D,CB,23,Belgium,AC Milan,True,"
"Pierre Kalulu,,""$ 53,932"",""$ 2,804,481"",""$ 701,120"",""$ 3,505,601"",Active,""Jul 1, 2025"",""Jun 30, 2029"",4,""$ 11,217,924"",,D,CB,25,France,Juventus,True,"
"Kamaldeen Sulemana,,""$ 35,955"",""$ 1,869,654"",""$ 467,413"",""$ 2,337,067"",Active,""Jul 2, 2025"",""Jun 30, 2029"",4,""$ 7,478,616"",,F,LW,23,Ghana,Atalanta,True,"
"Nicola Zalewski,,""$ 35,955"",""$ 1,869,654"",""$ 467,413"",""$ 2,337,067"",Active,""Aug 18, 2025"",""Jun 30, 2029"",4,""$ 7,478,616"",,M,LM,24,Poland,Atalanta,True,"
"Antonio Sanabria,,""$ 35,955"",""$ 1,869,654"",""$ 467,413"",""$ 2,337,067"",Active,""Aug 21, 2025"",""Jun 30, 2028"",3,""$ 5,608,962"",,F,CF,29,Paraguay,Cremonese,True,"
"Thijs Dallinga,,""$ 35,955"",""$ 1,869,654"",""$ 467,413"",""$ 2,337,067"",Active,""Jul 23, 2024"",""Jun 30, 2028"",3,""$ 5,608,962"",,F,CF,25,Netherlands,Bologna,True,"
"Kenan Yıldız,,""$ 35,955"",""$ 1,869,654"",""$ 467,413"",""$ 2,337,067"",Active,""Feb 7, 2026"",""Jun 30, 2030"",5,""$ 9,348,270"",,F,LW,20,Turkey,Juventus,True,"
"Rolando Mandragora,,""$ 35,955"",""$ 1,869,654"",""$ 467,413"",""$ 2,337,067"",Active,""Jul 4, 2022"",""Jun 30, 2028"",3,""$ 5,608,962"",,M,DM,28,Italy,Fiorentina,True,"
"Roberto Piccoli,,""$ 35,955"",""$ 1,869,654"",""$ 467,413"",""$ 2,337,067"",Active,""Aug 25, 2025"",""Jun 30, 2030"",5,""$ 9,348,270"",,F,CF,25,Italy,Fiorentina,True,"
"Mitchel Bakker,,""$ 49,438"",""$ 2,570,774"",""$ 642,694"",""$ 3,213,468"",Active,""Jul 7, 2023"",""Jun 30, 2027"",2,""$ 5,141,548"",,M,LM,25,Netherlands,Atalanta,True,"
"Albert Gudmundsson,,""$ 49,438"",""$ 2,570,774"",""$ 642,694"",""$ 3,213,468"",Active,""Jul 1, 2025"",""Jun 30, 2029"",4,""$ 10,283,097"",,F,SS,28,Iceland,Fiorentina,True,"
"Pedro,,""$ 49,438"",""$ 2,570,774"",""$ 642,694"",""$ 3,213,468"",Active,""Jun 16, 2025"",""Jun 30, 2026"",1,""$ 2,570,774"",,F,RW,38,Spain,Lazio,True,"
"Carlos Augusto,,""$ 49,438"",""$ 2,570,774"",""$ 642,694"",""$ 3,213,468"",Active,""Jul 1, 2024"",""Jun 30, 2028"",3,""$ 7,712,323"",,D,LB,27,Brazil,Inter Milan,True,"
"Jonathan Rowe,,""$ 33,708"",""$ 1,752,801"",""$ 438,200"",""$ 2,191,001"",Active,""Aug 24, 2025"",""Jun 30, 2029"",4,""$ 7,011,202"",,F,LW,22,England,Bologna,True,"
"Petar Sučić,,""$ 33,708"",""$ 1,752,801"",""$ 788,760"",""$ 2,541,561"",Active,""Jun 1, 2025"",""Jun 30, 2030"",5,""$ 8,764,003"",,M,CM,22,Croatia,Inter Milan,True,"
"Giorgio Scalvini,,""$ 33,708"",""$ 1,752,801"",""$ 438,200"",""$ 2,191,001"",Active,""Jan 23, 2024"",""Jun 30, 2028"",3,""$ 5,258,402"",,D,CB,22,Italy,Atalanta,True,"
"Cesare Casadei,,""$ 33,708"",""$ 1,752,801"",""$ 438,200"",""$ 2,191,001"",Active,""Feb 2, 2025"",""Jun 30, 2029"",4,""$ 7,011,202"",,M,CM,23,Italy,Torino,True,"
"Andrea Belotti,,""$ 33,708"",""$ 1,752,801"",""$ 438,200"",""$ 2,191,001"",Active,""Sep 1, 2025"",""Jun 30, 2026"",1,""$ 1,752,801"",,F,CF,32,Italy,Cagliari,True,"
"Robinio Vaz,,""$ 33,708"",""$ 1,752,801"",""$ 584,267"",""$ 2,337,067"",Active,""Jan 14, 2026"",""Jun 30, 2030"",5,""$ 8,764,003"",,F,CF,18,France,Roma,True,"
"Neil El Aynaoui,,""$ 33,708"",""$ 1,752,801"",""$ 438,200"",""$ 2,191,001"",Active,""Jul 20, 2025"",""Jun 30, 2030"",5,""$ 8,764,003"",,M,CM,24,Morocco,Roma,True,"
"Bryan Zaragoza,,""$ 33,708"",""$ 1,752,801"",""$ 438,200"",""$ 2,191,001"",Loan,""Feb 2, 2026"",""Jun 30, 2026"",1,""$ 1,752,801"",,F,LW,24,Spain,Roma,True,"
"Jean Onana,,""$ 33,708"",""$ 1,752,801"",""$ 438,200"",""$ 2,191,001"",Loan,""Sep 1, 2025"",""Jun 30, 2026"",1,""$ 1,752,801"",,M,DM,26,Cameroon,Genoa,True,"
"Justin Bijlow,,""$ 33,708"",""$ 1,752,801"",""$ 438,200"",""$ 2,191,001"",Active,""Jan 20, 2026"",""Jun 30, 2026"",1,""$ 1,752,801"",,K,GK,28,Netherlands,Genoa,True,"
"Danilo Cataldi,,""$ 33,708"",""$ 1,752,801"",""$ 584,267"",""$ 2,337,067"",Active,""Aug 24, 2023"",""Jun 30, 2027"",2,""$ 3,505,601"",,M,DM,31,Italy,Lazio,True,"
"Mattia Perin,,""$ 33,708"",""$ 1,752,801"",""$ 438,200"",""$ 2,191,001"",Active,""Oct 23, 2024"",""Jun 30, 2027"",2,""$ 3,505,601"",,K,GK,33,Italy,Juventus,True,"
"Francesco Acerbi,,""$ 33,708"",""$ 1,752,801"",""$ 438,200"",""$ 2,191,001"",Active,""Jul 1, 2023"",""Jun 30, 2026"",1,""$ 1,752,801"",,D,CB,37,Italy,Inter Milan,True,"
"Josep Martínez,,""$ 33,708"",""$ 1,752,801"",""$ 438,200"",""$ 2,191,001"",Active,""Jul 9, 2024"",""Jun 30, 2029"",4,""$ 7,011,202"",,K,GK,27,Spain,Inter Milan,True,"
"Marin Pongracic,,""$ 47,191"",""$ 2,453,921"",""$ 613,480"",""$ 3,067,401"",Active,""Jul 19, 2024"",""Jun 30, 2029"",4,""$ 9,815,683"",,D,CB,28,Croatia,Fiorentina,True,"
"Jack Harrison,,""$ 32,584"",""$ 1,694,374"",""$ 423,593"",""$ 2,117,967"",Loan,""Jan 19, 2026"",""Jun 30, 2026"",1,""$ 1,694,374"",,F,LW,29,England,Fiorentina,True,"
"Luca Mazzitelli,,""$ 31,461"",""$ 1,635,947"",""$ 408,987"",""$ 2,044,934"",Loan,""Jul 30, 2025"",""Jun 30, 2026"",1,""$ 1,635,947"",,M,CM,30,Italy,Cagliari,True,"
"Nikola Vlašić,,""$ 44,944"",""$ 2,337,067"",""$ 584,267"",""$ 2,921,334"",Active,""Aug 8, 2023"",""Jun 30, 2027"",2,""$ 4,674,135"",,F,AM,28,Croatia,Torino,True,"
"Boulaye Dia,,""$ 44,944"",""$ 2,337,067"",""$ 584,267"",""$ 2,921,334"",Loan,""Aug 16, 2024"",""Jun 30, 2026"",1,""$ 2,337,067"",""$ 58,426,686"",F,CF,29,Senegal,Lazio,True,"
"Mathías Olivera,,""$ 44,944"",""$ 2,337,067"",""$ 584,267"",""$ 2,921,334"",Active,""Mar 4, 2025"",""Jun 30, 2030"",5,""$ 11,685,337"",,D,LB,28,Uruguay,Napoli,True,"
"Éderson,,""$ 44,944"",""$ 2,337,067"",""$ 584,267"",""$ 2,921,334"",Active,""Jul 6, 2022"",""Jun 30, 2027"",2,""$ 4,674,135"",,M,CM,26,Brazil,Atalanta,True,"
"Zeki Çelik,,""$ 44,944"",""$ 2,337,067"",""$ 584,267"",""$ 2,921,334"",Active,""Jul 5, 2022"",""Jun 30, 2026"",1,""$ 2,337,067"",,D,RB,28,Turkey,Roma,True,"
"Yunus Musah,,""$ 44,944"",""$ 2,337,067"",""$ 584,267"",""$ 2,921,334"",Loan,""Sep 1, 2025"",""Jun 30, 2026"",1,""$ 2,337,067"",,M,CM,23,United States,Atalanta,True,"
"Sead Kolasinac,,""$ 44,944"",""$ 2,337,067"",""$ 584,267"",""$ 2,921,334"",Active,""Jul 6, 2023"",""Jun 30, 2026"",1,""$ 2,337,067"",,D,CB,32,Bosnia-Herzegovina,Atalanta,True,"
"Niclas Füllkrug,,""$ 29,213"",""$ 1,519,094"",""$ 379,773"",""$ 1,898,867"",Loan,""Jan 2, 2026"",""Jun 30, 2026"",1,""$ 1,519,094"",,F,CF,32,Germany,AC Milan,True,"
"Luca Pellegrini,,""$ 29,213"",""$ 1,519,094"",""$ 379,773"",""$ 1,898,867"",Active,""Jul 1, 2025"",""Jun 30, 2027"",2,""$ 3,038,188"",,D,LB,26,Italy,Lazio,True,"
"Fisayo Dele-Bashiru,,""$ 29,213"",""$ 1,519,094"",""$ 379,773"",""$ 1,898,867"",Active,""Jul 1, 2025"",""Jun 30, 2028"",3,""$ 4,557,282"",,F,AM,24,Nigeria,Lazio,True,"
"Tijjani Noslin,,""$ 29,213"",""$ 1,519,094"",""$ 467,413"",""$ 1,986,507"",Active,""Jul 1, 2024"",""Jun 30, 2029"",4,""$ 6,076,375"",""$ 81,797,361"",F,RW,26,Netherlands,Lazio,True,"
"Jérémie Boga,,""$ 28,090"",""$ 1,460,667"",""$ 365,167"",""$ 1,825,834"",Loan,""Feb 1, 2026"",""Jun 30, 2026"",1,""$ 1,460,667"",,F,LW,29,Cote d'Ivoire,Juventus,True,"
"Tariq Lamptey,,""$ 28,090"",""$ 1,460,667"",""$ 365,167"",""$ 1,825,834"",Active,""Sep 1, 2025"",""Jun 30, 2028"",3,""$ 4,382,001"",,D,RB,25,Ghana,Fiorentina,True,"
"Al Musrati,,""$ 28,090"",""$ 1,460,667"",""$ 365,167"",""$ 1,825,834"",Loan,""Aug 29, 2025"",""Jun 30, 2026"",1,""$ 1,460,667"",,M,DM,29,Libya,Hellas Verona,True,"
"Calvin Stengs,,""$ 28,090"",""$ 1,460,667"",""$ 365,167"",""$ 1,825,834"",Loan,""Aug 28, 2025"",""Jun 30, 2026"",1,""$ 1,460,667"",,F,AM,27,Netherlands,Pisa,True,"
"Arkadiusz Milik,,""$ 39,326"",""$ 2,044,934"",""$ 511,234"",""$ 2,556,168"",Active,""Apr 30, 2025"",""Jun 30, 2027"",2,""$ 4,089,868"",,F,CF,31,Poland,Juventus,True,"
"Ardian Ismajli,,""$ 26,966"",""$ 1,402,240"",""$ 350,560"",""$ 1,752,801"",Active,""Jul 8, 2025"",""Jun 30, 2027"",2,""$ 2,804,481"",,D,CB,29,Albania,Torino,True,"
"Leo Østigård,,""$ 26,966"",""$ 1,402,240"",""$ 350,560"",""$ 1,752,801"",Loan,""Jan 31, 2026"",""Jun 30, 2030"",5,""$ 7,011,202"",,D,CB,26,Norway,Genoa,True,"
"Juan Miranda,,""$ 26,966"",""$ 1,402,240"",""$ 467,413"",""$ 1,869,654"",Active,""Jul 3, 2024"",""Jun 30, 2027"",2,""$ 2,804,481"",,D,LB,26,Spain,Bologna,True,"
"Sergi Roberto,,""$ 26,966"",""$ 1,402,240"",""$ 350,560"",""$ 1,752,801"",Active,""Aug 23, 2024"",""Jun 30, 2026"",1,""$ 1,402,240"",,M,CM,33,Spain,Como,True,"
"Lukasz Skorupski,,""$ 26,966"",""$ 1,402,240"",""$ 350,560"",""$ 1,752,801"",Active,""Oct 16, 2025"",""Jun 30, 2027"",2,""$ 2,804,481"",,K,GK,34,Poland,Bologna,True,"
"Devyne Rensch,,""$ 26,966"",""$ 1,402,240"",""$ 350,560"",""$ 1,752,801"",Active,""Jan 23, 2025"",""Jun 30, 2029"",4,""$ 5,608,962"",,D,RB,23,Netherlands,Roma,True,"
"Juan Cabal,,""$ 26,966"",""$ 1,402,240"",""$ 350,560"",""$ 1,752,801"",Active,""Jul 18, 2024"",""Jun 30, 2029"",4,""$ 5,608,962"",,D,LB,25,Colombia,Juventus,True,"
"Michael Folorunsho,,""$ 26,966"",""$ 1,402,240"",""$ 350,560"",""$ 1,752,801"",Loan,""Jul 24, 2025"",""Jun 30, 2026"",1,""$ 1,402,240"",,M,CM,27,Italy,Cagliari,True,"
"Luca Ranieri,,""$ 26,966"",""$ 1,402,240"",""$ 350,560"",""$ 1,752,801"",Active,""Aug 27, 2024"",""Jun 30, 2028"",3,""$ 4,206,721"",,D,CB,26,Italy,Fiorentina,True,"
"Patric,,""$ 26,966"",""$ 1,402,240"",""$ 350,560"",""$ 1,752,801"",Active,""Jul 5, 2022"",""Jun 30, 2027"",2,""$ 2,804,481"",,D,CB,32,Spain,Lazio,True,"
"Jacopo Fazzini,,""$ 26,966"",""$ 1,402,240"",""$ 350,560"",""$ 1,752,801"",Active,""Jul 1, 2025"",""Jun 30, 2030"",5,""$ 7,011,202"",,M,CM,22,Italy,Fiorentina,True,"
"Nikola Krstović,,""$ 38,202"",""$ 1,986,507"",""$ 350,560"",""$ 2,337,067"",Active,""Aug 20, 2025"",""Jun 30, 2030"",5,""$ 9,932,537"",,F,CF,25,Montenegro,Atalanta,True,"
"Arijanet Murić,,""$ 25,843"",""$ 1,343,814"",""$ 335,953"",""$ 1,679,767"",Loan,""Aug 13, 2025"",""Jun 30, 2026"",1,""$ 1,343,814"",,K,GK,27,Kosovo,Sassuolo,True,"
"Toma Bašić,,""$ 35,955"",""$ 1,869,654"",""$ 467,413"",""$ 2,337,067"",Active,""Aug 25, 2021"",""Jun 30, 2026"",1,""$ 1,869,654"",,M,CM,29,Croatia,Lazio,True,"
"Suat Serdar,,""$ 35,955"",""$ 1,869,654"",""$ 467,413"",""$ 2,337,067"",Active,""Jul 1, 2024"",""Jun 30, 2028"",3,""$ 5,608,962"",,M,CM,28,Germany,Hellas Verona,True,"
"Gift Emmanuel Orban,,""$ 24,719"",""$ 1,285,387"",""$ 321,347"",""$ 1,606,734"",Loan,""Aug 27, 2025"",""Jun 30, 2026"",1,""$ 1,285,387"",,F,CF,23,Nigeria,Hellas Verona,True,"
"Victor Nelsson,,""$ 24,719"",""$ 1,285,387"",""$ 321,347"",""$ 1,606,734"",Loan,""Aug 21, 2025"",""Jun 30, 2026"",1,""$ 1,285,387"",,D,CB,27,Denmark,Hellas Verona,True,"
"Zakaria Aboukhlal,,""$ 24,719"",""$ 1,285,387"",""$ 321,347"",""$ 1,606,734"",Active,""Jul 29, 2025"",""Jun 30, 2029"",4,""$ 5,141,548"",,F,RW,25,Morocco,Torino,True,"
"Nicolas Kühn,,""$ 24,719"",""$ 1,285,387"",""$ 321,347"",""$ 1,606,734"",Active,""Jul 11, 2025"",""Jun 30, 2029"",4,""$ 5,141,548"",,F,RW,26,Germany,Como,True,"
"Valentino Lazaro,,""$ 33,708"",""$ 1,752,801"",""$ 438,200"",""$ 2,191,001"",Active,""Mar 7, 2025"",""Jun 30, 2026"",1,""$ 1,752,801"",,D,RB,29,Austria,Torino,True,"
"Yann Aurel Bisseck,,""$ 33,708"",""$ 1,752,801"",""$ 350,560"",""$ 2,103,361"",Active,""Nov 15, 2024"",""Jun 30, 2029"",4,""$ 7,011,202"",""$ 140,224,048"",D,CB,25,Germany,Inter Milan,True,"
"Lazar Samardžić,,""$ 33,708"",""$ 1,752,801"",""$ 438,200"",""$ 2,191,001"",Active,""Jul 1, 2025"",""Jun 30, 2029"",4,""$ 7,011,202"",,F,AM,23,Serbia,Atalanta,True,"
"Dodô,,""$ 33,708"",""$ 1,752,801"",""$ 438,200"",""$ 2,191,001"",Active,""Jul 22, 2022"",""Jun 30, 2027"",2,""$ 3,505,601"",,D,RB,27,Brazil,Fiorentina,True,"
"Yerry Mina,,""$ 33,708"",""$ 1,752,801"",""$ 438,200"",""$ 2,191,001"",Active,""May 22, 2025"",""Jun 30, 2028"",3,""$ 5,258,402"",,D,CB,31,Colombia,Cagliari,True,"
"Warren Bondo,,""$ 33,708"",""$ 1,752,801"",""$ 438,200"",""$ 2,191,001"",Loan,""Aug 12, 2025"",""Jun 30, 2026"",1,""$ 1,752,801"",,M,CM,22,France,Cremonese,True,"
"Gustav Isaksen,,""$ 33,708"",""$ 1,752,801"",""$ 438,200"",""$ 2,191,001"",Active,""Aug 8, 2023"",""Jun 30, 2028"",3,""$ 5,258,402"",,F,RW,24,Denmark,Lazio,True,"
"Kevin Bonifazi,,""$ 22,472"",""$ 1,168,534"",""$ 292,133"",""$ 1,460,667"",Active,""Jul 2, 2021"",""Jun 30, 2026"",1,""$ 1,168,534"",,D,CB,29,Italy,Bologna,True,"
"Máximo Perrone,,""$ 22,472"",""$ 1,168,534"",""$ 292,133"",""$ 1,460,667"",Active,""Jul 18, 2025"",""Jun 30, 2029"",4,""$ 4,674,135"",,M,DM,23,Argentina,Como,True,"
"Federico Baschirotto,,""$ 22,472"",""$ 1,168,534"",""$ 292,133"",""$ 1,460,667"",Active,""Jul 29, 2025"",""Jun 30, 2028"",3,""$ 3,505,601"",,D,CB,29,Italy,Cremonese,True,"
"Federico Bonazzoli,,""$ 22,472"",""$ 1,168,534"",""$ 292,133"",""$ 1,460,667"",Active,""Aug 6, 2024"",""Jun 30, 2028"",3,""$ 3,505,601"",,F,CF,28,Italy,Cremonese,True,"
"Jamie Vardy,,""$ 22,472"",""$ 1,168,534"",""$ 292,133"",""$ 1,460,667"",Active,""Sep 1, 2025"",""Jun 30, 2026"",1,""$ 1,168,534"",,F,CF,39,England,Cremonese,True,"
"Daniele Ghilardi,,""$ 22,472"",""$ 1,168,534"",""$ 292,133"",""$ 1,460,667"",Loan,""Aug 2, 2025"",""Jun 30, 2026"",1,""$ 1,168,534"",,D,CB,23,Italy,Roma,True,"
"Pasquale Mazzocchi,,""$ 22,472"",""$ 1,168,534"",""$ 292,133"",""$ 1,460,667"",Active,""Jan 5, 2024"",""Jun 30, 2027"",2,""$ 2,337,067"",,D,RB,30,Italy,Napoli,True,"
"Sebastiano Luperto,,""$ 22,472"",""$ 1,168,534"",""$ 292,133"",""$ 1,460,667"",Active,""Feb 2, 2026"",""Jun 30, 2030"",5,""$ 5,842,669"",,D,CB,29,Italy,Cremonese,True,"
"Lorenzo Lucca,,""$ 22,472"",""$ 1,168,534"",""$ 292,133"",""$ 1,460,667"",Inactive,""Jul 18, 2025"",""Jun 30, 2026"",1,""$ 1,168,534"",,F,CF,25,Italy,Napoli,False,"
"Juan Jesus,,""$ 22,472"",""$ 1,168,534"",""$ 233,707"",""$ 1,402,240"",Active,""May 30, 2025"",""Jun 30, 2026"",1,""$ 1,168,534"",,D,CB,34,Brazil,Napoli,True,"
"Tommaso Pobega,,""$ 22,472"",""$ 1,168,534"",""$ 292,133"",""$ 1,460,667"",Loan,""Jul 22, 2025"",""Jun 30, 2026"",1,""$ 1,168,534"",,M,CM,26,Italy,Bologna,True,"
"Santiago Castro,,""$ 22,472"",""$ 1,168,534"",""$ 350,560"",""$ 1,519,094"",Active,""Feb 12, 2026"",""Jun 30, 2030"",5,""$ 5,842,669"",,F,CF,21,Argentina,Bologna,True,"
"Remo Freuler,,""$ 22,472"",""$ 1,168,534"",""$ 292,133"",""$ 1,460,667"",Active,""Feb 3, 2024"",""Jun 30, 2026"",1,""$ 1,168,534"",,M,CM,33,Switzerland,Bologna,True,"
"Pietro Comuzzo,,""$ 22,472"",""$ 1,168,534"",""$ 350,560"",""$ 1,519,094"",Active,""May 15, 2025"",""Jun 30, 2029"",4,""$ 4,674,135"",,D,CB,20,Italy,Fiorentina,True,"
"Nicolò Casale,,""$ 22,472"",""$ 1,168,534"",""$ 292,133"",""$ 1,460,667"",Active,""Jul 1, 2025"",""Jun 30, 2028"",3,""$ 3,505,601"",,D,CB,27,Italy,Bologna,True,"
"João Mário,,""$ 22,472"",""$ 1,168,534"",""$ 292,133"",""$ 1,460,667"",Loan,""Feb 2, 2026"",""Jun 30, 2026"",1,""$ 1,168,534"",,M,RM,26,Portugal,Bologna,True,"
"Odilon Kossounou,,""$ 22,472"",""$ 1,168,534"",""$ 292,133"",""$ 1,460,667"",Active,""Jul 1, 2025"",""Jun 30, 2029"",4,""$ 4,674,135"",,D,CB,25,Cote d'Ivoire,Atalanta,True,"
"Domagoj Bradarić,,""$ 22,472"",""$ 1,168,534"",""$ 292,133"",""$ 1,460,667"",Active,""Aug 3, 2025"",""Jun 30, 2028"",3,""$ 3,505,601"",,D,LB,26,Croatia,Hellas Verona,True,"
"Marten de Roon,,""$ 22,472"",""$ 1,168,534"",""$ 292,133"",""$ 1,460,667"",Active,""Jul 1, 2020"",""Jun 30, 2026"",1,""$ 1,168,534"",,M,DM,34,Netherlands,Atalanta,True,"
"Marco Sportiello,,""$ 22,472"",""$ 1,168,534"",""$ 292,133"",""$ 1,460,667"",Active,""Jul 18, 2025"",""Jun 30, 2028"",3,""$ 3,505,601"",,K,GK,33,Italy,Atalanta,True,"
"Nicolás Valentini,,""$ 22,472"",""$ 1,168,534"",""$ 292,133"",""$ 1,460,667"",Loan,""Jul 22, 2025"",""Jun 30, 2026"",1,""$ 1,168,534"",,D,CB,24,Argentina,Hellas Verona,True,"
"Sandro Kulenović,,""$ 22,472"",""$ 1,168,534"",""$ 292,133"",""$ 1,460,667"",Active,""Jan 31, 2026"",""Jun 30, 2026"",1,""$ 1,168,534"",,F,CF,26,Croatia,Torino,True,"
"Roberto Gagliardini,,""$ 22,472"",""$ 1,168,534"",""$ 292,133"",""$ 1,460,667"",Active,""Sep 12, 2025"",""Jun 30, 2026"",1,""$ 1,168,534"",,M,CM,31,Italy,Hellas Verona,True,"
"Saúl Coco,,""$ 22,472"",""$ 1,168,534"",""$ 292,133"",""$ 1,460,667"",Active,""Jan 27, 2026"",""Jun 30, 2029"",4,""$ 4,674,135"",,D,CB,26,Equatorial Guinea,Torino,True,"
"João Mário,,""$ 22,472"",""$ 1,168,534"",""$ 292,133"",""$ 1,460,667"",Inactive,""Jul 24, 2025"",""Jun 30, 2030"",5,""$ 5,842,669"",,M,RM,25,Portugal,Juventus,False,"
"Zachary Athekame,,""$ 22,472"",""$ 1,168,534"",""$ 292,133"",""$ 1,460,667"",Active,""Aug 15, 2025"",""Jun 30, 2030"",5,""$ 5,842,669"",,D,RB,21,Switzerland,AC Milan,True,"
"Fabio Miretti,,""$ 22,472"",""$ 1,168,534"",""$ 292,133"",""$ 1,460,667"",Active,""Jul 17, 2024"",""Jun 30, 2028"",3,""$ 3,505,601"",,M,CM,22,Italy,Juventus,True,"
"Francesco Pio Esposito,,""$ 22,472"",""$ 1,168,534"",""$ 292,133"",""$ 1,460,667"",Active,""Apr 11, 2025"",""Jun 30, 2030"",5,""$ 5,842,669"",,F,CF,20,Italy,Inter Milan,True,"
"Juan Cuadrado,,""$ 22,472"",""$ 1,168,534"",""$ 292,133"",""$ 1,460,667"",Active,""Aug 6, 2025"",""Jun 30, 2026"",1,""$ 1,168,534"",,M,RM,37,Colombia,Pisa,True,"
"Perr Schuurs,,""$ 31,461"",""$ 1,635,947"",""$ 408,987"",""$ 2,044,934"",Active,""Aug 18, 2022"",""Jun 30, 2026"",1,""$ 1,635,947"",,D,CB,26,Netherlands,Torino,True,"
"Enrico Del Prato,,""$ 20,225"",""$ 1,051,680"",""$ 262,920"",""$ 1,314,600"",Active,""Nov 14, 2023"",""Jun 30, 2027"",2,""$ 2,103,361"",,D,RB,26,Italy,Parma,True,"
"Amin Sarr,,""$ 20,225"",""$ 1,051,680"",""$ 262,920"",""$ 1,314,600"",Active,""Jul 1, 2025"",""Jun 30, 2029"",4,""$ 4,206,721"",,F,CF,24,Sweden,Hellas Verona,True,"
"Daniele Rugani,,""$ 20,225"",""$ 1,051,680"",""$ 262,920"",""$ 1,314,600"",Inactive,""Oct 20, 2025"",""Jun 30, 2028"",3,""$ 3,155,041"",,D,CB,31,Italy,Juventus,False,"
"Alisson Santos,,""$ 20,225"",""$ 1,051,680"",""$ 262,920"",""$ 1,314,600"",Loan,""Feb 2, 2026"",""Jun 30, 2026"",1,""$ 1,051,680"",,F,LW,23,Brazil,Napoli,True,"
"Davide Zappacosta,,""$ 29,213"",""$ 1,519,094"",""$ 379,773"",""$ 1,898,867"",Active,""Aug 24, 2021"",""Jun 30, 2026"",1,""$ 1,519,094"",,M,RM,33,Italy,Atalanta,True,"
"Manor Solomon,,""$ 20,225"",""$ 1,051,680"",""$ 262,920"",""$ 1,314,600"",Loan,""Jan 2, 2026"",""Jun 30, 2026"",1,""$ 1,051,680"",,F,LW,26,Israel,Fiorentina,True,"
"Isak Hien,,""$ 29,213"",""$ 1,519,094"",""$ 379,773"",""$ 1,898,867"",Active,""Jan 2, 2024"",""Jun 30, 2028"",3,""$ 4,557,282"",,D,CB,27,Sweden,Atalanta,True,"
"Stefano Moreo,,""$ 20,225"",""$ 1,051,680"",""$ 262,920"",""$ 1,314,600"",Active,""Jun 27, 2025"",""Jun 30, 2027"",2,""$ 2,103,361"",,F,CF,32,Italy,Pisa,True,"
"Emil Audero,,""$ 20,225"",""$ 1,051,680"",""$ 262,920"",""$ 1,314,600"",Loan,""Jul 27, 2025"",""Jun 30, 2026"",1,""$ 1,051,680"",,K,GK,29,Indonesia,Cremonese,True,"
"Daniele Rugani,,""$ 20,225"",""$ 1,051,680"",""$ 262,920"",""$ 1,314,600"",Loan,""Feb 2, 2026"",""Jun 30, 2026"",1,""$ 1,051,680"",,D,CB,31,Italy,Fiorentina,True,"
"Adam Buksa,,""$ 20,225"",""$ 1,051,680"",""$ 262,920"",""$ 1,314,600"",Active,""Aug 26, 2025"",""Jun 30, 2029"",4,""$ 4,206,721"",,F,CF,29,Poland,Udinese,True,"
"Christian Kabasele,,""$ 20,225"",""$ 1,051,680"",""$ 262,920"",""$ 1,314,600"",Active,""Jul 8, 2025"",""Jun 30, 2026"",1,""$ 1,051,680"",,D,CB,34,Belgium,Udinese,True,"
"Reda Belahyane,,""$ 20,225"",""$ 1,051,680"",""$ 262,920"",""$ 1,314,600"",Active,""Feb 3, 2025"",""Jun 30, 2029"",4,""$ 4,206,721"",,M,DM,21,Morocco,Lazio,True,"
"Martín Payero,,""$ 26,966"",""$ 1,402,240"",""$ 350,560"",""$ 1,752,801"",Loan,""Aug 22, 2025"",""Jun 30, 2026"",1,""$ 1,402,240"",,M,CM,27,Argentina,Cremonese,True,"
"Ivan Ilić,,""$ 26,966"",""$ 1,402,240"",""$ 350,560"",""$ 1,752,801"",Active,""Jul 1, 2023"",""Jun 30, 2027"",2,""$ 2,804,481"",,M,CM,24,Serbia,Torino,True,"
"Josh Doig,,""$ 26,966"",""$ 1,402,240"",""$ 350,560"",""$ 1,752,801"",Active,""Jan 20, 2024"",""Jun 30, 2028"",3,""$ 4,206,721"",,D,LB,23,Scotland,Sassuolo,True,"
"Marco Carnesecchi,,""$ 17,977"",""$ 934,827"",""$ 233,707"",""$ 1,168,534"",Active,""Feb 6, 2024"",""Jun 30, 2028"",3,""$ 2,804,481"",,K,GK,25,Italy,Atalanta,True,"
"Pietro Terracciano,,""$ 17,977"",""$ 934,827"",""$ 233,707"",""$ 1,168,534"",Active,""Jul 18, 2025"",""Jun 30, 2026"",1,""$ 934,827"",,K,GK,35,Italy,AC Milan,True,"
"Francesco Camarda,,""$ 17,977"",""$ 934,827"",""$ 233,707"",""$ 1,168,534"",Loan,""Jul 7, 2025"",""Jun 30, 2026"",1,""$ 934,827"",,F,CF,17,Italy,Lecce,True,"
"Jens Odgaard,,""$ 17,977"",""$ 934,827"",""$ 467,413"",""$ 1,402,240"",Active,""Feb 16, 2026"",""Jun 30, 2029"",4,""$ 3,739,308"",,F,AM,26,Denmark,Bologna,True,"
"Franco Israel,,""$ 17,977"",""$ 934,827"",""$ 233,707"",""$ 1,168,534"",Active,""Jul 27, 2025"",""Jun 30, 2028"",3,""$ 2,804,481"",,K,GK,25,Uruguay,Torino,True,"
"Matteo Cancellieri,,""$ 17,977"",""$ 934,827"",""$ 233,707"",""$ 1,168,534"",Active,""Jul 1, 2023"",""Jun 30, 2027"",2,""$ 1,869,654"",,F,RW,23,Italy,Lazio,True,"
"Nadir Zortea,,""$ 17,977"",""$ 934,827"",""$ 233,707"",""$ 1,168,534"",Active,""Aug 20, 2025"",""Jun 30, 2029"",4,""$ 3,739,308"",,D,RB,26,Italy,Bologna,True,"
"Gvidas Gineitis,,""$ 17,977"",""$ 934,827"",""$ 233,707"",""$ 1,168,534"",Active,""Jul 10, 2025"",""Jun 30, 2029"",4,""$ 3,739,308"",,M,CM,21,Lithuania,Torino,True,"
"Pierluigi Gollini,,""$ 17,977"",""$ 934,827"",""$ 233,707"",""$ 1,168,534"",Active,""Jan 24, 2025"",""Jun 30, 2027"",2,""$ 1,869,654"",,K,GK,30,Italy,Roma,True,"
"Berat Djimsiti,,""$ 17,977"",""$ 934,827"",""$ 233,707"",""$ 1,168,534"",Active,""Mar 21, 2022"",""Jun 30, 2026"",1,""$ 934,827"",,D,CB,32,Albania,Atalanta,True,"
"Abdelhamid Sabiri,,""$ 17,977"",""$ 934,827"",""$ 233,707"",""$ 1,168,534"",Active,""Jan 30, 2023"",""Jun 30, 2026"",1,""$ 934,827"",,F,AM,29,Morocco,Fiorentina,True,"
"Giovanni Fabbian,,""$ 17,977"",""$ 934,827"",""$ 233,707"",""$ 1,168,534"",Loan,""Jan 21, 2026"",""Jun 30, 2026"",1,""$ 934,827"",,F,AM,23,Italy,Fiorentina,True,"
"Filippo Terracciano,,""$ 17,977"",""$ 934,827"",""$ 233,707"",""$ 1,168,534"",Loan,""Aug 11, 2025"",""Jun 30, 2026"",1,""$ 934,827"",,D,CB,22,Italy,Cremonese,True,"
"Zé Pedro,,""$ 17,977"",""$ 934,827"",""$ 233,707"",""$ 1,168,534"",Active,""Sep 1, 2025"",""Jun 30, 2028"",3,""$ 2,804,481"",,D,CB,28,Portugal,Cagliari,True,"
"Anastasios Douvikas,,""$ 17,977"",""$ 934,827"",""$ 233,707"",""$ 1,168,534"",Active,""Feb 3, 2025"",""Jun 30, 2029"",4,""$ 3,739,308"",,F,CF,26,Greece,Como,True,"
"Elia Caprile,,""$ 24,719"",""$ 1,285,387"",""$ 321,347"",""$ 1,606,734"",Active,""Jul 1, 2025"",""Jun 30, 2029"",4,""$ 5,141,548"",,K,GK,24,Italy,Cagliari,True,"
"Mandela Keita,,""$ 16,854"",""$ 876,400"",""$ 219,100"",""$ 1,095,500"",Active,""Aug 30, 2024"",""Jun 30, 2029"",4,""$ 3,505,601"",,M,DM,23,Belgium,Parma,True,"
"Maxwel Cornet,,""$ 16,854"",""$ 876,400"",""$ 219,100"",""$ 1,095,500"",Loan,""Sep 1, 2025"",""Jun 30, 2026"",1,""$ 876,400"",,F,LW,29,Cote d'Ivoire,Genoa,True,"
"Valentín Carboni,,""$ 16,854"",""$ 876,400"",""$ 219,100"",""$ 1,095,500"",Inactive,""Jul 18, 2025"",""Jun 30, 2026"",1,""$ 876,400"",,F,AM,20,Argentina,Genoa,False,"
"Antoine Bernede,,""$ 16,854"",""$ 876,400"",""$ 219,100"",""$ 1,095,500"",Active,""Jul 1, 2025"",""Jun 30, 2028"",3,""$ 2,629,201"",,M,CM,26,France,Hellas Verona,True,"
"Mërgim Vojvoda,,""$ 16,854"",""$ 876,400"",""$ 219,100"",""$ 1,095,500"",Active,""Feb 3, 2025"",""Jun 30, 2028"",3,""$ 2,629,201"",,D,RB,31,Kosovo,Como,True,"
"Noa Lang,,""$ 16,854"",""$ 876,400"",""$ 350,560"",""$ 1,226,960"",Inactive,""Jul 17, 2025"",""Jun 30, 2030"",5,""$ 4,382,001"",,F,LW,26,Netherlands,Napoli,False,"
"Emanuele Valeri,,""$ 16,854"",""$ 876,400"",""$ 292,133"",""$ 1,168,534"",Active,""Sep 16, 2025"",""Jun 30, 2028"",3,""$ 2,629,201"",,D,LB,27,Italy,Parma,True,"
"Ismaël Koné,,""$ 16,854"",""$ 876,400"",""$ 219,100"",""$ 1,095,500"",Loan,""Feb 2, 2026"",""Jun 30, 2030"",5,""$ 4,382,001"",,M,CM,23,Canada,Sassuolo,True,"
"M'Bala Nzola,,""$ 16,854"",""$ 876,400"",""$ 219,100"",""$ 1,095,500"",Inactive,""Aug 10, 2023"",""Jun 30, 2027"",2,""$ 1,752,801"",,F,CF,28,Angola,Fiorentina,False,"
"Jan Ziolkowski,,""$ 15,730"",""$ 817,974"",""$ 204,493"",""$ 1,022,467"",Active,""Aug 29, 2025"",""Jun 30, 2030"",5,""$ 4,089,868"",,D,CB,20,Poland,Roma,True,"
"Marcus Holmgren Pedersen,,""$ 15,730"",""$ 817,974"",""$ 204,493"",""$ 1,022,467"",Active,""Jul 1, 2025"",""Jun 30, 2027"",2,""$ 1,635,947"",,D,RB,25,Norway,Torino,True,"
"Jurgen Ekkelenkamp,,""$ 15,730"",""$ 817,974"",""$ 204,493"",""$ 1,022,467"",Active,""Aug 6, 2024"",""Jun 30, 2029"",4,""$ 3,271,894"",,M,CM,25,Netherlands,Udinese,True,"
"Mikayil Faye,,""$ 15,730"",""$ 817,974"",""$ 204,493"",""$ 1,022,467"",Loan,""Sep 1, 2025"",""Jun 30, 2026"",1,""$ 817,974"",,D,CB,21,Senegal,Cremonese,True,"
"Armel Bella-Kotchap,,""$ 15,730"",""$ 817,974"",""$ 204,493"",""$ 1,022,467"",Active,""Feb 2, 2026"",""Jun 30, 2030"",5,""$ 4,089,868"",,D,CB,24,Germany,Hellas Verona,True,"
"Oumar Solet,,""$ 15,730"",""$ 817,974"",""$ 204,493"",""$ 1,022,467"",Active,""Jan 2, 2025"",""Jun 30, 2027"",2,""$ 1,635,947"",,D,CB,25,France,Udinese,True,"
"Leonardo Pavoletti,,""$ 15,730"",""$ 817,974"",""$ 204,493"",""$ 1,022,467"",Active,""Jun 13, 2024"",""Jun 30, 2026"",1,""$ 817,974"",,F,CF,37,Italy,Cagliari,True,"
"Alberto Grassi,,""$ 15,730"",""$ 817,974"",""$ 204,493"",""$ 1,022,467"",Active,""Jul 19, 2025"",""Jun 30, 2027"",2,""$ 1,635,947"",,M,DM,30,Italy,Cremonese,True,"
"Alberto Moreno,,""$ 15,730"",""$ 817,974"",""$ 204,493"",""$ 1,022,467"",Active,""Jul 19, 2024"",""Jun 30, 2026"",1,""$ 817,974"",,D,LB,33,Spain,Como,True,"
"Cristian Volpato,,""$ 15,730"",""$ 817,974"",""$ 204,493"",""$ 1,022,467"",Active,""Jul 1, 2023"",""Jun 30, 2028"",3,""$ 2,453,921"",,F,AM,22,Italy,Sassuolo,True,"
"Johan Vásquez,,""$ 22,472"",""$ 1,168,534"",""$ 292,133"",""$ 1,460,667"",Active,""Sep 11, 2025"",""Jun 30, 2028"",3,""$ 3,505,601"",,D,CB,27,Mexico,Genoa,True,"
"Ruslan Malinovskyi,,""$ 22,472"",""$ 1,168,534"",""$ 292,133"",""$ 1,460,667"",Active,""Jan 31, 2024"",""Jun 30, 2027"",2,""$ 2,337,067"",,F,AM,32,Ukraine,Genoa,True,"
"Adrien Tamèze,,""$ 22,472"",""$ 1,168,534"",""$ 292,133"",""$ 1,460,667"",Active,""Jul 23, 2023"",""Jun 30, 2026"",1,""$ 1,168,534"",,M,DM,32,France,Torino,True,"
"Lewis Ferguson,,""$ 22,472"",""$ 1,168,534"",""$ 292,133"",""$ 1,460,667"",Active,""Nov 22, 2024"",""Jun 30, 2028"",3,""$ 3,505,601"",,M,CM,26,Scotland,Bologna,True,"
"Alexis Saelemaekers,,""$ 22,472"",""$ 1,168,534"",""$ 350,560"",""$ 1,519,094"",Active,""Dec 15, 2025"",""Jun 30, 2026"",1,""$ 1,168,534"",,M,RM,26,Belgium,AC Milan,True,"
"Mario Gila,,""$ 22,472"",""$ 1,168,534"",""$ 292,133"",""$ 1,460,667"",Active,""Jul 12, 2022"",""Jun 30, 2027"",2,""$ 2,337,067"",,D,CB,25,Spain,Lazio,True,"
"Aarón Martín,,""$ 22,472"",""$ 1,168,534"",""$ 292,133"",""$ 1,460,667"",Active,""Jul 3, 2023"",""Jun 30, 2026"",1,""$ 1,168,534"",,D,LB,28,Spain,Genoa,True,"
"Nikola Moro,,""$ 21,798"",""$ 1,133,478"",""$ 283,369"",""$ 1,416,847"",Active,""Jul 2, 2023"",""Jun 30, 2027"",2,""$ 2,266,955"",,M,DM,27,Croatia,Bologna,True,"
"Oliver Sørensen,,""$ 14,607"",""$ 759,547"",""$ 189,887"",""$ 949,434"",Active,""Aug 13, 2025"",""Jun 30, 2030"",5,""$ 3,797,735"",,M,CM,23,Denmark,Parma,True,"
"Matija Frigan,,""$ 14,607"",""$ 759,547"",""$ 189,887"",""$ 949,434"",Active,""Aug 15, 2025"",""Jun 30, 2030"",5,""$ 3,797,735"",,F,CF,22,Croatia,Parma,True,"
"Mehdi Léris,,""$ 14,607"",""$ 759,547"",""$ 189,887"",""$ 949,434"",Active,""Aug 13, 2024"",""Jun 30, 2027"",2,""$ 1,519,094"",,F,RW,27,Algeria,Pisa,True,"
"Ben Godfrey,,""$ 14,045"",""$ 730,334"",""$ 182,583"",""$ 912,917"",Inactive,""Jul 1, 2024"",""Jun 30, 2028"",3,""$ 2,191,001"",,D,CB,27,England,Atalanta,False,"
"Hassane Kamara,,""$ 20,225"",""$ 1,051,680"",""$ 262,920"",""$ 1,314,600"",Active,""Aug 22, 2022"",""Jun 30, 2026"",1,""$ 1,051,680"",,D,LB,31,Cote d'Ivoire,Udinese,True,"
"Armand Laurienté,,""$ 20,225"",""$ 1,051,680"",""$ 262,920"",""$ 1,314,600"",Active,""Aug 31, 2022"",""Jun 30, 2027"",2,""$ 2,103,361"",,F,LW,27,France,Sassuolo,True,"
"Riccardo Sottil,,""$ 13,483"",""$ 701,120"",""$ 175,280"",""$ 876,400"",Loan,""Aug 10, 2025"",""Jun 30, 2026"",1,""$ 701,120"",,F,LW,26,Italy,Lecce,True,"
"Davide Bartesaghi,,""$ 13,483"",""$ 701,120"",""$ 175,280"",""$ 876,400"",Active,""May 21, 2025"",""Jun 30, 2030"",5,""$ 3,505,601"",,D,LB,20,Italy,AC Milan,True,"
"Martin Vitík,,""$ 13,483"",""$ 701,120"",""$ 175,280"",""$ 876,400"",Active,""Jul 6, 2025"",""Jun 30, 2029"",4,""$ 2,804,481"",,D,CB,23,Czech Republic,Bologna,True,"
"Nicolò Cambiaghi,,""$ 13,483"",""$ 701,120"",""$ 175,280"",""$ 876,400"",Active,""Jul 12, 2024"",""Jun 30, 2029"",4,""$ 2,804,481"",,F,LW,25,Italy,Bologna,True,"
"Gabriele Zappa,,""$ 13,483"",""$ 701,120"",""$ 175,280"",""$ 876,400"",Active,""Jan 21, 2025"",""Jun 30, 2030"",5,""$ 3,505,601"",,D,RB,26,Italy,Cagliari,True,"
"Michel Ndary Adopo,,""$ 13,483"",""$ 701,120"",""$ 175,280"",""$ 876,400"",Active,""Jul 1, 2025"",""Jun 30, 2029"",4,""$ 2,804,481"",,M,CM,25,France,Cagliari,True,"
"Sebastiano Esposito,,""$ 13,483"",""$ 701,120"",""$ 175,280"",""$ 876,400"",Loan,""Aug 12, 2025"",""Jun 30, 2026"",1,""$ 701,120"",,F,SS,23,Italy,Cagliari,True,"
"Jesús Rodríguez,,""$ 13,483"",""$ 701,120"",""$ 175,280"",""$ 876,400"",Active,""Jul 2, 2025"",""Jun 30, 2030"",5,""$ 3,505,601"",,F,LW,20,Spain,Como,True,"
"Marc Oliver Kempf,,""$ 13,483"",""$ 701,120"",""$ 175,280"",""$ 876,400"",Active,""Aug 28, 2024"",""Jun 30, 2027"",2,""$ 1,402,240"",,D,CB,31,Germany,Como,True,"
"Faris Moumbagna,,""$ 13,483"",""$ 701,120"",""$ 175,280"",""$ 876,400"",Loan,""Aug 31, 2025"",""Jun 30, 2026"",1,""$ 701,120"",,F,CF,25,Cameroon,Cremonese,True,"
"Giuseppe Pezzella,,""$ 13,483"",""$ 701,120"",""$ 175,280"",""$ 876,400"",Active,""Jul 25, 2025"",""Jun 30, 2028"",3,""$ 2,103,361"",,D,LB,28,Italy,Cremonese,True,"
"Jari Vandeputte,,""$ 13,483"",""$ 701,120"",""$ 175,280"",""$ 876,400"",Active,""Jul 1, 2025"",""Jun 30, 2028"",3,""$ 2,103,361"",,M,CM,29,Belgium,Cremonese,True,"
"Morten Thorsby,,""$ 13,483"",""$ 701,120"",""$ 175,280"",""$ 876,400"",Active,""Feb 2, 2026"",""Jun 30, 2028"",3,""$ 2,103,361"",,M,CM,29,Norway,Cremonese,True,"
"Amir Richardson,,""$ 13,483"",""$ 701,120"",""$ 175,280"",""$ 876,400"",Inactive,""Aug 12, 2024"",""Jun 30, 2029"",4,""$ 2,804,481"",,M,CM,23,Morocco,Fiorentina,False,"
"Cher Ndour,,""$ 13,483"",""$ 701,120"",""$ 175,280"",""$ 876,400"",Active,""Feb 3, 2025"",""Jun 30, 2029"",4,""$ 2,804,481"",,M,CM,21,Italy,Fiorentina,True,"
"Mikael Egill Ellertsson,,""$ 13,483"",""$ 701,120"",""$ 175,280"",""$ 876,400"",Active,""Jan 30, 2025"",""Jun 30, 2029"",4,""$ 2,804,481"",,M,CM,23,Iceland,Genoa,True,"
"Petar Ratkov,,""$ 13,483"",""$ 701,120"",""$ 175,280"",""$ 876,400"",Active,""Jan 8, 2026"",""Jun 30, 2030"",5,""$ 3,505,601"",,F,CF,22,Serbia,Lazio,True,"
"Nikola Stulic,,""$ 13,483"",""$ 701,120"",""$ 175,280"",""$ 876,400"",Active,""Aug 27, 2025"",""Jun 30, 2029"",4,""$ 2,804,481"",,F,CF,24,Serbia,Lecce,True,"
"Omri Gandelman,,""$ 13,483"",""$ 701,120"",""$ 175,280"",""$ 876,400"",Active,""Jan 9, 2026"",""Jun 30, 2029"",4,""$ 2,804,481"",,F,AM,25,Israel,Lecce,True,"
"Wladimiro Falcone,,""$ 13,483"",""$ 701,120"",""$ 175,280"",""$ 876,400"",Active,""Jul 27, 2023"",""Jun 30, 2028"",3,""$ 2,103,361"",,K,GK,30,Italy,Lecce,True,"
"Giovane,,""$ 13,483"",""$ 701,120"",""$ 175,280"",""$ 876,400"",Active,""Jan 24, 2026"",""Jun 30, 2030"",5,""$ 3,505,601"",,F,CF,22,Brazil,Napoli,True,"
"Nikita Contini,,""$ 13,483"",""$ 701,120"",""$ 175,280"",""$ 876,400"",Active,""Jan 19, 2026"",""Jun 30, 2031"",6,""$ 4,206,721"",,K,GK,29,Italy,Napoli,True,"
"Nahuel Estévez,,""$ 13,483"",""$ 701,120"",""$ 175,280"",""$ 876,400"",Active,""Aug 31, 2023"",""Jun 30, 2026"",1,""$ 701,120"",,M,DM,30,Argentina,Parma,True,"
"Pontus Almqvist,,""$ 13,483"",""$ 701,120"",""$ 175,280"",""$ 876,400"",Active,""Aug 13, 2024"",""Jun 30, 2027"",2,""$ 1,402,240"",,F,RW,26,Sweden,Parma,True,"
"Adrian Semper,,""$ 13,483"",""$ 701,120"",""$ 175,280"",""$ 876,400"",Active,""Jul 30, 2024"",""Jun 30, 2027"",2,""$ 1,402,240"",,K,GK,28,Croatia,Pisa,True,"
"Daniel Boloca,,""$ 13,483"",""$ 701,120"",""$ 175,280"",""$ 876,400"",Active,""Jul 13, 2023"",""Jun 30, 2028"",3,""$ 2,103,361"",,M,DM,27,Italy,Sassuolo,True,"
"Jay Idzes,,""$ 13,483"",""$ 701,120"",""$ 175,280"",""$ 876,400"",Active,""Aug 9, 2025"",""Jun 30, 2029"",4,""$ 2,804,481"",,D,CB,25,Indonesia,Sassuolo,True,"
"Sebastian Walukiewicz,,""$ 13,483"",""$ 701,120"",""$ 175,280"",""$ 876,400"",Loan,""Jul 25, 2025"",""Jun 30, 2026"",1,""$ 701,120"",,D,RB,25,Poland,Sassuolo,True,"
"Jakub Piotrowski,,""$ 13,483"",""$ 701,120"",""$ 175,280"",""$ 876,400"",Active,""Aug 2, 2025"",""Jun 30, 2029"",4,""$ 2,804,481"",,M,CM,28,Poland,Udinese,True,"
"Jesper Karlström,,""$ 13,483"",""$ 701,120"",""$ 175,280"",""$ 876,400"",Active,""Aug 3, 2024"",""Jun 30, 2026"",1,""$ 701,120"",,M,DM,30,Sweden,Udinese,True,"
"Adrián Bernabé,,""$ 17,977"",""$ 934,827"",""$ 233,707"",""$ 1,168,534"",Active,""Apr 25, 2024"",""Jun 30, 2027"",2,""$ 1,869,654"",,M,CM,24,Spain,Parma,True,"
"Morten Frendrup,,""$ 17,977"",""$ 934,827"",""$ 233,707"",""$ 1,168,534"",Active,""Feb 29, 2024"",""Jun 30, 2028"",3,""$ 2,804,481"",,M,CM,24,Denmark,Genoa,True,"
"Michel Aebischer,,""$ 17,977"",""$ 934,827"",""$ 233,707"",""$ 1,168,534"",Loan,""Aug 3, 2025"",""Jun 30, 2026"",1,""$ 934,827"",,M,CM,29,Switzerland,Pisa,True,"
"Antonino Gallo,,""$ 12,360"",""$ 642,694"",""$ 160,673"",""$ 803,367"",Active,""Dec 9, 2022"",""Jun 30, 2026"",1,""$ 642,694"",,D,LB,26,Italy,Lecce,True,"
"Torbjørn Heggem,,""$ 12,360"",""$ 642,694"",""$ 160,673"",""$ 803,367"",Active,""Aug 15, 2025"",""Jun 30, 2029"",4,""$ 2,570,774"",,D,CB,27,Norway,Bologna,True,"
"Rafiu Durosinmi,,""$ 12,360"",""$ 642,694"",""$ 160,673"",""$ 803,367"",Active,""Jan 8, 2026"",""Jun 30, 2030"",5,""$ 3,213,468"",,F,CF,23,Nigeria,Pisa,True,"
"Daniel Maldini,,""$ 12,360"",""$ 642,694"",""$ 233,707"",""$ 876,400"",Loan,""Jan 27, 2026"",""Jun 30, 2026"",1,""$ 642,694"",,F,AM,24,Italy,Lazio,True,"
"Daniel Maldini,,""$ 12,360"",""$ 642,694"",""$ 233,707"",""$ 876,400"",Inactive,""Feb 1, 2025"",""Jun 30, 2029"",4,""$ 2,570,774"",,F,AM,24,Italy,Atalanta,False,"
"Ulisses Garcia,,""$ 12,360"",""$ 642,694"",""$ 160,673"",""$ 803,367"",Loan,""Feb 2, 2026"",""Jun 30, 2026"",1,""$ 642,694"",,D,LB,30,Switzerland,Sassuolo,True,"
"Federico Ceccherini,,""$ 12,360"",""$ 642,694"",""$ 160,673"",""$ 803,367"",Active,""Aug 30, 2024"",""Jun 30, 2026"",1,""$ 642,694"",,D,CB,33,Italy,Cremonese,True,"
"Tommaso Baldanzi,,""$ 12,135"",""$ 631,008"",""$ 157,752"",""$ 788,760"",Inactive,""Feb 1, 2024"",""Jun 30, 2028"",3,""$ 1,893,025"",,F,AM,22,Italy,Roma,False,"
"Tommaso Baldanzi,,""$ 12,135"",""$ 631,008"",""$ 157,752"",""$ 788,760"",Loan,""Jan 23, 2026"",""Jun 30, 2026"",1,""$ 631,008"",,F,AM,22,Italy,Genoa,True,"
"Jhon Lucumí,,""$ 16,854"",""$ 876,400"",""$ 219,100"",""$ 1,095,500"",Active,""Aug 18, 2022"",""Jun 30, 2027"",2,""$ 1,752,801"",,D,CB,27,Colombia,Bologna,True,"
"Marco Brescianini,,""$ 11,236"",""$ 584,267"",""$ 146,067"",""$ 730,334"",Inactive,""Jul 1, 2025"",""Jun 30, 2029"",4,""$ 2,337,067"",,M,CM,25,Italy,Atalanta,False,"
"Alessandro Circati,,""$ 11,236"",""$ 584,267"",""$ 146,067"",""$ 730,334"",Active,""Feb 25, 2025"",""Jun 30, 2029"",4,""$ 2,337,067"",,D,CB,22,Australia,Parma,True,"
"Lorenzo Montipò,,""$ 11,236"",""$ 584,267"",""$ 146,067"",""$ 730,334"",Active,""Aug 28, 2025"",""Jun 30, 2028"",3,""$ 1,752,801"",,K,GK,29,Italy,Hellas Verona,True,"
"Honest Ahanor,,""$ 11,236"",""$ 584,267"",""$ 146,067"",""$ 730,334"",Active,""Jul 4, 2025"",""Jun 30, 2028"",3,""$ 1,752,801"",,D,CB,17,Nigeria,Atalanta,True,"
"Christian Ordóñez,,""$ 11,236"",""$ 584,267"",""$ 146,067"",""$ 730,334"",Active,""Jul 1, 2025"",""Jun 30, 2030"",5,""$ 2,921,334"",,M,CM,21,Argentina,Parma,True,"
"Luca Marianucci,,""$ 11,236"",""$ 584,267"",""$ 146,067"",""$ 730,334"",Loan,""Jan 31, 2026"",""Jun 30, 2026"",1,""$ 584,267"",,D,CB,21,Italy,Torino,True,"
"Charalampos Lykogiannis,,""$ 11,236"",""$ 584,267"",""$ 146,067"",""$ 730,334"",Active,""Jun 12, 2025"",""Jun 30, 2026"",1,""$ 584,267"",,D,LB,32,Greece,Bologna,True,"
"Cheikh Niasse,,""$ 11,236"",""$ 584,267"",""$ 146,067"",""$ 730,334"",Active,""Jul 1, 2025"",""Jun 30, 2029"",4,""$ 2,337,067"",,M,DM,26,Senegal,Hellas Verona,True,"
"Woyo Coulibaly,,""$ 11,236"",""$ 584,267"",""$ 175,280"",""$ 759,547"",Loan,""Sep 1, 2025"",""Jun 30, 2026"",1,""$ 584,267"",,D,RB,26,Mali,Sassuolo,True,"
"Stefano Sabelli,,""$ 11,236"",""$ 584,267"",""$ 146,067"",""$ 730,334"",Active,""Apr 13, 2026"",""Jun 30, 2028"",3,""$ 1,752,801"",,D,RB,33,Italy,Genoa,True,"
"Oliver Provstgaard,,""$ 11,236"",""$ 584,267"",""$ 146,067"",""$ 730,334"",Active,""Feb 3, 2025"",""Jun 30, 2029"",4,""$ 2,337,067"",,D,CB,22,Denmark,Lazio,True,"
"Lorenzo Colombo,,""$ 11,236"",""$ 584,267"",""$ 146,067"",""$ 730,334"",Loan,""Jul 28, 2025"",""Jun 30, 2026"",1,""$ 584,267"",,F,CF,23,Italy,Genoa,True,"
"Junior Messias,,""$ 11,236"",""$ 584,267"",""$ 233,707"",""$ 817,974"",Active,""Jul 12, 2025"",""Jun 30, 2026"",1,""$ 584,267"",,F,RW,34,Brazil,Genoa,True,"
"Adam Obert,,""$ 11,236"",""$ 584,267"",""$ 146,067"",""$ 730,334"",Active,""Mar 12, 2026"",""Jun 30, 2030"",5,""$ 2,921,334"",,D,CB,23,Slovakia,Cagliari,True,"
"Alberto Dossena,,""$ 11,236"",""$ 584,267"",""$ 116,853"",""$ 701,120"",Loan,""Jan 21, 2026"",""Jun 30, 2026"",1,""$ 584,267"",,D,CB,27,Italy,Cagliari,True,"
"Brooke Norton-Cuffy,,""$ 11,236"",""$ 584,267"",""$ 146,067"",""$ 730,334"",Active,""Aug 14, 2024"",""Jun 30, 2029"",4,""$ 2,337,067"",,D,RB,22,England,Genoa,True,"
"Vakoun Issouf Bayo,,""$ 11,236"",""$ 584,267"",""$ 146,067"",""$ 730,334"",Active,""Aug 29, 2024"",""Jun 30, 2028"",3,""$ 1,752,801"",,F,CF,29,Cote d'Ivoire,Udinese,True,"
"Jamil Siebert,,""$ 11,236"",""$ 584,267"",""$ 146,067"",""$ 730,334"",Active,""Aug 22, 2025"",""Jun 30, 2028"",3,""$ 1,752,801"",,D,CB,23,Germany,Lecce,True,"
"Gianluca Gaetano,,""$ 11,236"",""$ 584,267"",""$ 146,067"",""$ 730,334"",Active,""Jul 1, 2025"",""Jun 30, 2029"",4,""$ 2,337,067"",,F,AM,25,Italy,Cagliari,True,"
"Alberto Dossena,,""$ 11,236"",""$ 584,267"",""$ 116,853"",""$ 701,120"",Inactive,""Jul 1, 2024"",""Jun 30, 2028"",3,""$ 1,752,801"",,D,CB,27,Italy,Como,False,"
"Assane Diao,,""$ 11,236"",""$ 584,267"",""$ 146,067"",""$ 730,334"",Active,""Jan 7, 2025"",""Jun 30, 2029"",4,""$ 2,337,067"",,F,LW,20,Senegal,Como,True,"
"Edoardo Goldaniga,,""$ 11,236"",""$ 584,267"",""$ 146,067"",""$ 730,334"",Active,""Jul 28, 2025"",""Jun 30, 2028"",3,""$ 1,752,801"",,D,CB,32,Italy,Como,True,"
"Jean Butez,,""$ 11,236"",""$ 584,267"",""$ 146,067"",""$ 730,334"",Active,""Jan 7, 2025"",""Jun 30, 2028"",3,""$ 1,752,801"",,K,GK,30,France,Como,True,"
"Martin Baturina,,""$ 11,236"",""$ 584,267"",""$ 146,067"",""$ 730,334"",Active,""Jul 1, 2025"",""Jun 30, 2030"",5,""$ 2,921,334"",,F,AM,22,Croatia,Como,True,"
"Samuel Iling-Junior,,""$ 11,236"",""$ 584,267"",""$ 146,067"",""$ 730,334"",Loan,""Feb 2, 2026"",""Jun 30, 2026"",1,""$ 584,267"",,D,LB,22,England,Pisa,True,"
"Raúl Albiol,,""$ 11,236"",""$ 584,267"",""$ 146,067"",""$ 730,334"",Active,""Sep 2, 2025"",""Jun 30, 2026"",1,""$ 584,267"",,D,CB,40,Spain,Pisa,True,"
"Nico Paz,,""$ 11,236"",""$ 584,267"",""$ 116,853"",""$ 701,120"",Active,""Aug 25, 2024"",""Jun 30, 2028"",3,""$ 1,752,801"",,F,AM,21,Argentina,Como,True,"
"Zion Suzuki,,""$ 11,236"",""$ 584,267"",""$ 146,067"",""$ 730,334"",Active,""Jul 15, 2024"",""Jun 30, 2029"",4,""$ 2,337,067"",,K,GK,23,Japan,Parma,True,"
"Mattia Viti,,""$ 11,236"",""$ 584,267"",""$ 146,067"",""$ 730,334"",Inactive,""Jul 1, 2025"",""Jun 30, 2026"",1,""$ 584,267"",,D,CB,23,Italy,Fiorentina,False,"
"Marco Brescianini,,""$ 11,236"",""$ 584,267"",""$ 146,067"",""$ 730,334"",Loan,""Jan 9, 2026"",""Jun 30, 2026"",1,""$ 584,267"",,M,CM,26,Italy,Fiorentina,True,"
"David Odogu,,""$ 11,236"",""$ 584,267"",""$ 146,067"",""$ 730,334"",Active,""Sep 1, 2025"",""Jun 30, 2029"",4,""$ 2,337,067"",,D,CB,19,Germany,AC Milan,True,"
"Mateo Pellegrino,,""$ 11,236"",""$ 584,267"",""$ 146,067"",""$ 730,334"",Active,""Feb 11, 2026"",""Jun 30, 2030"",5,""$ 2,921,334"",,F,CF,24,Argentina,Parma,True,"
"Jacob Ondrejka,,""$ 11,236"",""$ 584,267"",""$ 146,067"",""$ 730,334"",Active,""Jan 23, 2025"",""Jun 30, 2029"",4,""$ 2,337,067"",,F,LW,23,Sweden,Parma,True,"
"Luca Marianucci,,""$ 11,236"",""$ 584,267"",""$ 146,067"",""$ 730,334"",Inactive,""Jul 1, 2025"",""Jun 30, 2030"",5,""$ 2,921,334"",,D,CB,21,Italy,Napoli,False,"
"Gabriel Strefezza,,""$ 11,236"",""$ 584,267"",""$ 146,067"",""$ 730,334"",Active,""Feb 2, 2026"",""Jun 30, 2026"",1,""$ 584,267"",,F,RW,28,Brazil,Parma,True,"
"Edoardo Corvi,,""$ 11,236"",""$ 584,267"",""$ 146,067"",""$ 730,334"",Active,""Feb 20, 2026"",""Jun 30, 2029"",4,""$ 2,337,067"",,K,GK,24,Italy,Parma,True,"
"Marco Silvestri,,""$ 11,236"",""$ 584,267"",""$ 146,067"",""$ 730,334"",Active,""Aug 13, 2025"",""Jun 30, 2026"",1,""$ 584,267"",,K,GK,34,Italy,Cremonese,True,"
"Milan Djuric,,""$ 15,730"",""$ 817,974"",""$ 204,493"",""$ 1,022,467"",Active,""Jan 27, 2026"",""Jun 30, 2027"",2,""$ 1,635,947"",,F,CF,35,Bosnia-Herzegovina,Cremonese,True,"
"Maduka Okoye,,""$ 15,730"",""$ 817,974"",""$ 204,493"",""$ 1,022,467"",Active,""Aug 20, 2024"",""Jun 30, 2028"",3,""$ 2,453,921"",,K,GK,26,Nigeria,Udinese,True,"
"Kingsley Ehizibue,,""$ 15,730"",""$ 817,974"",""$ 204,493"",""$ 1,022,467"",Active,""Aug 29, 2022"",""Jun 30, 2026"",1,""$ 817,974"",,D,RB,30,Netherlands,Udinese,True,"
"Keinan Davis,,""$ 15,730"",""$ 817,974"",""$ 204,493"",""$ 1,022,467"",Active,""Sep 1, 2023"",""Jun 30, 2027"",2,""$ 1,635,947"",,F,CF,27,England,Udinese,True,"
"Stefano Turati,,""$ 10,337"",""$ 537,526"",""$ 134,381"",""$ 671,907"",Active,""Nov 25, 2020"",""Jun 30, 2028"",3,""$ 1,612,577"",,K,GK,24,Italy,Sassuolo,True,"
"Mariano Troilo,,""$ 10,112"",""$ 525,840"",""$ 131,460"",""$ 657,300"",Active,""Aug 21, 2025"",""Jun 30, 2030"",5,""$ 2,629,201"",,D,CB,22,Argentina,Parma,True,"
"Hans Nicolussi Caviglia,,""$ 10,112"",""$ 525,840"",""$ 131,460"",""$ 657,300"",Loan,""Jan 29, 2026"",""Jun 30, 2026"",1,""$ 525,840"",,M,CM,25,Italy,Parma,True,"
"Jayden Addai,,""$ 10,112"",""$ 525,840"",""$ 131,460"",""$ 657,300"",Active,""Jul 4, 2025"",""Jun 30, 2030"",5,""$ 2,629,201"",,F,RW,20,Netherlands,Como,True,"
"Abdoulaye Ndiaye,,""$ 10,112"",""$ 525,840"",""$ 131,460"",""$ 657,300"",Active,""Aug 4, 2025"",""Jun 30, 2029"",4,""$ 2,103,361"",,D,CB,23,Senegal,Parma,True,"
"Simon Sohm,,""$ 14,607"",""$ 759,547"",""$ 189,887"",""$ 949,434"",Loan,""Jan 22, 2026"",""Jun 30, 2026"",1,""$ 759,547"",,M,CM,24,Switzerland,Bologna,True,"
"Henrik Meister,,""$ 10,112"",""$ 525,840"",""$ 131,460"",""$ 657,300"",Active,""Aug 10, 2025"",""Jun 30, 2028"",3,""$ 1,577,521"",,F,CF,22,Denmark,Pisa,True,"
"Alieu Fadera,,""$ 10,112"",""$ 525,840"",""$ 131,460"",""$ 657,300"",Loan,""Jul 28, 2025"",""Jun 30, 2026"",1,""$ 525,840"",,F,LW,24,The Gambia,Sassuolo,True,"
"Simon Sohm,,""$ 14,607"",""$ 759,547"",""$ 189,887"",""$ 949,434"",Inactive,""Aug 4, 2025"",""Jun 30, 2030"",5,""$ 3,797,735"",,M,CM,24,Switzerland,Fiorentina,False,"
"Edoardo Iannoni,,""$ 10,112"",""$ 525,840"",""$ 131,460"",""$ 657,300"",Active,""Aug 23, 2024"",""Jun 30, 2028"",3,""$ 1,577,521"",,M,CM,24,Italy,Sassuolo,True,"
"Abdou Harroui,,""$ 13,483"",""$ 701,120"",""$ 175,280"",""$ 876,400"",Active,""Jul 9, 2024"",""Jun 30, 2028"",3,""$ 2,103,361"",,M,CM,28,Morocco,Hellas Verona,True,"
"Kristian Thorstvedt,,""$ 13,483"",""$ 701,120"",""$ 175,280"",""$ 876,400"",Active,""Jul 12, 2022"",""Jun 30, 2027"",2,""$ 1,402,240"",,M,CM,26,Norway,Sassuolo,True,"
"Lucas Da Cunha,,""$ 13,483"",""$ 701,120"",""$ 175,280"",""$ 876,400"",Active,""Jan 24, 2025"",""Jun 30, 2029"",4,""$ 2,804,481"",,M,CM,24,France,Como,True,"
"Lautaro Valenti,,""$ 13,483"",""$ 701,120"",""$ 175,280"",""$ 876,400"",Active,""Jun 25, 2024"",""Jun 30, 2027"",2,""$ 1,402,240"",,D,CB,27,Argentina,Parma,True,"
"David Okereke,,""$ 13,483"",""$ 701,120"",""$ 175,280"",""$ 876,400"",Active,""Jul 28, 2022"",""Jun 30, 2026"",1,""$ 701,120"",,F,CF,28,Nigeria,Cremonese,True,"
"Caleb Ekuban,,""$ 13,483"",""$ 701,120"",""$ 175,280"",""$ 876,400"",Active,""Jun 28, 2024"",""Jun 30, 2026"",1,""$ 701,120"",,F,CF,31,Ghana,Genoa,True,"
"Cyril Ngonge,,""$ 13,483"",""$ 701,120"",""$ 175,280"",""$ 876,400"",Inactive,""Jul 24, 2025"",""Jun 30, 2026"",1,""$ 701,120"",,F,RW,25,Belgium,Torino,False,"
"Lassana Coulibaly,,""$ 13,483"",""$ 701,120"",""$ 175,280"",""$ 876,400"",Active,""Aug 14, 2024"",""Jun 30, 2027"",2,""$ 1,402,240"",,M,CM,29,Mali,Lecce,True,"
"Unai Núñez,,""$ 9,213"",""$ 479,099"",""$ 119,775"",""$ 598,874"",Inactive,""Jul 25, 2025"",""Jun 30, 2026"",1,""$ 479,099"",,D,CB,28,Spain,Hellas Verona,False,"
"Ebenezer Akinsanmiro,,""$ 8,989"",""$ 467,413"",""$ 116,853"",""$ 584,267"",Loan,""Jul 22, 2025"",""Jun 30, 2026"",1,""$ 467,413"",,M,CM,21,Nigeria,Pisa,True,"
"Gennaro Borrelli,,""$ 8,989"",""$ 467,413"",""$ 116,853"",""$ 584,267"",Active,""Jul 10, 2025"",""Jun 30, 2029"",4,""$ 1,869,654"",,F,CF,25,Italy,Cagliari,True,"
"Matteo Bianchetti,,""$ 8,989"",""$ 467,413"",""$ 116,853"",""$ 584,267"",Active,""Feb 4, 2025"",""Jun 30, 2026"",1,""$ 467,413"",,D,CB,32,Italy,Cremonese,True,"
"Jean-Daniel Akpa Akpro,,""$ 8,989"",""$ 467,413"",""$ 116,853"",""$ 584,267"",Active,""Sep 6, 2025"",""Jun 30, 2026"",1,""$ 467,413"",,M,CM,33,Cote d'Ivoire,Hellas Verona,True,"
"Pol Lirola,,""$ 8,989"",""$ 467,413"",""$ 116,853"",""$ 584,267"",Active,""Jan 18, 2026"",""Jun 30, 2026"",1,""$ 467,413"",,D,RB,28,Spain,Hellas Verona,True,"
"Lennon Miller,,""$ 8,989"",""$ 467,413"",""$ 116,853"",""$ 584,267"",Active,""Aug 12, 2025"",""Jun 30, 2030"",5,""$ 2,337,067"",,M,CM,19,Scotland,Udinese,True,"
"Benjamin Siegrist,,""$ 8,989"",""$ 467,413"",""$ 116,853"",""$ 584,267"",Loan,""Jul 9, 2025"",""Jun 30, 2026"",1,""$ 467,413"",,K,GK,34,Switzerland,Genoa,True,"
"Simone Scuffet,,""$ 8,989"",""$ 467,413"",""$ 116,853"",""$ 584,267"",Active,""Jul 23, 2025"",""Jun 30, 2028"",3,""$ 1,402,240"",,K,GK,29,Italy,Pisa,True,"
"Alberto Paleari,,""$ 8,989"",""$ 467,413"",""$ 116,853"",""$ 584,267"",Active,""Oct 31, 2025"",""Jun 30, 2027"",2,""$ 934,827"",,K,GK,33,Italy,Torino,True,"
"Rosen Bozhinov,,""$ 8,989"",""$ 467,413"",""$ 116,853"",""$ 584,267"",Active,""Jan 14, 2026"",""Jun 30, 2030"",5,""$ 2,337,067"",,D,CB,21,Bulgaria,Pisa,True,"
"Federico Ravaglia,,""$ 8,989"",""$ 467,413"",""$ 116,853"",""$ 584,267"",Active,""Aug 9, 2024"",""Jun 30, 2028"",3,""$ 1,402,240"",,K,GK,26,Italy,Bologna,True,"
"Eivind Helland,,""$ 8,989"",""$ 467,413"",""$ 116,853"",""$ 584,267"",Active,""Jan 16, 2026"",""Jun 30, 2030"",5,""$ 2,337,067"",,D,CB,20,Norway,Bologna,True,"
"Tarik Muharemović,,""$ 8,989"",""$ 467,413"",""$ 116,853"",""$ 584,267"",Active,""Nov 1, 2025"",""Jun 30, 2031"",6,""$ 2,804,481"",,D,CB,22,Bosnia-Herzegovina,Sassuolo,True,"
"Benjamín Domínguez,,""$ 8,989"",""$ 467,413"",""$ 116,853"",""$ 584,267"",Active,""Aug 28, 2024"",""Jun 30, 2029"",4,""$ 1,869,654"",,F,LW,22,Argentina,Bologna,True,"
"Alessandro Zanoli,,""$ 8,989"",""$ 467,413"",""$ 116,853"",""$ 584,267"",Loan,""Sep 1, 2025"",""Jun 30, 2026"",1,""$ 467,413"",,D,RB,25,Italy,Udinese,True,"
"Branimir Mlacic,,""$ 8,989"",""$ 467,413"",""$ 116,853"",""$ 584,267"",Active,""Feb 2, 2026"",""Jun 30, 2031"",6,""$ 2,804,481"",,D,CB,18,Croatia,Udinese,True,"
"Filippo Romagna,,""$ 8,989"",""$ 467,413"",""$ 116,853"",""$ 584,267"",Active,""Jul 9, 2025"",""Jun 30, 2026"",1,""$ 467,413"",,D,CB,28,Italy,Sassuolo,True,"
"Vasilije Adžić,,""$ 8,989"",""$ 467,413"",""$ 116,853"",""$ 584,267"",Active,""Jul 1, 2024"",""Jun 30, 2029"",4,""$ 1,869,654"",,F,AM,19,Montenegro,Juventus,True,"
"Darryl Bakola,,""$ 8,989"",""$ 467,413"",""$ 116,853"",""$ 584,267"",Active,""Feb 2, 2026"",""Jun 30, 2030"",5,""$ 2,337,067"",,F,AM,18,France,Sassuolo,True,"
"Gaetano Oristanio,,""$ 8,989"",""$ 467,413"",""$ 116,853"",""$ 584,267"",Loan,""Aug 28, 2025"",""Jun 30, 2026"",1,""$ 467,413"",,F,AM,23,Italy,Parma,True,"
"Alessandro Deiola,,""$ 8,989"",""$ 467,413"",""$ 116,853"",""$ 584,267"",Active,""Apr 8, 2025"",""Jun 30, 2029"",4,""$ 1,869,654"",,M,CM,30,Italy,Cagliari,True,"
"Nicolò Bertola,,""$ 8,989"",""$ 467,413"",""$ 116,853"",""$ 584,267"",Active,""Jul 1, 2025"",""Jun 30, 2030"",5,""$ 2,337,067"",,D,CB,22,Italy,Udinese,True,"
"Niels Nkounkou,,""$ 8,315"",""$ 432,357"",""$ 108,089"",""$ 540,447"",Loan,""Sep 1, 2025"",""Jun 30, 2026"",1,""$ 432,357"",,D,LB,25,France,Torino,True,"
"M'Bala Nzola,,""$ 8,427"",""$ 438,200"",""$ 109,550"",""$ 547,750"",Inactive,""Aug 7, 2025"",""Jun 30, 2026"",1,""$ 438,200"",,F,CF,29,Angola,Pisa,False,"
"M'Bala Nzola,,""$ 8,427"",""$ 438,200"",""$ 109,550"",""$ 547,750"",Loan,""Jan 31, 2026"",""Jun 30, 2026"",1,""$ 438,200"",,F,CF,29,Angola,Sassuolo,True,"
"Alessandro Marcandalli,,""$ 7,865"",""$ 408,987"",""$ 102,247"",""$ 511,234"",Active,""Jan 20, 2021"",""Jun 30, 2029"",4,""$ 1,635,947"",,D,CB,23,Italy,Genoa,True,"
"Filip Marchwinski,,""$ 7,865"",""$ 408,987"",""$ 102,247"",""$ 511,234"",Active,""Jul 26, 2024"",""Jun 30, 2028"",3,""$ 1,226,960"",,F,AM,24,Poland,Lecce,True,"
"Gaby Jean,,""$ 7,865"",""$ 408,987"",""$ 102,247"",""$ 511,234"",Active,""Aug 26, 2024"",""Jun 30, 2027"",2,""$ 817,974"",,D,CB,25,France,Lecce,True,"
"Tommaso Barbieri,,""$ 7,865"",""$ 408,987"",""$ 102,247"",""$ 511,234"",Active,""Aug 6, 2024"",""Jun 30, 2028"",3,""$ 1,226,960"",,D,RB,23,Italy,Cremonese,True,"
"Filip Stojilkovic,,""$ 7,865"",""$ 408,987"",""$ 102,247"",""$ 511,234"",Active,""Jan 30, 2026"",""Jun 30, 2029"",4,""$ 1,635,947"",,F,CF,26,Switzerland,Pisa,True,"
"Răzvan Sava,,""$ 7,865"",""$ 408,987"",""$ 102,247"",""$ 511,234"",Active,""Aug 23, 2024"",""Jun 30, 2029"",4,""$ 1,635,947"",,K,GK,23,Romania,Udinese,True,"
"Fali Candé,,""$ 7,865"",""$ 408,987"",""$ 102,247"",""$ 511,234"",Active,""Aug 10, 2025"",""Jun 30, 2029"",4,""$ 1,635,947"",,D,CB,28,Guinea-Bissau,Sassuolo,True,"
"Nicholas Pierini,,""$ 7,865"",""$ 408,987"",""$ 102,247"",""$ 511,234"",Inactive,""Aug 30, 2024"",""Jun 30, 2027"",2,""$ 817,974"",,F,RW,27,Italy,Sassuolo,False,"
"Lorenzo Bernasconi,,""$ 7,865"",""$ 408,987"",""$ 102,247"",""$ 511,234"",Active,""Jul 1, 2025"",""Jun 30, 2028"",3,""$ 1,226,960"",,M,LM,22,Italy,Atalanta,True,"
"Lameck Banda,,""$ 11,236"",""$ 584,267"",""$ 146,067"",""$ 730,334"",Active,""Aug 4, 2022"",""Jun 30, 2026"",1,""$ 584,267"",,F,LW,25,Zambia,Lecce,True,"
"Oliver Christensen,,""$ 11,236"",""$ 584,267"",""$ 146,067"",""$ 730,334"",Active,""Aug 10, 2023"",""Jun 30, 2028"",3,""$ 1,752,801"",,K,GK,26,Denmark,Fiorentina,True,"
"Saba Sazonov,,""$ 11,236"",""$ 584,267"",""$ 146,067"",""$ 730,334"",Active,""Aug 31, 2023"",""Jun 30, 2026"",1,""$ 584,267"",,D,CB,24,Georgia,Torino,True,"
"Eldor Shomurodov,,""$ 11,236"",""$ 584,267"",""$ 146,067"",""$ 730,334"",Inactive,""Aug 2, 2021"",""Jun 30, 2026"",1,""$ 584,267"",,F,CF,30,Uzbekistan,Roma,False,"
"Lorran,,""$ 7,416"",""$ 385,616"",""$ 96,404"",""$ 482,020"",Loan,""Sep 1, 2025"",""Jun 30, 2026"",1,""$ 385,616"",,F,AM,19,Brazil,Pisa,True,"
"Jeremy Sarmiento,,""$ 7,303"",""$ 379,773"",""$ 94,943"",""$ 474,717"",Inactive,""Sep 1, 2025"",""Jun 30, 2026"",1,""$ 379,773"",,F,LW,23,Ecuador,Cremonese,False,"
"Kialonda Gaspar,,""$ 7,191"",""$ 373,931"",""$ 93,483"",""$ 467,413"",Active,""Jul 1, 2024"",""Jun 30, 2027"",2,""$ 747,862"",,D,CB,28,Angola,Lecce,True,"
"Ylber Ramadani,,""$ 10,112"",""$ 525,840"",""$ 131,460"",""$ 657,300"",Active,""Aug 4, 2023"",""Jun 30, 2026"",1,""$ 525,840"",,M,DM,29,Albania,Lecce,True,"
"Francesco Folino,,""$ 6,742"",""$ 350,560"",""$ 87,640"",""$ 438,200"",Active,""Jan 24, 2025"",""Jun 30, 2028"",3,""$ 1,051,680"",,D,CB,24,Italy,Cremonese,True,"
"Youssef Maleh,,""$ 6,742"",""$ 350,560"",""$ 87,640"",""$ 438,200"",Loan,""Jan 31, 2026"",""Jun 30, 2026"",1,""$ 350,560"",,M,CM,27,Morocco,Cremonese,True,"
"Alieu Njie,,""$ 6,742"",""$ 350,560"",""$ 87,640"",""$ 438,200"",Active,""Jul 15, 2025"",""Jun 30, 2029"",4,""$ 1,402,240"",,F,LW,20,Sweden,Torino,True,"
"Edoardo Pieragnolo,,""$ 6,742"",""$ 350,560"",""$ 87,640"",""$ 438,200"",Active,""Oct 16, 2024"",""Jun 30, 2029"",4,""$ 1,402,240"",,D,LB,23,Italy,Sassuolo,True,"
"Christian Früchtl,,""$ 6,742"",""$ 350,560"",""$ 87,640"",""$ 438,200"",Active,""Jul 1, 2024"",""Jun 30, 2027"",2,""$ 701,120"",,K,GK,26,Germany,Lecce,True,"
"Konan N’Dri,,""$ 6,742"",""$ 350,560"",""$ 87,640"",""$ 438,200"",Active,""Feb 2, 2025"",""Jun 30, 2027"",2,""$ 701,120"",,F,RW,25,Cote d'Ivoire,Lecce,True,"
"Adrian Przyborek,,""$ 6,742"",""$ 350,560"",""$ 87,640"",""$ 438,200"",Active,""Jan 31, 2026"",""Jun 30, 2030"",5,""$ 1,752,801"",,F,AM,19,Poland,Lazio,True,"
"Daniel Mosquera,,""$ 6,742"",""$ 350,560"",""$ 87,640"",""$ 438,200"",Active,""Jul 4, 2024"",""Jun 30, 2028"",3,""$ 1,051,680"",,F,CF,26,Colombia,Hellas Verona,True,"
"Tino Anjorin,,""$ 6,742"",""$ 350,560"",""$ 87,640"",""$ 438,200"",Loan,""Jul 4, 2025"",""Jun 30, 2026"",1,""$ 350,560"",,F,AM,24,England,Torino,True,"
"Ivan Smolcic,,""$ 6,742"",""$ 350,560"",""$ 87,640"",""$ 438,200"",Active,""Feb 3, 2025"",""Jun 30, 2029"",4,""$ 1,402,240"",,D,RB,25,Croatia,Como,True,"
"Santiago Pierotti,,""$ 6,742"",""$ 350,560"",""$ 87,640"",""$ 438,200"",Active,""Jan 16, 2024"",""Jun 30, 2027"",2,""$ 701,120"",,F,RW,24,Argentina,Lecce,True,"
"Rafik Belghali,,""$ 6,742"",""$ 350,560"",""$ 87,640"",""$ 438,200"",Active,""Aug 19, 2025"",""Jun 30, 2029"",4,""$ 1,402,240"",,D,RB,23,Algeria,Hellas Verona,True,"
"Youssef Maleh,,""$ 6,742"",""$ 350,560"",""$ 116,853"",""$ 467,413"",Inactive,""Jul 1, 2023"",""Jun 30, 2027"",2,""$ 701,120"",,M,CM,27,Morocco,Lecce,False,"
"Michele Collocolo,,""$ 6,742"",""$ 350,560"",""$ 87,640"",""$ 438,200"",Active,""Jul 22, 2023"",""Jun 30, 2027"",2,""$ 701,120"",,M,CM,26,Italy,Cremonese,True,"
"Antonio Vergara,,""$ 6,742"",""$ 350,560"",""$ 87,640"",""$ 438,200"",Active,""Oct 19, 2025"",""Jun 30, 2030"",5,""$ 1,752,801"",,F,AM,23,Italy,Napoli,True,"
"Arthur Atta,,""$ 6,742"",""$ 350,560"",""$ 87,640"",""$ 438,200"",Active,""Jul 1, 2025"",""Jun 30, 2029"",4,""$ 1,402,240"",,M,CM,23,France,Udinese,True,"
"Juan Rodríguez,,""$ 6,742"",""$ 350,560"",""$ 87,640"",""$ 438,200"",Active,""Sep 1, 2025"",""Jun 30, 2030"",5,""$ 1,752,801"",,D,CB,20,Uruguay,Cagliari,True,"
"Semih Kılıçsoy,,""$ 6,742"",""$ 350,560"",""$ 87,640"",""$ 438,200"",Loan,""Aug 3, 2025"",""Jun 30, 2026"",1,""$ 350,560"",,F,CF,20,Turkey,Cagliari,True,"
"Zito Luvumbo,,""$ 6,742"",""$ 350,560"",""$ 87,640"",""$ 438,200"",Inactive,""Dec 30, 2024"",""Jun 30, 2028"",3,""$ 1,051,680"",,F,CF,23,Angola,Cagliari,False,"
"Tomás Palacios,,""$ 6,742"",""$ 350,560"",""$ 116,853"",""$ 467,413"",Inactive,""Aug 30, 2024"",""Jun 30, 2029"",4,""$ 1,402,240"",,D,CB,22,Argentina,Inter Milan,False,"
"Carlo Pinsoglio,,""$ 6,742"",""$ 350,560"",""$ 87,640"",""$ 438,200"",Active,""Feb 26, 2026"",""Jun 30, 2027"",2,""$ 701,120"",,K,GK,35,Italy,Juventus,True,"
"Álex Valle,,""$ 6,742"",""$ 350,560"",""$ 87,640"",""$ 438,200"",Active,""Jul 1, 2025"",""Jun 30, 2029"",4,""$ 1,402,240"",,D,LB,21,Spain,Como,True,"
"Devis Vásquez,,""$ 6,742"",""$ 350,560"",""$ 87,640"",""$ 438,200"",Active,""Jul 29, 2025"",""Jun 30, 2027"",2,""$ 701,120"",,K,GK,27,Colombia,Roma,True,"
"Martin Frese,,""$ 6,292"",""$ 327,189"",""$ 81,797"",""$ 408,987"",Active,""Jul 10, 2024"",""Jun 30, 2027"",2,""$ 654,379"",,D,LB,28,Denmark,Hellas Verona,True,"
"Tomas Suslov,,""$ 8,989"",""$ 467,413"",""$ 116,853"",""$ 584,267"",Active,""Jan 31, 2024"",""Jun 30, 2027"",2,""$ 934,827"",,F,AM,23,Slovakia,Hellas Verona,True,"
"Christos Mandas,,""$ 8,989"",""$ 467,413"",""$ 116,853"",""$ 584,267"",Inactive,""Mar 11, 2025"",""Jun 30, 2029"",4,""$ 1,869,654"",,K,GK,24,Greece,Lazio,False,"
"Emil Holm,,""$ 8,989"",""$ 467,413"",""$ 116,853"",""$ 584,267"",Loan,""Feb 2, 2026"",""Jun 30, 2026"",1,""$ 467,413"",,D,RB,25,Sweden,Juventus,True,"
"Jordan Zemura,,""$ 8,989"",""$ 467,413"",""$ 116,853"",""$ 584,267"",Active,""Jul 1, 2023"",""Jun 30, 2027"",2,""$ 934,827"",,D,LB,26,Zimbabwe,Udinese,True,"
"Emil Holm,,""$ 8,989"",""$ 467,413"",""$ 116,853"",""$ 584,267"",Inactive,""Jul 1, 2024"",""Jun 30, 2028"",3,""$ 1,402,240"",,D,RB,25,Sweden,Bologna,False,"
"Stefan Posch,,""$ 8,539"",""$ 444,043"",""$ 111,011"",""$ 555,054"",Inactive,""Jan 21, 2026"",""Jun 30, 2029"",4,""$ 1,776,171"",,D,CB,28,Austria,Como,False,"
"Nesta Elphege,,""$ 5,618"",""$ 292,133"",""$ 73,033"",""$ 365,167"",Active,""Jan 30, 2026"",""Jun 30, 2030"",5,""$ 1,460,667"",,F,CF,25,France,Parma,True,"
"Mattia Felici,,""$ 5,618"",""$ 292,133"",""$ 73,033"",""$ 365,167"",Active,""Jul 10, 2024"",""Jun 30, 2027"",2,""$ 584,267"",,F,LW,24,Italy,Cagliari,True,"
"İsak Vural,,""$ 5,618"",""$ 292,133"",""$ 73,033"",""$ 365,167"",Active,""Jul 1, 2025"",""Jun 30, 2028"",3,""$ 876,400"",,M,CM,19,Turkey,Pisa,True,"
"Andrias Edmundsson,,""$ 5,618"",""$ 292,133"",""$ 73,033"",""$ 365,167"",Active,""Feb 2, 2026"",""Jun 30, 2029"",4,""$ 1,168,534"",,D,CB,25,Faroe Islands,Hellas Verona,True,"
"Ibrahim Sulemana,,""$ 5,618"",""$ 292,133"",""$ 73,033"",""$ 365,167"",Inactive,""Sep 1, 2025"",""Jun 30, 2026"",1,""$ 292,133"",,M,DM,22,Ghana,Bologna,False,"
"Tommaso Martinelli,,""$ 5,618"",""$ 292,133"",""$ 73,033"",""$ 365,167"",Inactive,""Nov 21, 2024"",""Jun 30, 2029"",4,""$ 1,168,534"",,K,GK,19,Italy,Fiorentina,False,"
"Ignace Van der Brempt,,""$ 5,618"",""$ 292,133"",""$ 73,033"",""$ 365,167"",Active,""Jul 1, 2025"",""Jun 30, 2028"",3,""$ 876,400"",,D,RB,23,Belgium,Como,True,"
"Simone Perilli,,""$ 5,618"",""$ 292,133"",""$ 73,033"",""$ 365,167"",Active,""Jun 11, 2024"",""Jun 30, 2026"",1,""$ 292,133"",,K,GK,31,Italy,Hellas Verona,True,"
"Nicola Leali,,""$ 5,618"",""$ 292,133"",""$ 73,033"",""$ 365,167"",Active,""Jul 5, 2023"",""Jun 30, 2026"",1,""$ 292,133"",,K,GK,32,Italy,Genoa,True,"
"Jeff Ekhator,,""$ 5,618"",""$ 292,133"",""$ 73,033"",""$ 365,167"",Active,""Oct 28, 2025"",""Jun 30, 2029"",4,""$ 1,168,534"",,F,CF,19,Italy,Genoa,True,"
"Amorim,,""$ 5,618"",""$ 292,133"",""$ 73,033"",""$ 365,167"",Active,""Jan 29, 2026"",""Jun 30, 2030"",5,""$ 1,460,667"",,M,CM,20,Brazil,Genoa,True,"
"Adrian Lahdo,,""$ 5,618"",""$ 292,133"",""$ 73,033"",""$ 365,167"",Active,""Feb 2, 2026"",""Jun 30, 2031"",6,""$ 1,752,801"",,M,CM,18,Sweden,Como,True,"
"Danilo Veiga,,""$ 5,618"",""$ 292,133"",""$ 73,033"",""$ 365,167"",Active,""Jan 28, 2025"",""Jun 30, 2027"",2,""$ 584,267"",,D,RB,23,Portugal,Lecce,True,"
"Felipe Loyola,,""$ 5,618"",""$ 292,133"",""$ 73,033"",""$ 365,167"",Loan,""Jan 20, 2026"",""Jun 30, 2026"",1,""$ 292,133"",,M,CM,25,Chile,Pisa,True,"
"Giuseppe Ambrosino,,""$ 5,618"",""$ 292,133"",""$ 73,033"",""$ 365,167"",Inactive,""Oct 19, 2025"",""Jun 30, 2030"",5,""$ 1,460,667"",,F,CF,22,Italy,Napoli,False,"
"Kieron Bowie,,""$ 5,618"",""$ 292,133"",""$ 73,033"",""$ 365,167"",Active,""Jan 30, 2026"",""Jun 30, 2030"",5,""$ 1,460,667"",,F,CF,23,Scotland,Hellas Verona,True,"
"Ibrahim Sulemana,,""$ 5,618"",""$ 292,133"",""$ 73,033"",""$ 365,167"",Loan,""Jan 21, 2026"",""Jun 30, 2026"",1,""$ 292,133"",,M,DM,22,Ghana,Cagliari,True,"
"Sandi Lovrić,,""$ 7,865"",""$ 408,987"",""$ 102,247"",""$ 511,234"",Loan,""Jan 30, 2026"",""Jun 30, 2026"",1,""$ 408,987"",,M,CM,27,Slovenia,Hellas Verona,True,"
"Sandi Lovrić,,""$ 7,865"",""$ 408,987"",""$ 102,247"",""$ 511,234"",Inactive,""Jul 1, 2022"",""Jun 30, 2027"",2,""$ 817,974"",,M,CM,27,Slovenia,Udinese,False,"
"Oier Zarraga,,""$ 7,865"",""$ 408,987"",""$ 102,247"",""$ 511,234"",Active,""Jul 1, 2023"",""Jun 30, 2027"",2,""$ 817,974"",,M,CM,27,Spain,Udinese,True,"
"Arturo Calabresi,,""$ 5,393"",""$ 280,448"",""$ 70,112"",""$ 350,560"",Active,""Feb 13, 2025"",""Jun 30, 2026"",1,""$ 280,448"",,D,CB,29,Italy,Pisa,True,"
"Matteo Prati,,""$ 5,393"",""$ 280,448"",""$ 70,112"",""$ 350,560"",Loan,""Jan 30, 2026"",""Jun 30, 2026"",1,""$ 280,448"",,M,DM,22,Italy,Torino,True,"
"Lorenzo Torriani,,""$ 4,494"",""$ 233,707"",""$ 58,427"",""$ 292,133"",Active,""May 21, 2025"",""Jun 30, 2030"",5,""$ 1,168,534"",,K,GK,21,Italy,AC Milan,True,"
"Matteo Tramoni,,""$ 4,494"",""$ 233,707"",""$ 58,427"",""$ 292,133"",Active,""Jun 27, 2025"",""Jun 30, 2030"",5,""$ 1,168,534"",,F,AM,26,France,Pisa,True,"
"Nikola Cavlina,,""$ 4,494"",""$ 233,707"",""$ 58,427"",""$ 292,133"",Loan,""Aug 29, 2025"",""Jun 30, 2026"",1,""$ 233,707"",,K,GK,23,Croatia,Como,True,"
"Medon Berisha,,""$ 4,494"",""$ 233,707"",""$ 58,427"",""$ 292,133"",Active,""Oct 18, 2024"",""Jun 30, 2028"",3,""$ 701,120"",,M,CM,22,Albania,Lecce,True,"
"Juan Arizala,,""$ 4,494"",""$ 233,707"",""$ 58,427"",""$ 292,133"",Active,""Jan 6, 2026"",""Jun 30, 2030"",5,""$ 1,168,534"",,M,LM,20,Colombia,Udinese,True,"
"Daniele Padelli,,""$ 4,494"",""$ 233,707"",""$ 58,427"",""$ 292,133"",Active,""Jun 26, 2025"",""Jun 30, 2026"",1,""$ 233,707"",,K,GK,40,Italy,Udinese,True,"
"Álex Sala,,""$ 4,494"",""$ 233,707"",""$ 58,427"",""$ 292,133"",Active,""Aug 23, 2025"",""Jun 30, 2028"",3,""$ 701,120"",,M,CM,24,Spain,Lecce,True,"
"Giacomo Satalino,,""$ 4,494"",""$ 233,707"",""$ 58,427"",""$ 292,133"",Active,""Sep 10, 2024"",""Jun 30, 2026"",1,""$ 233,707"",,K,GK,26,Italy,Sassuolo,True,"
"Gioele Zacchi,,""$ 4,494"",""$ 233,707"",""$ 58,427"",""$ 292,133"",Active,""Dec 4, 2025"",""Jun 30, 2029"",4,""$ 934,827"",,K,GK,22,Italy,Sassuolo,True,"
"Rui Modesto,,""$ 4,494"",""$ 233,707"",""$ 58,427"",""$ 292,133"",Inactive,""Aug 30, 2024"",""Jun 30, 2029"",4,""$ 934,827"",,D,RB,26,Angola,Udinese,False,"
"Nils Zätterström,,""$ 4,494"",""$ 233,707"",""$ 58,427"",""$ 292,133"",Loan,""Jan 23, 2026"",""Jun 30, 2026"",1,""$ 233,707"",,D,CB,20,Sweden,Genoa,True,"
"Laurs Skjellerup,,""$ 4,494"",""$ 233,707"",""$ 58,427"",""$ 292,133"",Inactive,""Jan 20, 2025"",""Jun 30, 2029"",4,""$ 934,827"",,F,CF,23,Denmark,Sassuolo,False,"
"Leonardo Sernicola,,""$ 4,494"",""$ 233,707"",""$ 58,427"",""$ 292,133"",Inactive,""Jan 23, 2025"",""Jun 30, 2028"",3,""$ 701,120"",,D,LB,28,Italy,Cremonese,False,"
"Manuel De Luca,,""$ 4,494"",""$ 233,707"",""$ 58,427"",""$ 292,133"",Inactive,""Jul 19, 2024"",""Jun 30, 2028"",3,""$ 701,120"",,F,CF,27,Italy,Cremonese,False,"
"Lorenzo De Silvestri,,""$ 4,494"",""$ 233,707"",""$ 58,427"",""$ 292,133"",Active,""Jun 11, 2025"",""Jun 30, 2026"",1,""$ 233,707"",,D,RB,37,Italy,Bologna,True,"
"Eddy Kouadio,,""$ 4,494"",""$ 233,707"",""$ 58,427"",""$ 292,133"",Active,""Feb 6, 2026"",""Jun 30, 2030"",5,""$ 1,168,534"",,D,CB,19,Italy,Fiorentina,True,"
"Tobias Slotsager,,""$ 4,494"",""$ 233,707"",""$ 58,427"",""$ 292,133"",Active,""Feb 3, 2025"",""Jun 30, 2028"",3,""$ 701,120"",,D,CB,20,Denmark,Hellas Verona,True,"
"Emirhan İlkhan,,""$ 6,067"",""$ 315,504"",""$ 78,876"",""$ 394,380"",Active,""Aug 8, 2022"",""Jun 30, 2026"",1,""$ 315,504"",,M,CM,21,Turkey,Torino,True,"
"Simone Canestrelli,,""$ 4,270"",""$ 222,021"",""$ 55,505"",""$ 277,527"",Active,""Feb 13, 2025"",""Jun 30, 2028"",3,""$ 666,064"",,D,CB,25,Italy,Pisa,True,"
"Alessio Zerbin,,""$ 4,045"",""$ 210,336"",""$ 52,584"",""$ 262,920"",Loan,""Jul 29, 2025"",""Jun 30, 2026"",1,""$ 210,336"",,M,RM,26,Italy,Cremonese,True,"
"Sadik Fofana,,""$ 4,045"",""$ 210,336"",""$ 52,584"",""$ 262,920"",Active,""Jan 15, 2026"",""Jun 30, 2029"",4,""$ 841,344"",,M,DM,22,Togo,Lecce,True,"
"Tiago Gabriel,,""$ 4,045"",""$ 210,336"",""$ 52,584"",""$ 262,920"",Active,""Jan 28, 2025"",""Jun 30, 2027"",2,""$ 420,672"",,D,CB,21,Portugal,Lecce,True,"
"Oumar Ngom,,""$ 4,045"",""$ 210,336"",""$ 52,584"",""$ 262,920"",Active,""Jan 13, 2026"",""Jun 30, 2029"",4,""$ 841,344"",,M,DM,21,Mauritania,Lecce,True,"
"Corrie Ndaba,,""$ 4,045"",""$ 210,336"",""$ 52,584"",""$ 262,920"",Active,""Jul 28, 2025"",""Jun 30, 2028"",3,""$ 631,008"",,D,LB,26,Ireland,Lecce,True,"
"Patrizio Masini,,""$ 4,045"",""$ 210,336"",""$ 52,584"",""$ 262,920"",Active,""Feb 6, 2025"",""Jun 30, 2028"",3,""$ 631,008"",,M,CM,25,Italy,Genoa,True,"
"Mihajlo Ilić,,""$ 4,045"",""$ 210,336"",""$ 52,584"",""$ 262,920"",Inactive,""Jan 18, 2024"",""Jun 30, 2028"",3,""$ 631,008"",,D,CB,22,Serbia,Bologna,False,"
"Patrick Cutrone,,""$ 5,618"",""$ 292,133"",""$ 73,033"",""$ 365,167"",Inactive,""Aug 29, 2025"",""Jun 30, 2026"",1,""$ 292,133"",,F,CF,27,Italy,Parma,False,"
"Thomas Kristensen,,""$ 5,618"",""$ 292,133"",""$ 73,033"",""$ 365,167"",Active,""Sep 1, 2023"",""Jun 30, 2028"",3,""$ 876,400"",,D,CB,24,Denmark,Udinese,True,"
"Agustín Albarracín,,""$ 3,820"",""$ 198,651"",""$ 49,663"",""$ 248,313"",Active,""Jan 27, 2026"",""Jun 30, 2030"",5,""$ 993,254"",,F,LW,20,Uruguay,Cagliari,True,"
"Jacobo Ramón,,""$ 3,595"",""$ 186,965"",""$ 46,741"",""$ 233,707"",Active,""Jul 31, 2025"",""Jun 30, 2030"",5,""$ 934,827"",,D,CB,21,Spain,Como,True,"
"Walid Cheddira,,""$ 3,371"",""$ 175,280"",""$ 43,820"",""$ 219,100"",Loan,""Jan 22, 2026"",""Jun 30, 2026"",1,""$ 175,280"",,F,CF,28,Morocco,Lecce,True,"
"Noel Törnqvist,,""$ 3,371"",""$ 175,280"",""$ 43,820"",""$ 219,100"",Loan,""Aug 30, 2025"",""Jun 30, 2026"",1,""$ 175,280"",,K,GK,24,Sweden,Como,True,"
"Joseph Liteta,,""$ 3,371"",""$ 175,280"",""$ 43,820"",""$ 219,100"",Active,""Oct 19, 2025"",""Jun 30, 2030"",5,""$ 876,400"",,M,CM,19,Zambia,Cagliari,True,"
"Marco Palestra,,""$ 3,371"",""$ 175,280"",""$ 43,820"",""$ 219,100"",Loan,""Aug 26, 2025"",""Jun 30, 2026"",1,""$ 175,280"",,D,RB,20,Italy,Cagliari,True,"
"Rafa Obrador,,""$ 3,371"",""$ 175,280"",""$ 43,820"",""$ 219,100"",Loan,""Jan 19, 2026"",""Jun 30, 2026"",1,""$ 175,280"",,D,LB,21,Spain,Torino,True,"
"Raffaele Di Gennaro,,""$ 3,371"",""$ 175,280"",""$ 43,820"",""$ 219,100"",Active,""Jul 3, 2025"",""Jun 30, 2026"",1,""$ 175,280"",,K,GK,32,Italy,Inter Milan,True,"
"Alessandro Nunziante,,""$ 3,371"",""$ 175,280"",""$ 43,820"",""$ 219,100"",Active,""Jul 29, 2025"",""Jun 30, 2030"",5,""$ 876,400"",,K,GK,18,Italy,Udinese,True,"
"Samuele Angori,,""$ 3,371"",""$ 175,280"",""$ 43,820"",""$ 219,100"",Active,""Aug 2, 2024"",""Jun 30, 2027"",2,""$ 350,560"",,M,LM,22,Italy,Pisa,True,"
"Malthe Højholt,,""$ 3,371"",""$ 175,280"",""$ 43,820"",""$ 219,100"",Active,""Aug 13, 2024"",""Jun 30, 2027"",2,""$ 350,560"",,M,DM,24,Denmark,Pisa,True,"
"Daniele Sommariva,,""$ 3,371"",""$ 175,280"",""$ 43,820"",""$ 219,100"",Active,""Jul 9, 2025"",""Jun 30, 2026"",1,""$ 175,280"",,K,GK,28,Italy,Genoa,True,"
"Zanos Savva,,""$ 3,371"",""$ 175,280"",""$ 43,820"",""$ 219,100"",Active,""Apr 28, 2023"",""Jun 30, 2026"",1,""$ 175,280"",,F,RW,20,Cyprus,Torino,True,"
"Francesco Coppola,,""$ 3,371"",""$ 175,280"",""$ 43,820"",""$ 219,100"",Active,""Jun 27, 2025"",""Jun 30, 2029"",4,""$ 701,120"",,D,CB,20,Italy,Pisa,True,"
"Nícolas,,""$ 3,371"",""$ 175,280"",""$ 43,820"",""$ 219,100"",Active,""Jul 16, 2025"",""Jun 30, 2026"",1,""$ 175,280"",,K,GK,37,Brazil,Pisa,True,"
"Massimo Pessina,,""$ 3,371"",""$ 175,280"",""$ 43,820"",""$ 219,100"",Active,""Feb 17, 2026"",""Jun 30, 2029"",4,""$ 701,120"",,K,GK,18,Italy,Bologna,True,"
"Sebastian Otoa,,""$ 3,371"",""$ 175,280"",""$ 43,820"",""$ 219,100"",Active,""Jan 16, 2025"",""Jun 30, 2028"",3,""$ 525,840"",,D,CB,21,Denmark,Genoa,True,"
"Edoardo Motta,,""$ 3,371"",""$ 175,280"",""$ 43,820"",""$ 219,100"",Active,""Jan 27, 2026"",""Jun 30, 2030"",5,""$ 876,400"",,K,GK,21,Italy,Lazio,True,"
"Ali Dembélé,,""$ 3,371"",""$ 175,280"",""$ 43,820"",""$ 219,100"",Inactive,""Jul 14, 2025"",""Jun 30, 2028"",3,""$ 525,840"",,D,RB,21,France,Torino,False,"
"Isaac,,""$ 3,371"",""$ 175,280"",""$ 43,820"",""$ 219,100"",Active,""Jan 9, 2026"",""Jun 30, 2029"",4,""$ 701,120"",,F,CF,21,Brazil,Hellas Verona,True,"
"Antonio Caracciolo,,""$ 3,371"",""$ 175,280"",""$ 43,820"",""$ 219,100"",Active,""Feb 13, 2025"",""Jun 30, 2026"",1,""$ 175,280"",,D,CB,35,Italy,Pisa,True,"
"Yael Trepy,,""$ 3,371"",""$ 175,280"",""$ 43,820"",""$ 219,100"",Active,""Feb 19, 2026"",""Jun 30, 2030"",5,""$ 876,400"",,F,CF,19,France,Cagliari,True,"
"Sergiu Perciun,,""$ 3,371"",""$ 175,280"",""$ 43,820"",""$ 219,100"",Active,""Aug 13, 2025"",""Jun 30, 2029"",4,""$ 701,120"",,F,AM,19,Moldova,Torino,True,"
"Riyad Idrissi,,""$ 3,371"",""$ 175,280"",""$ 43,820"",""$ 219,100"",Active,""Oct 7, 2025"",""Jun 30, 2030"",5,""$ 876,400"",,D,LB,20,Italy,Cagliari,True,"
"Enzo Ebosse,,""$ 4,494"",""$ 233,707"",""$ 58,427"",""$ 292,133"",Inactive,""Jul 15, 2025"",""Jun 30, 2026"",1,""$ 233,707"",,D,CB,26,Cameroon,Hellas Verona,False,"
"Daniel Oyegoke,,""$ 3,146"",""$ 163,595"",""$ 40,899"",""$ 204,493"",Active,""Jan 28, 2025"",""Jun 30, 2028"",3,""$ 490,784"",,D,RB,23,England,Hellas Verona,True,"
"Enzo Ebosse,,""$ 4,494"",""$ 233,707"",""$ 58,427"",""$ 292,133"",Loan,""Feb 2, 2026"",""Jun 30, 2026"",1,""$ 233,707"",,D,CB,26,Cameroon,Torino,True,"
"Radoslaw Zelezny,,""$ 2,921"",""$ 151,909"",""$ 37,977"",""$ 189,887"",Active,""Jul 23, 2025"",""Jun 30, 2029"",4,""$ 607,638"",,K,GK,19,Poland,Roma,True,"
"Alen Sherri,,""$ 2,697"",""$ 140,224"",""$ 35,056"",""$ 175,280"",Active,""Jul 24, 2024"",""Jun 30, 2027"",2,""$ 280,448"",,K,GK,28,Albania,Cagliari,True,"
"Pedro Felipe,,""$ 2,697"",""$ 140,224"",""$ 35,056"",""$ 175,280"",Active,""Feb 2, 2026"",""Jun 30, 2026"",1,""$ 140,224"",,D,CB,21,Brazil,Sassuolo,True,"
"Idrissa Touré,,""$ 2,697"",""$ 140,224"",""$ 35,056"",""$ 175,280"",Active,""Jul 3, 2024"",""Jun 30, 2027"",2,""$ 280,448"",,M,RM,27,Germany,Pisa,True,"
"Othniël Raterink,,""$ 2,697"",""$ 140,224"",""$ 35,056"",""$ 175,280"",Active,""Jan 30, 2026"",""Jun 30, 2030"",5,""$ 701,120"",,D,RB,19,Netherlands,Cagliari,True,"
"Lapo Siviero,,""$ 2,697"",""$ 140,224"",""$ 35,056"",""$ 175,280"",Active,""Jan 22, 2026"",""Jun 30, 2027"",2,""$ 280,448"",,K,GK,19,Italy,Torino,True,"
"Luca Moro,,""$ 2,697"",""$ 140,224"",""$ 35,056"",""$ 175,280"",Active,""Jan 31, 2022"",""Jun 30, 2027"",2,""$ 280,448"",,F,CF,25,Italy,Sassuolo,True,"
"Matteo Palma,,""$ 2,247"",""$ 116,853"",""$ 29,213"",""$ 146,067"",Inactive,""Sep 16, 2024"",""Jun 30, 2027"",2,""$ 233,707"",,D,CB,17,Germany,Udinese,False,"
"Marius Marin,,""$ 2,247"",""$ 116,853"",""$ 29,213"",""$ 146,067"",Active,""Oct 20, 2021"",""Jun 30, 2026"",1,""$ 116,853"",,M,DM,27,Romania,Pisa,True,"
"Seydou Fini,,""$ 2,247"",""$ 116,853"",""$ 29,213"",""$ 146,067"",Inactive,""Sep 17, 2025"",""Jun 30, 2028"",3,""$ 350,560"",,F,RW,19,Italy,Genoa,False,"
"Franco Carboni,,""$ 2,247"",""$ 116,853"",""$ 29,213"",""$ 146,067"",Loan,""Jan 29, 2026"",""Jun 30, 2026"",1,""$ 116,853"",,D,LB,22,Argentina,Parma,True,"
"Filippo Rinaldi,,""$ 2,247"",""$ 116,853"",""$ 29,213"",""$ 146,067"",Active,""Jun 1, 2025"",""Jun 30, 2029"",4,""$ 467,413"",,K,GK,23,Italy,Parma,True,"
"Francesco Rossi,,""$ 2,247"",""$ 116,853"",""$ 29,213"",""$ 146,067"",Active,""Apr 9, 2026"",""Jun 30, 2027"",2,""$ 233,707"",,K,GK,34,Italy,Atalanta,True,"
"Matías Pérez,,""$ 2,247"",""$ 116,853"",""$ 29,213"",""$ 146,067"",Active,""Jul 19, 2025"",""Jun 30, 2028"",3,""$ 350,560"",,D,CB,20,Chile,Lecce,True,"
"Romano Floriani Mussolini,,""$ 2,247"",""$ 116,853"",""$ 29,213"",""$ 146,067"",Loan,""Jul 14, 2025"",""Jun 30, 2026"",1,""$ 116,853"",,D,RB,23,Italy,Cremonese,True,"
"Iker Bravo,,""$ 2,247"",""$ 116,853"",""$ 29,213"",""$ 146,067"",Inactive,""Jul 31, 2024"",""Jun 30, 2028"",3,""$ 350,560"",,F,CF,20,Spain,Udinese,False,"
"Idrissa Gueye,,""$ 2,247"",""$ 116,853"",""$ 29,213"",""$ 146,067"",Loan,""Sep 1, 2025"",""Jun 30, 2026"",1,""$ 116,853"",,F,CF,19,Senegal,Udinese,True,"
"Abdoulaye Camara,,""$ 2,247"",""$ 116,853"",""$ 29,213"",""$ 146,067"",Active,""Jul 16, 2025"",""Jun 30, 2029"",4,""$ 467,413"",,M,DM,17,France,Udinese,True,"
"Junior Ajayi,,""$ 2,247"",""$ 116,853"",""$ 29,213"",""$ 146,067"",Active,""Jul 1, 2024"",""Jun 30, 2026"",1,""$ 116,853"",,F,CF,21,Cote d'Ivoire,Hellas Verona,True,"
"Luca Lezzerini,,""$ 2,247"",""$ 116,853"",""$ 29,213"",""$ 146,067"",Active,""Aug 1, 2025"",""Jun 30, 2026"",1,""$ 116,853"",,K,GK,30,Italy,Fiorentina,True,"
"Niccolò Fortini,,""$ 2,247"",""$ 116,853"",""$ 29,213"",""$ 146,067"",Active,""Feb 20, 2024"",""Jun 30, 2027"",2,""$ 233,707"",,D,LB,19,Italy,Fiorentina,True,"
"Lorenzo Venturino,,""$ 2,247"",""$ 116,853"",""$ 29,213"",""$ 146,067"",Loan,""Jan 24, 2026"",""Jun 30, 2026"",1,""$ 116,853"",,F,RW,19,Italy,Roma,True,"
"Mauro Vigorito,,""$ 2,022"",""$ 105,168"",""$ 26,292"",""$ 131,460"",Active,""May 21, 2025"",""Jun 30, 2026"",1,""$ 105,168"",,K,GK,35,Italy,Como,True,"
"Eman Kospo,,""$ 2,022"",""$ 105,168"",""$ 26,292"",""$ 131,460"",Active,""Jul 15, 2025"",""Jun 30, 2030"",5,""$ 525,840"",,D,CB,18,Bosnia-Herzegovina,Fiorentina,True,"
"Gabriele Piccinini,,""$ 2,022"",""$ 105,168"",""$ 26,292"",""$ 131,460"",Active,""Jul 15, 2021"",""Jun 30, 2026"",1,""$ 105,168"",,M,CM,24,Italy,Pisa,True,"
"Luca Lipani,,""$ 2,022"",""$ 105,168"",""$ 26,292"",""$ 131,460"",Active,""Aug 8, 2023"",""Jun 30, 2028"",3,""$ 315,504"",,M,DM,20,Italy,Sassuolo,True,"
"Mathias Ferrante,,""$ 1,798"",""$ 93,483"",""$ 23,371"",""$ 116,853"",Active,""Jul 16, 2025"",""Jun 30, 2030"",5,""$ 467,413"",,K,GK,19,Italy,Napoli,True,"
"Luis Balbo,,""$ 1,798"",""$ 93,483"",""$ 23,371"",""$ 116,853"",Active,""Jul 5, 2024"",""Jun 30, 2028"",3,""$ 280,448"",,D,LB,19,Venezuela,Fiorentina,True,"
"Ernestas Lysionok,,""$ 1,798"",""$ 93,483"",""$ 23,371"",""$ 116,853"",Active,""Jul 1, 2025"",""Jun 30, 2028"",3,""$ 280,448"",,K,GK,18,Lithuania,Genoa,True,"
"Henrique Menke,,""$ 1,573"",""$ 81,797"",""$ 20,449"",""$ 102,247"",Loan,""Jul 19, 2025"",""Jun 30, 2026"",1,""$ 81,797"",,K,GK,19,Brazil,Como,True,"
"Sascha Britschgi,,""$ 1,573"",""$ 81,797"",""$ 20,449"",""$ 102,247"",Active,""Aug 26, 2025"",""Jun 30, 2030"",5,""$ 408,987"",,D,RB,19,Switzerland,Parma,True,"
"Benja Cremaschi,,""$ 1,573"",""$ 81,797"",""$ 20,449"",""$ 102,247"",Loan,""Sep 1, 2025"",""Jun 30, 2026"",1,""$ 81,797"",,M,CM,20,United States,Parma,True,"
"Fallou Cham,,""$ 1,573"",""$ 81,797"",""$ 20,449"",""$ 102,247"",Active,""Jul 1, 2025"",""Jun 30, 2026"",1,""$ 81,797"",,D,RB,19,The Gambia,Hellas Verona,True,"
"Giacomo Toniolo,,""$ 1,573"",""$ 81,797"",""$ 20,449"",""$ 102,247"",Active,,""Jun 30, 2026"",1,""$ 81,797"",,K,GK,21,Italy,Hellas Verona,True,"
"Gianluca Astaldi,,""$ 1,573"",""$ 81,797"",""$ 20,449"",""$ 102,247"",Active,""Jul 1, 2025"",""Jun 30, 2027"",2,""$ 163,595"",,K,GK,19,Italy,Parma,True,"
"Arthur Borghi,,""$ 1,573"",""$ 81,797"",""$ 20,449"",""$ 102,247"",Active,""Jan 3, 2026"",""Jun 30, 2029"",4,""$ 327,189"",,K,GK,18,Brazil,Hellas Verona,True,"
"Elia Plicco,,""$ 1,573"",""$ 81,797"",""$ 20,449"",""$ 102,247"",Active,""Jul 4, 2025"",""Jun 30, 2028"",3,""$ 245,392"",,F,AM,19,Italy,Parma,True,"
"Daniel Denoon,,""$ 1,573"",""$ 81,797"",""$ 20,449"",""$ 102,247"",Loan,""Jul 24, 2025"",""Jun 30, 2026"",1,""$ 81,797"",,D,CB,22,Switzerland,Pisa,True,"
"Jasper Samooja,,""$ 2,022"",""$ 105,168"",""$ 26,292"",""$ 131,460"",Active,""Jul 1, 2022"",""Jun 30, 2026"",1,""$ 105,168"",,K,GK,22,Finland,Lecce,True,"
"Alessio Furlanetto,,""$ 1,348"",""$ 70,112"",""$ 17,528"",""$ 87,640"",Active,""Jun 29, 2024"",""Jun 30, 2028"",3,""$ 210,336"",,K,GK,23,Italy,Lazio,True,"
"Lapo Nava,,""$ 1,348"",""$ 70,112"",""$ 17,528"",""$ 87,640"",Active,""Jul 17, 2025"",""Jun 30, 2028"",3,""$ 210,336"",,K,GK,22,Italy,Cremonese,True,"
"Giuseppe Ciocci,,""$ 1,348"",""$ 70,112"",""$ 17,528"",""$ 87,640"",Active,""Jul 1, 2021"",""Jun 30, 2027"",2,""$ 140,224"",,K,GK,24,Italy,Cagliari,True,"
"Thórir Jóhann Helgason,,""$ 1,124"",""$ 58,427"",""$ 14,607"",""$ 73,033"",Active,""Jul 15, 2021"",""Jun 30, 2026"",1,""$ 58,427"",,M,CM,25,Iceland,Lecce,True,"
"Lorenzo Colombo,,,,,,Inactive,""Sep 1, 2020"",""Jun 30, 2028"",3,,,F,CF,23,Italy,AC Milan,False,"
"Arthur,,,,,,Inactive,""Feb 1, 2025"",""Jun 30, 2027"",2,,,M,DM,28,Brazil,Juventus,False,"
"Cyril Ngonge,,,,,,Inactive,""Jan 19, 2024"",""Jun 30, 2028"",3,,,F,RW,25,Belgium,Napoli,False,"
"Valentín Carboni,,,,,,Inactive,""Aug 5, 2024"",""Jun 30, 2029"",4,,,F,AM,20,Argentina,Inter Milan,False,"
"Douglas Luiz,,,,,,Inactive,""Jul 1, 2024"",""Jun 30, 2029"",4,,,M,CM,27,Brazil,Juventus,False,"
"Kristjan Asllani,,,,,,Inactive,""Sep 16, 2024"",""Jun 30, 2028"",3,,,M,DM,23,Albania,Inter Milan,False,"
"Timothy Weah,,,,,,Inactive,""Jul 1, 2023"",""Jun 30, 2028"",3,,,F,RW,25,United States,Juventus,False,"
"Michael Folorunsho,,,,,,Inactive,""Jul 13, 2019"",""Jun 30, 2029"",4,,,M,CM,27,Italy,Napoli,False,"
"Franco Carboni,,,,,,Inactive,""Jul 1, 2022"",""Jun 30, 2027"",2,,,D,LB,22,Argentina,Inter Milan,False,"
"Giovanni Fabbian,,,,,,Inactive,""Aug 20, 2023"",""Jun 30, 2028"",3,,,F,AM,22,Italy,Bologna,False,"
"El Bilal Touré,,,,,,Inactive,""Jul 29, 2023"",""Jun 30, 2027"",2,,,F,CF,23,Mali,Atalanta,False,"
"Jesper Karlsson,,,,,,Inactive,""Aug 23, 2023"",""Jun 30, 2028"",3,,,F,LW,27,Sweden,Bologna,False,"
"Joaquín Sosa,,,,,,Inactive,""Aug 17, 2022"",""Jun 30, 2026"",1,,,D,CB,23,Uruguay,Bologna,False,"
"Warren Bondo,,,,,,Inactive,""Feb 3, 2025"",""Jun 30, 2029"",4,,,M,CM,21,France,AC Milan,False,"
"Benjamin Pavard,,,,,,Inactive,""Aug 30, 2023"",""Jun 30, 2028"",3,,,D,CB,29,France,Inter Milan,False,"
"Tommaso Pobega,,,,,,Inactive,""Jul 1, 2018"",""Jun 30, 2027"",2,,,M,CM,25,Italy,AC Milan,False,"
"Saud Abdulhamid,,,,,,Inactive,""Aug 27, 2024"",""Jun 30, 2028"",3,,,D,RB,26,Saudi Arabia,Roma,False,"
"Riccardo Pagano,,,,,,Inactive,""Jul 1, 2024"",""Jun 30, 2026"",1,,,M,CM,20,Italy,Roma,False,"
"Brenner,,,,,,Inactive,""Jul 1, 2023"",""Jun 30, 2028"",3,,,F,CF,25,Brazil,Udinese,False,"
"Samuel Chukwueze,,,,,,Inactive,""Jul 27, 2023"",""Jun 30, 2028"",3,,,F,RW,26,Nigeria,AC Milan,False,"
"Marash Kumbulla,,,,,,Inactive,""Jul 1, 2021"",""Jun 30, 2027"",2,,,D,CB,25,Albania,Roma,False,"
"Alessio Zerbin,,,,,,Inactive,""Jul 1, 2018"",""Jun 30, 2028"",3,,,F,LW,26,Italy,Napoli,False,"
"Botond Balogh,,,,,,Inactive,""Apr 26, 2024"",""Jun 30, 2027"",2,,,D,CB,23,Hungary,Parma,False,"
"Ebenezer Akinsanmiro,,,,,,Inactive,""Jul 1, 2024"",""Jun 30, 2029"",4,,,M,CM,20,Nigeria,Inter Milan,False,"
"Álex Jiménez,,,,,,Inactive,""Jul 1, 2024"",""Jun 30, 2028"",3,,,D,RB,20,Spain,AC Milan,False,"
