"Player,Unnamed: 1_level_1,Net Fixed P/W (USD),Net Fixed P/Y (USD),Net Bonus P/Y (USD),Net Total P/Y (USD),""Adj. Net Total P/Y (2026, USD)"",Status,Pos. DFKM,Age,Country,Club,Active,Loan"
"Kevin De Bruyne,,""$ 273,636"",""$ 14,229,072"",,""$ 14,229,072"",""$ 15,269,144"",Active,F,31,Belgium,Manchester City,,"
"David de Gea,,""$ 256,653"",""$ 13,345,974"",,""$ 13,345,974"",""$ 14,321,496"",Active,K,32,Spain,Manchester United,,"
"Erling Haaland,,""$ 256,653"",""$ 13,345,974"",""$ 16,903,242"",""$ 30,249,216"",""$ 32,460,278"",Active,F,22,Norway,Manchester City,,"
"Casemiro,,""$ 239,432"",""$ 12,450,438"",""$ 3,557,268"",""$ 16,007,706"",""$ 17,177,787"",Active,M,30,Brazil,Manchester United,,"
"Mohamed Salah,,""$ 239,432"",""$ 12,450,438"",,""$ 12,450,438"",""$ 13,360,501"",Active,F,30,Egypt,Liverpool,,"
"Raphaël Varane,,""$ 232,495"",""$ 12,089,736"",,""$ 12,089,736"",""$ 12,973,434"",Active,D,29,France,Manchester United,,"
"Raheem Sterling,,""$ 222,449"",""$ 11,567,340"",,""$ 11,567,340"",""$ 12,412,853"",Active,F,28,England,Chelsea,,"
"Jack Grealish,,""$ 205,227"",""$ 10,671,804"",,""$ 10,671,804"",""$ 11,451,858"",Active,F,27,England,Manchester City,,"
"Kalidou Koulibaly,,""$ 201,878"",""$ 10,497,672"",,""$ 10,497,672"",""$ 11,264,998"",Active,D,31,Senegal,Chelsea,,"
"N'Golo Kanté,,""$ 198,290"",""$ 10,311,102"",,""$ 10,311,102"",""$ 11,064,791"",Active,M,31,France,Chelsea,,"
"Gabriel Jesus,,""$ 181,308"",""$ 9,428,004"",,""$ 9,428,004"",""$ 10,117,143"",Active,F,25,Brazil,Arsenal,,"
"Reece James,,""$ 171,023"",""$ 8,893,170"",,""$ 8,893,170"",""$ 9,543,215"",Active,D,23,England,Chelsea,,"
"John Stones,,""$ 171,023"",""$ 8,893,170"",,""$ 8,893,170"",""$ 9,543,215"",Active,D,28,England,Manchester City,,"
"Kai Havertz,,""$ 171,023"",""$ 8,893,170"",""$ 1,778,634"",""$ 10,671,804"",""$ 11,451,858"",Active,F,23,Germany,Chelsea,,"
"Anthony Martial,,""$ 171,023"",""$ 8,893,170"",,""$ 8,893,170"",""$ 9,543,215"",Active,F,27,France,Manchester United,,"
"Jadon Sancho,,""$ 171,023"",""$ 8,893,170"",""$ 3,557,268"",""$ 12,450,438"",""$ 13,360,501"",Active,F,22,England,Manchester United,,"
"Bruno Fernandes,,""$ 164,086"",""$ 8,532,468"",,""$ 8,532,468"",""$ 9,156,148"",Active,F,28,Portugal,Manchester United,,"
"Phil Foden,,""$ 154,040"",""$ 8,010,072"",,""$ 8,010,072"",""$ 8,595,567"",Active,M,22,England,Manchester City,,"
"Rodri,,""$ 150,452"",""$ 7,823,502"",,""$ 7,823,502"",""$ 8,395,360"",Active,M,26,Spain,Manchester City,,"
"Virgil van Dijk,,""$ 150,452"",""$ 7,823,502"",,""$ 7,823,502"",""$ 8,395,360"",Active,D,31,Netherlands,Liverpool,,"
"Marcel Sabitzer,,""$ 143,755"",""$ 7,475,238"",,""$ 7,475,238"",""$ 8,021,640"",Loan,M,28,Austria,Manchester United,,"
"Ben Chilwell,,""$ 136,818"",""$ 7,114,536"",,""$ 7,114,536"",""$ 7,634,572"",Active,D,26,England,Chelsea,,"
"Marcus Rashford,,""$ 136,818"",""$ 7,114,536"",,""$ 7,114,536"",""$ 7,634,572"",Active,F,25,England,Manchester United,,"
"Harry Kane,,""$ 136,818"",""$ 7,114,536"",,""$ 7,114,536"",""$ 7,634,572"",Active,F,29,England,Tottenham,,"
"Wesley Fofana,,""$ 136,818"",""$ 7,114,536"",,""$ 7,114,536"",""$ 7,634,572"",Active,D,22,France,Chelsea,,"
"Thiago,,""$ 136,818"",""$ 7,114,536"",,""$ 7,114,536"",""$ 7,634,572"",Active,M,31,Spain,Liverpool,,"
"Thomas Partey,,""$ 136,818"",""$ 7,114,536"",,""$ 7,114,536"",""$ 7,634,572"",Active,M,29,Ghana,Arsenal,,"
"Jordan Henderson,,""$ 136,818"",""$ 7,114,536"",,""$ 7,114,536"",""$ 7,634,572"",Active,M,32,England,Liverpool,,"
"Bukayo Saka,,""$ 133,469"",""$ 6,940,404"",""$ 3,557,268"",""$ 10,497,672"",""$ 11,264,998"",Active,M,21,England,Arsenal,,"
"João Félix,,""$ 133,469"",""$ 6,940,404"",,""$ 6,940,404"",""$ 7,447,712"",Loan,F,23,Portugal,Chelsea,,"
"Heung-min Son,,""$ 129,881"",""$ 6,753,834"",,""$ 6,753,834"",""$ 7,247,505"",Active,F,30,South Korea,Tottenham,,"
"Harry Maguire,,""$ 129,881"",""$ 6,753,834"",,""$ 6,753,834"",""$ 7,247,505"",Active,D,29,England,Manchester United,,"
"Gabriel Martinelli,,""$ 123,184"",""$ 6,405,570"",,""$ 6,405,570"",""$ 6,873,784"",Active,F,21,Brazil,Arsenal,,"
"César Azpilicueta,,""$ 123,184"",""$ 6,405,570"",,""$ 6,405,570"",""$ 6,873,784"",Active,D,33,Spain,Chelsea,,"
"Fabinho,,""$ 123,184"",""$ 6,405,570"",,""$ 6,405,570"",""$ 6,873,784"",Active,M,29,Brazil,Liverpool,,"
"Manuel Akanji,,""$ 123,184"",""$ 6,405,570"",,""$ 6,405,570"",""$ 6,873,784"",Active,D,27,Switzerland,Manchester City,,"
"Trent Alexander-Arnold,,""$ 123,184"",""$ 6,405,570"",,""$ 6,405,570"",""$ 6,873,784"",Active,D,24,England,Liverpool,,"
"Enzo Fernández,,""$ 123,184"",""$ 6,405,570"",,""$ 6,405,570"",""$ 6,873,784"",Active,M,22,Argentina,Chelsea,,"
"Roberto Firmino,,""$ 123,184"",""$ 6,405,570"",,""$ 6,405,570"",""$ 6,873,784"",Active,F,31,Brazil,Liverpool,,"
"Rúben Dias,,""$ 123,184"",""$ 6,405,570"",,""$ 6,405,570"",""$ 6,873,784"",Active,D,25,Portugal,Manchester City,,"
"Ivan Perisic,,""$ 123,184"",""$ 6,405,570"",,""$ 6,405,570"",""$ 6,873,784"",Active,M,33,Croatia,Tottenham,,"
"Marc Cucurella,,""$ 119,835"",""$ 6,231,438"",,""$ 6,231,438"",""$ 6,686,924"",Active,D,24,Spain,Chelsea,,"
"Cristian Romero,,""$ 112,899"",""$ 5,870,736"",,""$ 5,870,736"",""$ 6,299,857"",Active,D,24,Argentina,Tottenham,,"
"Kyle Walker,,""$ 109,550"",""$ 5,696,604"",,""$ 5,696,604"",""$ 6,112,997"",Active,D,32,England,Manchester City,,"
"Riyad Mahrez,,""$ 109,550"",""$ 5,696,604"",,""$ 5,696,604"",""$ 6,112,997"",Active,F,31,Algeria,Manchester City,,"
"Andrew Robertson,,""$ 109,550"",""$ 5,696,604"",,""$ 5,696,604"",""$ 6,112,997"",Active,D,28,Scotland,Liverpool,,"
"Pierre-Emerick Aubameyang,,""$ 109,550"",""$ 5,696,604"",,""$ 5,696,604"",""$ 6,112,997"",Active,F,33,Gabon,Chelsea,,"
"Christian Pulisic,,""$ 102,614"",""$ 5,335,902"",,""$ 5,335,902"",""$ 5,725,929"",Active,F,24,United States,Chelsea,,"
"Oleksandr Zinchenko,,""$ 102,614"",""$ 5,335,902"",,""$ 5,335,902"",""$ 5,725,929"",Active,D,26,Ukraine,Arsenal,,"
"Luke Shaw,,""$ 102,614"",""$ 5,335,902"",""$ 1,778,634"",""$ 7,114,536"",""$ 7,634,572"",Active,D,27,England,Manchester United,,"
"Kepa Arrizabalaga,,""$ 102,614"",""$ 5,335,902"",,""$ 5,335,902"",""$ 5,725,929"",Active,K,28,Spain,Chelsea,,"
"Lucas Paquetá,,""$ 102,614"",""$ 5,335,902"",,""$ 5,335,902"",""$ 5,725,929"",Active,F,25,Brazil,West Ham,,"
"Bernardo Silva,,""$ 102,614"",""$ 5,335,902"",,""$ 5,335,902"",""$ 5,725,929"",Active,F,28,Portugal,Manchester City,,"
"Alisson,,""$ 102,614"",""$ 5,335,902"",,""$ 5,335,902"",""$ 5,725,929"",Active,K,30,Brazil,Liverpool,,"
"Kalvin Phillips,,""$ 102,614"",""$ 5,335,902"",,""$ 5,335,902"",""$ 5,725,929"",Active,M,27,England,Manchester City,,"
"Christian Eriksen,,""$ 102,614"",""$ 5,335,902"",,""$ 5,335,902"",""$ 5,725,929"",Active,M,30,Denmark,Manchester United,,"
"Clément Lenglet,,""$ 99,265"",""$ 5,161,770"",,""$ 5,161,770"",""$ 5,539,069"",Loan,D,27,France,Tottenham,,"
"Jamie Vardy,,""$ 95,677"",""$ 4,975,200"",,""$ 4,975,200"",""$ 5,338,862"",Active,F,36,England,Leicester,,"
"Diogo Jota,,""$ 95,677"",""$ 4,975,200"",,""$ 4,975,200"",""$ 5,338,862"",Active,F,26,Portugal,Liverpool,,"
"Darwin Núñez,,""$ 95,677"",""$ 4,975,200"",,""$ 4,975,200"",""$ 5,338,862"",Active,F,23,Uruguay,Liverpool,,"
"Ilkay Gündogan,,""$ 95,677"",""$ 4,975,200"",,""$ 4,975,200"",""$ 5,338,862"",Active,M,32,Germany,Manchester City,,"
"Wilfried Zaha,,""$ 88,980"",""$ 4,626,936"",,""$ 4,626,936"",""$ 4,965,141"",Active,F,30,Cote d'Ivoire,Crystal Palace,,"
"Danny Ings,,""$ 85,631"",""$ 4,452,804"",,""$ 4,452,804"",""$ 4,778,281"",Active,F,30,England,West Ham,,"
"Kurt Zouma,,""$ 85,631"",""$ 4,452,804"",,""$ 4,452,804"",""$ 4,778,281"",Active,D,28,France,West Ham,,"
"Jordan Pickford,,""$ 85,631"",""$ 4,452,804"",,""$ 4,452,804"",""$ 4,778,281"",Active,K,28,England,Everton,,"
"Philippe Coutinho,,""$ 85,631"",""$ 4,452,804"",,""$ 4,452,804"",""$ 4,778,281"",Active,F,30,Brazil,Aston Villa,,"
"Naby Keïta,,""$ 82,043"",""$ 4,266,234"",,""$ 4,266,234"",""$ 4,578,074"",Active,M,27,Guinea,Liverpool,,"
"Alex Oxlade-Chamberlain,,""$ 82,043"",""$ 4,266,234"",,""$ 4,266,234"",""$ 4,578,074"",Active,M,29,England,Liverpool,,"
"Cody Gakpo,,""$ 82,043"",""$ 4,266,234"",,""$ 4,266,234"",""$ 4,578,074"",Active,F,23,Netherlands,Liverpool,,"
"Emiliano Martínez,,""$ 82,043"",""$ 4,266,234"",,""$ 4,266,234"",""$ 4,578,074"",Active,K,30,Argentina,Aston Villa,,"
"John McGinn,,""$ 82,043"",""$ 4,266,234"",,""$ 4,266,234"",""$ 4,578,074"",Active,M,28,Scotland,Aston Villa,,"
"Lucas Digne,,""$ 82,043"",""$ 4,266,234"",,""$ 4,266,234"",""$ 4,578,074"",Active,D,29,France,Aston Villa,,"
"Alphonse Areola,,""$ 82,043"",""$ 4,266,234"",,""$ 4,266,234"",""$ 4,578,074"",Active,K,29,France,West Ham,,"
"Granit Xhaka,,""$ 82,043"",""$ 4,266,234"",,""$ 4,266,234"",""$ 4,578,074"",Active,M,30,Switzerland,Arsenal,,"
"Kieran Trippier,,""$ 82,043"",""$ 4,266,234"",,""$ 4,266,234"",""$ 4,578,074"",Active,D,32,England,Newcastle,,"
"Bruno Guimarães,,""$ 82,043"",""$ 4,266,234"",,""$ 4,266,234"",""$ 4,578,074"",Active,M,25,Brazil,Newcastle,,"
"Ruben Loftus-Cheek,,""$ 82,043"",""$ 4,266,234"",,""$ 4,266,234"",""$ 4,578,074"",Active,M,27,England,Chelsea,,"
"Alexander Isak,,""$ 82,043"",""$ 4,266,234"",,""$ 4,266,234"",""$ 4,578,074"",Active,F,23,Sweden,Newcastle,,"
"Victor Lindelöf,,""$ 82,043"",""$ 4,266,234"",,""$ 4,266,234"",""$ 4,578,074"",Active,D,28,Sweden,Manchester United,,"
"Abdoulaye Doucouré,,""$ 82,043"",""$ 4,266,234"",,""$ 4,266,234"",""$ 4,578,074"",Active,M,30,Mali,Everton,,"
"Lisandro Martínez,,""$ 82,043"",""$ 4,266,234"",,""$ 4,266,234"",""$ 4,578,074"",Active,D,25,Argentina,Manchester United,,"
"Fred,,""$ 82,043"",""$ 4,266,234"",,""$ 4,266,234"",""$ 4,578,074"",Active,M,29,Brazil,Manchester United,,"
"Idrissa Gueye,,""$ 82,043"",""$ 4,266,234"",,""$ 4,266,234"",""$ 4,578,074"",Active,M,33,Senegal,Everton,,"
"Donny van de Beek,,""$ 82,043"",""$ 4,266,234"",,""$ 4,266,234"",""$ 4,578,074"",Active,M,25,Netherlands,Manchester United,,"
"Yerry Mina,,""$ 82,043"",""$ 4,266,234"",,""$ 4,266,234"",""$ 4,578,074"",Active,D,28,Colombia,Everton,,"
"Ben White,,""$ 82,043"",""$ 4,266,234"",,""$ 4,266,234"",""$ 4,578,074"",Active,D,25,England,Arsenal,,"
"Aaron Ramsdale,,""$ 82,043"",""$ 4,266,234"",,""$ 4,266,234"",""$ 4,578,074"",Active,K,25,England,Arsenal,,"
"Boubacar Kamara,,""$ 82,043"",""$ 4,266,234"",""$ 1,069,668"",""$ 5,335,902"",""$ 5,725,929"",Active,M,23,France,Aston Villa,,"
"Aymeric Laporte,,""$ 82,043"",""$ 4,266,234"",,""$ 4,266,234"",""$ 4,578,074"",Active,D,28,Spain,Manchester City,,"
"Martin Ødegaard,,""$ 78,694"",""$ 4,092,102"",,""$ 4,092,102"",""$ 4,391,214"",Active,F,24,Norway,Arsenal,,"
"Arthur,,""$ 75,346"",""$ 3,917,970"",,""$ 3,917,970"",""$ 4,204,353"",Loan,M,26,Brazil,Liverpool,,"
"Thiago Silva,,""$ 75,346"",""$ 3,917,970"",,""$ 3,917,970"",""$ 4,204,353"",Active,D,38,Brazil,Chelsea,,"
"James Maddison,,""$ 75,346"",""$ 3,917,970"",,""$ 3,917,970"",""$ 4,204,353"",Active,F,26,England,Leicester,,"
"Kieran Tierney,,""$ 75,346"",""$ 3,917,970"",,""$ 3,917,970"",""$ 4,204,353"",Active,D,25,Scotland,Arsenal,,"
"Dejan Kulusevski,,""$ 75,346"",""$ 3,917,970"",,""$ 3,917,970"",""$ 4,204,353"",Loan,F,22,Sweden,Tottenham,,"
"Jorginho,,""$ 75,346"",""$ 3,917,970"",,""$ 3,917,970"",""$ 4,204,353"",Active,M,31,Italy,Arsenal,,"
"Antony,,""$ 71,758"",""$ 3,731,400"",,""$ 3,731,400"",""$ 4,004,146"",Active,F,22,Brazil,Manchester United,,"
"Amadou Onana,,""$ 68,409"",""$ 3,557,268"",,""$ 3,557,268"",""$ 3,817,286"",Active,M,21,Belgium,Everton,,"
"Joel Matip,,""$ 68,409"",""$ 3,557,268"",,""$ 3,557,268"",""$ 3,817,286"",Active,D,31,Cameroon,Liverpool,,"
"Leon Bailey,,""$ 68,409"",""$ 3,557,268"",,""$ 3,557,268"",""$ 3,817,286"",Active,F,25,Jamaica,Aston Villa,,"
"Tyrone Mings,,""$ 68,409"",""$ 3,557,268"",,""$ 3,557,268"",""$ 3,817,286"",Active,D,29,England,Aston Villa,,"
"Dominic Calvert-Lewin,,""$ 68,409"",""$ 3,557,268"",,""$ 3,557,268"",""$ 3,817,286"",Active,F,25,England,Everton,,"
"Ederson,,""$ 68,409"",""$ 3,557,268"",,""$ 3,557,268"",""$ 3,817,286"",Active,K,29,Brazil,Manchester City,,"
"Dean Henderson,,""$ 68,409"",""$ 3,557,268"",,""$ 3,557,268"",""$ 3,817,286"",Loan,K,25,England,Nottingham Forest,,"
"Raúl Jiménez,,""$ 68,409"",""$ 3,557,268"",,""$ 3,557,268"",""$ 3,817,286"",Active,F,31,Mexico,Wolverhampton,,"
"Eddie Nketiah,,""$ 68,409"",""$ 3,557,268"",,""$ 3,557,268"",""$ 3,817,286"",Active,F,23,England,Arsenal,,"
"Julián Álvarez,,""$ 68,409"",""$ 3,557,268"",,""$ 3,557,268"",""$ 3,817,286"",Active,F,23,Argentina,Manchester City,,"
"Gabriel Magalhães,,""$ 68,409"",""$ 3,557,268"",,""$ 3,557,268"",""$ 3,817,286"",Active,D,25,Brazil,Arsenal,,"
"Mykhailo Mudryk,,""$ 68,409"",""$ 3,557,268"",""$ 1,069,668"",""$ 4,626,936"",""$ 4,965,141"",Active,F,22,Ukraine,Chelsea,,"
"James Ward-Prowse,,""$ 68,409"",""$ 3,557,268"",,""$ 3,557,268"",""$ 3,817,286"",Active,M,28,England,Southampton,,"
"Mateo Kovacic,,""$ 68,409"",""$ 3,557,268"",,""$ 3,557,268"",""$ 3,817,286"",Active,M,28,Croatia,Chelsea,,"
"Rodrigo,,""$ 68,409"",""$ 3,557,268"",,""$ 3,557,268"",""$ 3,817,286"",Active,F,31,Spain,Leeds,,"
"Jonny Evans,,""$ 68,409"",""$ 3,557,268"",,""$ 3,557,268"",""$ 3,817,286"",Active,D,35,Northern Ireland,Leicester,,"
"Carney Chukwuemeka,,""$ 68,409"",""$ 3,557,268"",,""$ 3,557,268"",""$ 3,817,286"",Active,M,19,England,Chelsea,,"
"Hugo Lloris,,""$ 68,409"",""$ 3,557,268"",,""$ 3,557,268"",""$ 3,817,286"",Active,K,36,France,Tottenham,,"
"Pierre-Emile Höjbjerg,,""$ 68,409"",""$ 3,557,268"",,""$ 3,557,268"",""$ 3,817,286"",Active,M,27,Denmark,Tottenham,,"
"João Moutinho,,""$ 68,409"",""$ 3,557,268"",,""$ 3,557,268"",""$ 3,817,286"",Active,M,36,Portugal,Wolverhampton,,"
"Hakim Ziyech,,""$ 68,409"",""$ 3,557,268"",,""$ 3,557,268"",""$ 3,817,286"",Active,F,29,Morocco,Chelsea,,"
"James Tarkowski,,""$ 68,409"",""$ 3,557,268"",,""$ 3,557,268"",""$ 3,817,286"",Active,D,30,England,Everton,,"
"Matt Targett,,""$ 68,409"",""$ 3,557,268"",,""$ 3,557,268"",""$ 3,817,286"",Active,D,27,England,Newcastle,,"
"Diego Carlos,,""$ 68,409"",""$ 3,557,268"",,""$ 3,557,268"",""$ 3,817,286"",Active,D,29,Brazil,Aston Villa,,"
"Emerson,,""$ 65,060"",""$ 3,383,136"",,""$ 3,383,136"",""$ 3,630,426"",Active,D,28,Italy,West Ham,,"
"Bernd Leno,,""$ 61,472"",""$ 3,196,566"",,""$ 3,196,566"",""$ 3,430,219"",Active,K,30,Germany,Fulham,,"
"Adam Lallana,,""$ 61,472"",""$ 3,196,566"",,""$ 3,196,566"",""$ 3,430,219"",Active,F,34,England,Brighton,,"
"Richarlison,,""$ 61,472"",""$ 3,196,566"",""$ 1,417,932"",""$ 4,614,498"",""$ 4,951,794"",Active,F,25,Brazil,Tottenham,,"
"Lucas Moura,,""$ 61,472"",""$ 3,196,566"",,""$ 3,196,566"",""$ 3,430,219"",Active,F,30,Brazil,Tottenham,,"
"Keylor Navas,,""$ 61,472"",""$ 3,196,566"",,""$ 3,196,566"",""$ 3,430,219"",Loan,K,36,Costa Rica,Nottingham Forest,,"
"Sven Botman,,""$ 61,472"",""$ 3,196,566"",,""$ 3,196,566"",""$ 3,430,219"",Active,D,23,Netherlands,Newcastle,,"
"Jack Harrison,,""$ 61,472"",""$ 3,196,566"",,""$ 3,196,566"",""$ 3,430,219"",Active,F,26,England,Leeds,,"
"Nathan Aké,,""$ 61,472"",""$ 3,196,566"",,""$ 3,196,566"",""$ 3,430,219"",Active,D,27,Netherlands,Manchester City,,"
"Aaron Wan-Bissaka,,""$ 61,472"",""$ 3,196,566"",,""$ 3,196,566"",""$ 3,430,219"",Active,D,25,England,Manchester United,,"
"Benoît Badiashile,,""$ 61,472"",""$ 3,196,566"",,""$ 3,196,566"",""$ 3,430,219"",Active,D,21,France,Chelsea,,"
"Layvin Kurzawa,,""$ 61,472"",""$ 3,196,566"",,""$ 3,196,566"",""$ 3,430,219"",Loan,D,30,France,Fulham,,"
"Leandro Trossard,,""$ 61,472"",""$ 3,196,566"",,""$ 3,196,566"",""$ 3,430,219"",Active,F,28,Belgium,Arsenal,,"
"Denis Zakaria,,""$ 61,472"",""$ 3,196,566"",,""$ 3,196,566"",""$ 3,430,219"",Loan,M,26,Switzerland,Chelsea,,"
"Gianluca Scamacca,,""$ 61,472"",""$ 3,196,566"",,""$ 3,196,566"",""$ 3,430,219"",Active,F,24,Italy,West Ham,,"
"Pablo Sarabia,,""$ 61,472"",""$ 3,196,566"",,""$ 3,196,566"",""$ 3,430,219"",Active,F,30,Spain,Wolverhampton,,"
"Leander Dendoncker,,""$ 61,472"",""$ 3,196,566"",,""$ 3,196,566"",""$ 3,430,219"",Active,M,27,Belgium,Aston Villa,,"
"Benjamin Mendy,,""$ 61,472"",""$ 3,196,566"",,""$ 3,196,566"",""$ 3,430,219"",Active,D,28,France,Manchester City,,"
"Odsonne Edouard,,""$ 61,472"",""$ 3,196,566"",,""$ 3,196,566"",""$ 3,430,219"",Active,F,25,France,Crystal Palace,,"
"Diogo Dalot,,""$ 58,124"",""$ 3,022,434"",""$ 534,834"",""$ 3,557,268"",""$ 3,817,286"",Active,D,24,Portugal,Manchester United,,"
"Joelinton,,""$ 58,124"",""$ 3,022,434"",,""$ 3,022,434"",""$ 3,243,358"",Active,F,26,Brazil,Newcastle,,"
"Matheus Nunes,,""$ 58,124"",""$ 3,022,434"",,""$ 3,022,434"",""$ 3,243,358"",Active,M,24,Portugal,Wolverhampton,,"
"Michail Antonio,,""$ 58,124"",""$ 3,022,434"",""$ 534,834"",""$ 3,557,268"",""$ 3,817,286"",Active,F,32,Jamaica,West Ham,,"
"Joe Gomez,,""$ 58,124"",""$ 3,022,434"",,""$ 3,022,434"",""$ 3,243,358"",Active,D,25,England,Liverpool,,"
"Pedro Porro,,""$ 58,124"",""$ 3,022,434"",,""$ 3,022,434"",""$ 3,243,358"",Loan,D,23,Spain,Tottenham,,"
"Eric Dier,,""$ 58,124"",""$ 3,022,434"",,""$ 3,022,434"",""$ 3,243,358"",Active,D,29,England,Tottenham,,"
"Chris Wood,,""$ 54,775"",""$ 2,848,302"",,""$ 2,848,302"",""$ 3,056,498"",Loan,F,31,New Zealand,Nottingham Forest,,"
"Joachim Andersen,,""$ 54,775"",""$ 2,848,302"",,""$ 2,848,302"",""$ 3,056,498"",Active,D,26,Denmark,Crystal Palace,,"
"Thilo Kehrer,,""$ 54,775"",""$ 2,848,302"",,""$ 2,848,302"",""$ 3,056,498"",Active,D,26,Germany,West Ham,,"
"Felipe,,""$ 54,775"",""$ 2,848,302"",,""$ 2,848,302"",""$ 3,056,498"",Active,D,33,Brazil,Nottingham Forest,,"
"Jesse Lingard,,""$ 54,775"",""$ 2,848,302"",""$ 1,417,932"",""$ 4,266,234"",""$ 4,578,074"",Active,F,30,England,Nottingham Forest,,"
"Nélson Semedo,,""$ 54,775"",""$ 2,848,302"",,""$ 2,848,302"",""$ 3,056,498"",Active,D,29,Portugal,Wolverhampton,,"
"Aleksandar Mitrovic,,""$ 54,775"",""$ 2,848,302"",""$ 1,069,668"",""$ 3,917,970"",""$ 4,204,353"",Active,F,28,Serbia,Fulham,,"
"Morgan Gibbs-White,,""$ 54,775"",""$ 2,848,302"",,""$ 2,848,302"",""$ 3,056,498"",Active,F,23,England,Nottingham Forest,,"
"Matty Cash,,""$ 54,775"",""$ 2,848,302"",,""$ 2,848,302"",""$ 3,056,498"",Active,D,25,Poland,Aston Villa,,"
"Boubakary Soumaré,,""$ 54,775"",""$ 2,848,302"",,""$ 2,848,302"",""$ 3,056,498"",Active,M,23,France,Leicester,,"
"Kelechi Iheanacho,,""$ 54,775"",""$ 2,848,302"",,""$ 2,848,302"",""$ 3,056,498"",Active,F,26,Nigeria,Leicester,,"
"Michael Keane,,""$ 54,775"",""$ 2,848,302"",,""$ 2,848,302"",""$ 3,056,498"",Active,D,30,England,Everton,,"
"Mislav Orsic,,""$ 54,775"",""$ 2,848,302"",,""$ 2,848,302"",""$ 3,056,498"",Active,F,30,Croatia,Southampton,,"
"Ben Davies,,""$ 54,775"",""$ 2,848,302"",,""$ 2,848,302"",""$ 3,056,498"",Active,D,29,Wales,Tottenham,,"
"Mason Mount,,""$ 54,775"",""$ 2,848,302"",,""$ 2,848,302"",""$ 3,056,498"",Active,F,24,England,Chelsea,,"
"Joe Willock,,""$ 54,775"",""$ 2,848,302"",,""$ 2,848,302"",""$ 3,056,498"",Active,M,23,England,Newcastle,,"
"Ryan Bertrand,,""$ 54,775"",""$ 2,848,302"",,""$ 2,848,302"",""$ 3,056,498"",Active,D,33,England,Leicester,,"
"Nathaniel Clyne,,""$ 54,775"",""$ 2,848,302"",,""$ 2,848,302"",""$ 3,056,498"",Active,D,31,England,Crystal Palace,,"
"Ricardo Pereira,,""$ 54,775"",""$ 2,848,302"",,""$ 2,848,302"",""$ 3,056,498"",Active,D,29,Portugal,Leicester,,"
"Bertrand Traoré,,""$ 53,340"",""$ 2,773,674"",,""$ 2,773,674"",""$ 2,976,415"",Active,F,27,Burkina Faso,Aston Villa,,"
"Fraser Forster,,""$ 51,426"",""$ 2,674,170"",,""$ 2,674,170"",""$ 2,869,638"",Active,K,34,England,Tottenham,,"
"Phil Jones,,""$ 51,426"",""$ 2,674,170"",,""$ 2,674,170"",""$ 2,869,638"",Active,D,30,England,Manchester United,,"
"Lewis Dunk,,""$ 51,426"",""$ 2,674,170"",,""$ 2,674,170"",""$ 2,869,638"",Active,D,31,England,Brighton,,"
"Emiliano Buendía,,""$ 51,426"",""$ 2,674,170"",,""$ 2,674,170"",""$ 2,869,638"",Active,F,26,Argentina,Aston Villa,,"
"Weston McKennie,,""$ 51,426"",""$ 2,674,170"",,""$ 2,674,170"",""$ 2,869,638"",Loan,M,24,United States,Leeds,,"
"Cédric Soares,,""$ 51,426"",""$ 2,674,170"",""$ 895,536"",""$ 3,569,706"",""$ 3,830,633"",Loan,D,31,Portugal,Fulham,,"
"Tyrell Malacia,,""$ 51,426"",""$ 2,674,170"",,""$ 2,674,170"",""$ 2,869,638"",Active,D,23,Netherlands,Manchester United,,"
"Patson Daka,,""$ 51,426"",""$ 2,674,170"",,""$ 2,674,170"",""$ 2,869,638"",Active,F,24,Zambia,Leicester,,"
"Theo Walcott,,""$ 51,426"",""$ 2,674,170"",,""$ 2,674,170"",""$ 2,869,638"",Active,F,33,England,Southampton,,"
"Rodrigo Bentancur,,""$ 51,426"",""$ 2,674,170"",,""$ 2,674,170"",""$ 2,869,638"",Active,M,25,Uruguay,Tottenham,,"
"Douglas Luiz,,""$ 51,426"",""$ 2,674,170"",,""$ 2,674,170"",""$ 2,869,638"",Active,M,24,Brazil,Aston Villa,,"
"Jonjo Shelvey,,""$ 51,426"",""$ 2,674,170"",,""$ 2,674,170"",""$ 2,869,638"",Active,M,30,England,Nottingham Forest,,"
"Dennis Praet,,""$ 51,426"",""$ 2,674,170"",,""$ 2,674,170"",""$ 2,869,638"",Active,M,28,Belgium,Leicester,,"
"Vicente Guaita,,""$ 51,426"",""$ 2,674,170"",,""$ 2,674,170"",""$ 2,869,638"",Active,K,36,Spain,Crystal Palace,,"
"Ollie Watkins,,""$ 51,426"",""$ 2,674,170"",,""$ 2,674,170"",""$ 2,869,638"",Active,F,27,England,Aston Villa,,"
"Luka Milivojevic,,""$ 51,426"",""$ 2,674,170"",,""$ 2,674,170"",""$ 2,869,638"",Active,M,31,Serbia,Crystal Palace,,"
"Mason Greenwood,,""$ 51,426"",""$ 2,674,170"",,""$ 2,674,170"",""$ 2,869,638"",Active,F,21,England,Manchester United,,"
"Ben Godfrey,,""$ 51,426"",""$ 2,674,170"",,""$ 2,674,170"",""$ 2,869,638"",Active,D,25,England,Everton,,"
"Wilfred Ndidi,,""$ 51,426"",""$ 2,674,170"",,""$ 2,674,170"",""$ 2,869,638"",Active,M,26,Nigeria,Leicester,,"
"Georginio Rutter,,""$ 47,838"",""$ 2,487,600"",,""$ 2,487,600"",""$ 2,669,431"",Active,F,20,France,Leeds,,"
"Issa Diop,,""$ 47,838"",""$ 2,487,600"",,""$ 2,487,600"",""$ 2,669,431"",Active,D,26,France,Fulham,,"
"Angelo Ogbonna,,""$ 47,838"",""$ 2,487,600"",,""$ 2,487,600"",""$ 2,669,431"",Active,D,34,Italy,West Ham,,"
"Ibrahima Konaté,,""$ 47,838"",""$ 2,487,600"",,""$ 2,487,600"",""$ 2,669,431"",Active,D,23,France,Liverpool,,"
"Allan Saint-Maximin,,""$ 47,838"",""$ 2,487,600"",,""$ 2,487,600"",""$ 2,669,431"",Active,F,25,France,Newcastle,,"
"Alex Iwobi,,""$ 47,838"",""$ 2,487,600"",,""$ 2,487,600"",""$ 2,669,431"",Active,F,26,Nigeria,Everton,,"
"Joe Aribo,,""$ 47,838"",""$ 2,487,600"",,""$ 2,487,600"",""$ 2,669,431"",Active,F,26,Nigeria,Southampton,,"
"Aaron Hickey,,""$ 47,838"",""$ 2,487,600"",,""$ 2,487,600"",""$ 2,669,431"",Active,D,20,Scotland,Brentford,,"
"Jannik Vestergaard,,""$ 47,838"",""$ 2,487,600"",,""$ 2,487,600"",""$ 2,669,431"",Active,D,30,Denmark,Leicester,,"
"Mason Holgate,,""$ 47,838"",""$ 2,487,600"",""$ 708,966"",""$ 3,196,566"",""$ 3,430,219"",Active,D,26,England,Everton,,"
"Manuel Lanzini,,""$ 47,838"",""$ 2,487,600"",""$ 708,966"",""$ 3,196,566"",""$ 3,430,219"",Active,F,29,Argentina,West Ham,,"
"Patrick Bamford,,""$ 47,838"",""$ 2,487,600"",,""$ 2,487,600"",""$ 2,669,431"",Active,F,29,England,Leeds,,"
"Jacob Ramsey,,""$ 47,838"",""$ 2,487,600"",,""$ 2,487,600"",""$ 2,669,431"",Active,M,21,England,Aston Villa,,"
"Luis Sinisterra,,""$ 44,490"",""$ 2,313,468"",,""$ 2,313,468"",""$ 2,482,571"",Active,F,23,Colombia,Leeds,,"
"Timothy Castagne,,""$ 44,490"",""$ 2,313,468"",,""$ 2,313,468"",""$ 2,482,571"",Active,D,27,Belgium,Leicester,,"
"Maxwel Cornet,,""$ 44,490"",""$ 2,313,468"",,""$ 2,313,468"",""$ 2,482,571"",Active,F,26,Cote d'Ivoire,West Ham,,"
"Lukasz Fabianski,,""$ 44,490"",""$ 2,313,468"",,""$ 2,313,468"",""$ 2,482,571"",Active,K,37,Poland,West Ham,,"
"Stuart Armstrong,,""$ 44,490"",""$ 2,313,468"",,""$ 2,313,468"",""$ 2,482,571"",Active,M,30,Scotland,Southampton,,"
"Pablo Fornals,,""$ 44,490"",""$ 2,313,468"",,""$ 2,313,468"",""$ 2,482,571"",Active,F,26,Spain,West Ham,,"
"Nathaniel Phillips,,""$ 44,490"",""$ 2,313,468"",,""$ 2,313,468"",""$ 2,482,571"",Active,D,25,England,Liverpool,,"
"Davinson Sánchez,,""$ 44,490"",""$ 2,313,468"",,""$ 2,313,468"",""$ 2,482,571"",Active,D,26,Colombia,Tottenham,,"
"Pascal Groß,,""$ 44,490"",""$ 2,313,468"",,""$ 2,313,468"",""$ 2,482,571"",Active,M,31,Germany,Brighton,,"
"Brandon Williams,,""$ 44,490"",""$ 2,313,468"",,""$ 2,313,468"",""$ 2,482,571"",Active,D,22,England,Manchester United,,"
"Tomas Soucek,,""$ 44,490"",""$ 2,313,468"",,""$ 2,313,468"",""$ 2,482,571"",Active,M,27,Czech Republic,West Ham,,"
"Moussa Djenepo,,""$ 44,490"",""$ 2,313,468"",,""$ 2,313,468"",""$ 2,482,571"",Active,F,24,Mali,Southampton,,"
"Sasa Lukic,,""$ 43,055"",""$ 2,238,840"",,""$ 2,238,840"",""$ 2,402,488"",Active,M,26,Serbia,Fulham,,"
"Nick Pope,,""$ 41,141"",""$ 2,139,336"",,""$ 2,139,336"",""$ 2,295,710"",Active,K,30,England,Newcastle,,"
"Scott McTominay,,""$ 41,141"",""$ 2,139,336"",,""$ 2,139,336"",""$ 2,295,710"",Active,M,26,Scotland,Manchester United,,"
"Reiss Nelson,,""$ 41,141"",""$ 2,139,336"",,""$ 2,139,336"",""$ 2,295,710"",Active,F,23,England,Arsenal,,"
"Cheick Doucouré,,""$ 41,141"",""$ 2,139,336"",,""$ 2,139,336"",""$ 2,295,710"",Active,M,23,Mali,Crystal Palace,,"
"Anthony Gordon,,""$ 41,141"",""$ 2,139,336"",,""$ 2,139,336"",""$ 2,295,710"",Active,F,21,England,Newcastle,,"
"Jarrod Bowen,,""$ 41,141"",""$ 2,139,336"",,""$ 2,139,336"",""$ 2,295,710"",Active,F,26,England,West Ham,,"
"Matheus Cunha,,""$ 41,141"",""$ 2,139,336"",,""$ 2,139,336"",""$ 2,295,710"",Loan,F,23,Brazil,Wolverhampton,,"
"Daniel Podence,,""$ 41,141"",""$ 2,139,336"",,""$ 2,139,336"",""$ 2,295,710"",Active,F,27,Portugal,Wolverhampton,,"
"Adrián,,""$ 41,141"",""$ 2,139,336"",,""$ 2,139,336"",""$ 2,295,710"",Active,K,36,Spain,Liverpool,,"
"Declan Rice,,""$ 41,141"",""$ 2,139,336"",,""$ 2,139,336"",""$ 2,295,710"",Active,M,24,England,West Ham,,"
"James Milner,,""$ 41,141"",""$ 2,139,336"",,""$ 2,139,336"",""$ 2,295,710"",Active,M,37,England,Liverpool,,"
"Miguel Almirón,,""$ 41,141"",""$ 2,139,336"",,""$ 2,139,336"",""$ 2,295,710"",Active,F,28,Paraguay,Newcastle,,"
"Moisés Caicedo,,""$ 41,141"",""$ 2,139,336"",,""$ 2,139,336"",""$ 2,295,710"",Active,M,21,Ecuador,Brighton,,"
"Junior Firpo,,""$ 41,141"",""$ 2,139,336"",,""$ 2,139,336"",""$ 2,295,710"",Active,D,26,Dominican Republic,Leeds,,"
"Renan Lodi,,""$ 41,141"",""$ 2,139,336"",,""$ 2,139,336"",""$ 2,295,710"",Loan,D,24,Brazil,Nottingham Forest,,"
"Jan Bednarek,,""$ 41,141"",""$ 2,139,336"",,""$ 2,139,336"",""$ 2,295,710"",Active,D,26,Poland,Southampton,,"
"Mohamed Elyounoussi,,""$ 41,141"",""$ 2,139,336"",,""$ 2,139,336"",""$ 2,295,710"",Active,F,28,Norway,Southampton,,"
"Vitaliy Mykolenko,,""$ 39,706"",""$ 2,064,708"",,""$ 2,064,708"",""$ 2,215,628"",Active,D,23,Ukraine,Everton,,"
"Jakub Kiwior,,""$ 39,706"",""$ 2,064,708"",,""$ 2,064,708"",""$ 2,215,628"",Active,D,22,Poland,Arsenal,,"
"Chris Richards,,""$ 37,553"",""$ 1,952,766"",,""$ 1,952,766"",""$ 2,095,503"",Active,D,22,United States,Crystal Palace,,"
"Takehiro Tomiyasu,,""$ 37,553"",""$ 1,952,766"",,""$ 1,952,766"",""$ 2,095,503"",Active,D,24,Japan,Arsenal,,"
"Jairo Riedewald,,""$ 37,553"",""$ 1,952,766"",,""$ 1,952,766"",""$ 2,095,503"",Active,M,26,Netherlands,Crystal Palace,,"
"Seamus Coleman,,""$ 37,553"",""$ 1,952,766"",,""$ 1,952,766"",""$ 2,095,503"",Active,D,34,Ireland,Everton,,"
"Nampalys Mendy,,""$ 37,553"",""$ 1,952,766"",,""$ 1,952,766"",""$ 2,095,503"",Active,M,30,Senegal,Leicester,,"
"Boubacar Traoré,,""$ 37,553"",""$ 1,952,766"",,""$ 1,952,766"",""$ 2,095,503"",Loan,M,21,Mali,Wolverhampton,,"
"Adama Traoré,,""$ 37,553"",""$ 1,952,766"",,""$ 1,952,766"",""$ 2,095,503"",Active,F,27,Spain,Wolverhampton,,"
"Ryan Sessegnon,,""$ 37,553"",""$ 1,952,766"",,""$ 1,952,766"",""$ 2,095,503"",Active,M,22,England,Tottenham,,"
"Tyler Adams,,""$ 37,553"",""$ 1,952,766"",,""$ 1,952,766"",""$ 2,095,503"",Active,M,23,United States,Leeds,,"
"Ben Mee,,""$ 37,553"",""$ 1,952,766"",,""$ 1,952,766"",""$ 2,095,503"",Active,D,33,England,Brentford,,"
"Adam Armstrong,,""$ 37,553"",""$ 1,952,766"",,""$ 1,952,766"",""$ 2,095,503"",Active,F,25,England,Southampton,,"
"Danny Welbeck,,""$ 37,553"",""$ 1,952,766"",,""$ 1,952,766"",""$ 2,095,503"",Active,F,32,England,Brighton,,"
"Ibrahima Diallo,,""$ 37,553"",""$ 1,952,766"",,""$ 1,952,766"",""$ 2,095,503"",Active,M,23,France,Southampton,,"
"Adam Webster,,""$ 37,553"",""$ 1,952,766"",,""$ 1,952,766"",""$ 2,095,503"",Active,D,28,England,Brighton,,"
"James McArthur,,""$ 37,553"",""$ 1,952,766"",,""$ 1,952,766"",""$ 2,095,503"",Active,M,35,Scotland,Crystal Palace,,"
"Mohamed Elneny,,""$ 37,553"",""$ 1,952,766"",,""$ 1,952,766"",""$ 2,095,503"",Active,M,30,Egypt,Arsenal,,"
"Stefan Ortega Moreno,,""$ 37,553"",""$ 1,952,766"",,""$ 1,952,766"",""$ 2,095,503"",Active,K,30,Germany,Manchester City,,"
"Yves Bissouma,,""$ 37,553"",""$ 1,952,766"",,""$ 1,952,766"",""$ 2,095,503"",Active,M,26,Mali,Tottenham,,"
"Conor Coady,,""$ 37,553"",""$ 1,952,766"",,""$ 1,952,766"",""$ 2,095,503"",Loan,D,29,England,Everton,,"
"Saïd Benrahma,,""$ 37,553"",""$ 1,952,766"",,""$ 1,952,766"",""$ 2,095,503"",Active,F,27,Algeria,West Ham,,"
"Luis Díaz,,""$ 37,553"",""$ 1,952,766"",,""$ 1,952,766"",""$ 2,095,503"",Active,F,26,Colombia,Liverpool,,"
"Emil Krafth,,""$ 37,553"",""$ 1,952,766"",,""$ 1,952,766"",""$ 2,095,503"",Active,D,28,Sweden,Newcastle,,"
"Dan Burn,,""$ 37,553"",""$ 1,952,766"",,""$ 1,952,766"",""$ 2,095,503"",Active,D,31,England,Newcastle,,"
"Edouard Mendy,,""$ 37,553"",""$ 1,952,766"",,""$ 1,952,766"",""$ 2,095,503"",Active,K,30,Senegal,Chelsea,,"
"Jefferson Lerma,,""$ 37,553"",""$ 1,952,766"",,""$ 1,952,766"",""$ 2,095,503"",Active,M,28,Colombia,Bournemouth,,"
"Alejandro Garnacho,,""$ 34,205"",""$ 1,778,634"",,""$ 1,778,634"",""$ 1,908,643"",Active,F,18,Argentina,Manchester United,,"
"Ashley Young,,""$ 34,205"",""$ 1,778,634"",,""$ 1,778,634"",""$ 1,908,643"",Active,D,37,England,Aston Villa,,"
"Calum Chambers,,""$ 34,205"",""$ 1,778,634"",,""$ 1,778,634"",""$ 1,908,643"",Active,D,28,England,Aston Villa,,"
"Robin Olsen,,""$ 34,205"",""$ 1,778,634"",""$ 1,069,668"",""$ 2,848,302"",""$ 3,056,498"",Active,K,33,Sweden,Aston Villa,,"
"David Brooks,,""$ 34,205"",""$ 1,778,634"",,""$ 1,778,634"",""$ 1,908,643"",Active,F,25,Wales,Bournemouth,,"
"Dominic Solanke,,""$ 34,205"",""$ 1,778,634"",,""$ 1,778,634"",""$ 1,908,643"",Active,F,25,England,Bournemouth,,"
"Marcos Senesi,,""$ 34,205"",""$ 1,778,634"",,""$ 1,778,634"",""$ 1,908,643"",Active,D,25,Argentina,Bournemouth,,"
"Neto,,""$ 34,205"",""$ 1,778,634"",,""$ 1,778,634"",""$ 1,908,643"",Active,K,33,Brazil,Bournemouth,,"
"Ryan Christie,,""$ 34,205"",""$ 1,778,634"",,""$ 1,778,634"",""$ 1,908,643"",Active,F,27,Scotland,Bournemouth,,"
"Mathias Jensen,,""$ 34,205"",""$ 1,778,634"",,""$ 1,778,634"",""$ 1,908,643"",Active,M,27,Denmark,Brentford,,"
"Alexis Mac Allister,,""$ 34,205"",""$ 1,778,634"",,""$ 1,778,634"",""$ 1,908,643"",Active,M,24,Argentina,Brighton,,"
"Pervis Estupiñán,,""$ 34,205"",""$ 1,778,634"",,""$ 1,778,634"",""$ 1,908,643"",Active,D,25,Ecuador,Brighton,,"
"Solly March,,""$ 34,205"",""$ 1,778,634"",,""$ 1,778,634"",""$ 1,908,643"",Active,M,28,England,Brighton,,"
"Conor Gallagher,,""$ 34,205"",""$ 1,778,634"",,""$ 1,778,634"",""$ 1,908,643"",Active,M,22,England,Chelsea,,"
"Noni Madueke,,""$ 34,205"",""$ 1,778,634"",,""$ 1,778,634"",""$ 1,908,643"",Active,F,20,England,Chelsea,,"
"Trevoh Chalobah,,""$ 34,205"",""$ 1,778,634"",,""$ 1,778,634"",""$ 1,908,643"",Active,D,23,England,Chelsea,,"
"Albert Sambi Lokonga,,""$ 34,205"",""$ 1,778,634"",,""$ 1,778,634"",""$ 1,908,643"",Loan,M,23,Belgium,Crystal Palace,,"
"James Tomkins,,""$ 34,205"",""$ 1,778,634"",,""$ 1,778,634"",""$ 1,908,643"",Active,D,33,England,Crystal Palace,,"
"Jean-Philippe Mateta,,""$ 34,205"",""$ 1,778,634"",,""$ 1,778,634"",""$ 1,908,643"",Active,F,25,France,Crystal Palace,,"
"Jeffrey Schlupp,,""$ 34,205"",""$ 1,778,634"",,""$ 1,778,634"",""$ 1,908,643"",Active,M,30,Ghana,Crystal Palace,,"
"Marc Guéhi,,""$ 34,205"",""$ 1,778,634"",,""$ 1,778,634"",""$ 1,908,643"",Active,D,22,England,Crystal Palace,,"
"Neal Maupay,,""$ 34,205"",""$ 1,778,634"",,""$ 1,778,634"",""$ 1,908,643"",Active,F,26,France,Everton,,"
"Andreas Pereira,,""$ 34,205"",""$ 1,778,634"",,""$ 1,778,634"",""$ 1,908,643"",Active,F,27,Brazil,Fulham,,"
"Daniel James,,""$ 34,205"",""$ 1,778,634"",,""$ 1,778,634"",""$ 1,908,643"",Loan,F,25,Wales,Fulham,,"
"João Palhinha,,""$ 34,205"",""$ 1,778,634"",,""$ 1,778,634"",""$ 1,908,643"",Active,M,27,Portugal,Fulham,,"
"Kenny Tete,,""$ 34,205"",""$ 1,778,634"",,""$ 1,778,634"",""$ 1,908,643"",Active,D,27,Netherlands,Fulham,,"
"Willian,,""$ 34,205"",""$ 1,778,634"",,""$ 1,778,634"",""$ 1,908,643"",Active,F,34,Brazil,Fulham,,"
"Marc Roca,,""$ 34,205"",""$ 1,778,634"",,""$ 1,778,634"",""$ 1,908,643"",Active,M,26,Spain,Leeds,,"
"Pascal Struijk,,""$ 34,205"",""$ 1,778,634"",,""$ 1,778,634"",""$ 1,908,643"",Active,D,23,Netherlands,Leeds,,"
"Tetê,,""$ 34,205"",""$ 1,778,634"",,""$ 1,778,634"",""$ 1,908,643"",Loan,F,22,Brazil,Leicester,,"
"Wout Faes,,""$ 34,205"",""$ 1,778,634"",,""$ 1,778,634"",""$ 1,908,643"",Active,D,24,Belgium,Leicester,,"
"Konstantinos Tsimikas,,""$ 34,205"",""$ 1,778,634"",,""$ 1,778,634"",""$ 1,908,643"",Active,D,26,Greece,Liverpool,,"
"Sergio Gómez,,""$ 34,205"",""$ 1,778,634"",,""$ 1,778,634"",""$ 1,908,643"",Active,D,22,Spain,Manchester City,,"
"Sean Longstaff,,""$ 34,205"",""$ 1,778,634"",,""$ 1,778,634"",""$ 1,908,643"",Active,M,25,England,Newcastle,,"
"Neco Williams,,""$ 34,205"",""$ 1,778,634"",,""$ 1,778,634"",""$ 1,908,643"",Active,D,21,Wales,Nottingham Forest,,"
"Serge Aurier,,""$ 34,205"",""$ 1,778,634"",,""$ 1,778,634"",""$ 1,908,643"",Active,D,30,Cote d'Ivoire,Nottingham Forest,,"
"Taiwo Awoniyi,,""$ 34,205"",""$ 1,778,634"",,""$ 1,778,634"",""$ 1,908,643"",Active,F,25,Nigeria,Nottingham Forest,,"
"Alex McCarthy,,""$ 34,205"",""$ 1,778,634"",,""$ 1,778,634"",""$ 1,908,643"",Active,K,33,England,Southampton,,"
"Aaron Cresswell,,""$ 34,205"",""$ 1,778,634"",,""$ 1,778,634"",""$ 1,908,643"",Active,D,33,England,West Ham,,"
"Nayef Aguerd,,""$ 34,205"",""$ 1,778,634"",,""$ 1,778,634"",""$ 1,908,643"",Active,D,26,Morocco,West Ham,,"
"Diego Costa,,""$ 34,205"",""$ 1,778,634"",,""$ 1,778,634"",""$ 1,908,643"",Active,F,34,Spain,Wolverhampton,,"
"Pedro Neto,,""$ 34,205"",""$ 1,778,634"",,""$ 1,778,634"",""$ 1,908,643"",Active,F,22,Portugal,Wolverhampton,,"
"Rúben Neves,,""$ 34,205"",""$ 1,778,634"",,""$ 1,778,634"",""$ 1,908,643"",Active,M,25,Portugal,Wolverhampton,,"
"Callum Wilson,,""$ 31,573"",""$ 1,641,816"",,""$ 1,641,816"",""$ 1,761,824"",Active,F,30,England,Newcastle,,"
"Cheikhou Kouyaté,,""$ 30,856"",""$ 1,604,502"",,""$ 1,604,502"",""$ 1,721,783"",Active,M,33,Senegal,Nottingham Forest,,"
"Tom Heaton,,""$ 30,856"",""$ 1,604,502"",,""$ 1,604,502"",""$ 1,721,783"",Active,K,36,England,Manchester United,,"
"Michael Olise,,""$ 30,856"",""$ 1,604,502"",,""$ 1,604,502"",""$ 1,721,783"",Active,M,21,France,Crystal Palace,,"
"Caglar Söyüncü,,""$ 30,856"",""$ 1,604,502"",,""$ 1,604,502"",""$ 1,721,783"",Active,D,26,Turkey,Leicester,,"
"Stuart Dallas,,""$ 30,856"",""$ 1,604,502"",,""$ 1,604,502"",""$ 1,721,783"",Active,D,31,Northern Ireland,Leeds,,"
"Mario Lemina,,""$ 30,856"",""$ 1,604,502"",,""$ 1,604,502"",""$ 1,721,783"",Active,M,29,Gabon,Wolverhampton,,"
"Craig Dawson,,""$ 30,856"",""$ 1,604,502"",,""$ 1,604,502"",""$ 1,721,783"",Active,D,32,England,Wolverhampton,,"
"Keinan Davis,,""$ 30,856"",""$ 1,604,502"",,""$ 1,604,502"",""$ 1,721,783"",Inactive,F,24,England,Aston Villa,,"
"Hamed Junior Traorè,,""$ 30,856"",""$ 1,604,502"",,""$ 1,604,502"",""$ 1,721,783"",Loan,F,22,Cote d'Ivoire,Bournemouth,,"
"Jack Stephens,,""$ 30,856"",""$ 1,604,502"",,""$ 1,604,502"",""$ 1,721,783"",Loan,D,29,England,Bournemouth,,"
"Brenden Aaronson,,""$ 30,856"",""$ 1,604,502"",,""$ 1,604,502"",""$ 1,721,783"",Active,F,22,United States,Leeds,,"
"Bryan Mbeumo,,""$ 30,856"",""$ 1,604,502"",,""$ 1,604,502"",""$ 1,721,783"",Active,F,23,Cameroon,Brentford,,"
"Arnaut Danjuma,,""$ 30,856"",""$ 1,604,502"",,""$ 1,604,502"",""$ 1,721,783"",Loan,F,26,Netherlands,Tottenham,,"
"Fábio Vieira,,""$ 30,856"",""$ 1,604,502"",,""$ 1,604,502"",""$ 1,721,783"",Active,F,22,Portugal,Arsenal,,"
"Moussa Niakhaté,,""$ 30,856"",""$ 1,604,502"",,""$ 1,604,502"",""$ 1,721,783"",Active,D,26,Senegal,Nottingham Forest,,"
"André Ayew,,""$ 30,856"",""$ 1,604,502"",,""$ 1,604,502"",""$ 1,721,783"",Active,F,33,Ghana,Nottingham Forest,,"
"Matt Ritchie,,""$ 30,856"",""$ 1,604,502"",,""$ 1,604,502"",""$ 1,721,783"",Active,M,33,Scotland,Newcastle,,"
"Jamal Lewis,,""$ 30,856"",""$ 1,604,502"",,""$ 1,604,502"",""$ 1,721,783"",Active,D,25,Northern Ireland,Newcastle,,"
"Asmir Begovic,,""$ 30,856"",""$ 1,604,502"",,""$ 1,604,502"",""$ 1,721,783"",Active,K,35,Bosnia-Herzegovina,Everton,,"
"Ryan Fraser,,""$ 28,703"",""$ 1,492,560"",,""$ 1,492,560"",""$ 1,601,658"",Active,F,28,Scotland,Newcastle,,"
"Martin Dubravka,,""$ 27,268"",""$ 1,417,932"",,""$ 1,417,932"",""$ 1,521,576"",Active,K,34,Slovakia,Newcastle,,"
"Philip Billing,,""$ 27,268"",""$ 1,417,932"",,""$ 1,417,932"",""$ 1,521,576"",Active,M,26,Denmark,Bournemouth,,"
"Armando Broja,,""$ 27,268"",""$ 1,417,932"",,""$ 1,417,932"",""$ 1,521,576"",Active,F,21,Albania,Chelsea,,"
"Oliver Skipp,,""$ 27,268"",""$ 1,417,932"",,""$ 1,417,932"",""$ 1,521,576"",Active,M,22,England,Tottenham,,"
"Tosin Adarabioyo,,""$ 27,268"",""$ 1,417,932"",,""$ 1,417,932"",""$ 1,521,576"",Active,D,25,England,Fulham,,"
"Emerson,,""$ 27,268"",""$ 1,417,932"",,""$ 1,417,932"",""$ 1,521,576"",Active,D,24,Brazil,Tottenham,,"
"Andros Townsend,,""$ 27,268"",""$ 1,417,932"",,""$ 1,417,932"",""$ 1,521,576"",Active,F,31,England,Everton,,"
"Kamaldeen Sulemana,,""$ 27,268"",""$ 1,417,932"",,""$ 1,417,932"",""$ 1,521,576"",Active,F,20,Ghana,Southampton,,"
"Shane Duffy,,""$ 27,268"",""$ 1,417,932"",,""$ 1,417,932"",""$ 1,521,576"",Active,D,31,Ireland,Fulham,,"
"Duje Caleta-Car,,""$ 27,268"",""$ 1,417,932"",,""$ 1,417,932"",""$ 1,521,576"",Active,D,26,Croatia,Southampton,,"
"Emile Smith Rowe,,""$ 27,268"",""$ 1,417,932"",,""$ 1,417,932"",""$ 1,521,576"",Active,F,22,England,Arsenal,,"
"Willy Boly,,""$ 27,268"",""$ 1,417,932"",,""$ 1,417,932"",""$ 1,521,576"",Active,D,31,Cote d'Ivoire,Nottingham Forest,,"
"Harvey Elliott,,""$ 27,268"",""$ 1,417,932"",,""$ 1,417,932"",""$ 1,521,576"",Active,F,19,England,Liverpool,,"
"Remo Freuler,,""$ 27,268"",""$ 1,417,932"",,""$ 1,417,932"",""$ 1,521,576"",Active,M,30,Switzerland,Nottingham Forest,,"
"Jamaal Lascelles,,""$ 27,268"",""$ 1,417,932"",,""$ 1,417,932"",""$ 1,521,576"",Active,D,29,England,Newcastle,,"
"Gabriel Slonina,,""$ 27,268"",""$ 1,417,932"",,""$ 1,417,932"",""$ 1,521,576"",Active,K,18,United States,Chelsea,,"
"Sam Johnstone,,""$ 27,268"",""$ 1,417,932"",,""$ 1,417,932"",""$ 1,521,576"",Active,K,29,England,Crystal Palace,,"
"Harvey Barnes,,""$ 27,268"",""$ 1,417,932"",,""$ 1,417,932"",""$ 1,521,576"",Active,F,25,England,Leicester,,"
"Emmanuel Dennis,,""$ 27,268"",""$ 1,417,932"",,""$ 1,417,932"",""$ 1,521,576"",Active,F,25,Nigeria,Nottingham Forest,,"
"Carlos Vinícius,,""$ 27,268"",""$ 1,417,932"",,""$ 1,417,932"",""$ 1,521,576"",Active,F,27,Brazil,Fulham,,"
"Fábio Carvalho,,""$ 27,268"",""$ 1,417,932"",,""$ 1,417,932"",""$ 1,521,576"",Active,F,20,Portugal,Liverpool,,"
"William Saliba,,""$ 27,268"",""$ 1,417,932"",,""$ 1,417,932"",""$ 1,521,576"",Active,D,21,France,Arsenal,,"
"Rob Holding,,""$ 27,268"",""$ 1,417,932"",,""$ 1,417,932"",""$ 1,521,576"",Active,D,27,England,Arsenal,,"
"Joël Veltman,,""$ 27,268"",""$ 1,417,932"",,""$ 1,417,932"",""$ 1,521,576"",Active,D,31,Netherlands,Brighton,,"
"Robin Koch,,""$ 27,268"",""$ 1,417,932"",,""$ 1,417,932"",""$ 1,521,576"",Active,D,26,Germany,Leeds,,"
"Tyrick Mitchell,,""$ 27,268"",""$ 1,417,932"",,""$ 1,417,932"",""$ 1,521,576"",Active,D,23,England,Crystal Palace,,"
"Rasmus Kristensen,,""$ 27,268"",""$ 1,417,932"",,""$ 1,417,932"",""$ 1,521,576"",Active,D,25,Denmark,Leeds,,"
"Danny Ward,,""$ 27,268"",""$ 1,417,932"",,""$ 1,417,932"",""$ 1,521,576"",Active,K,29,Wales,Leicester,,"
"Harry Souttar,,""$ 27,268"",""$ 1,417,932"",,""$ 1,417,932"",""$ 1,521,576"",Active,D,24,Australia,Leicester,,"
"Stefan Bajcetic,,""$ 27,268"",""$ 1,417,932"",,""$ 1,417,932"",""$ 1,521,576"",Active,M,18,Spain,Liverpool,,"
"Lewis Cook,,""$ 27,268"",""$ 1,417,932"",,""$ 1,417,932"",""$ 1,521,576"",Active,M,25,England,Bournemouth,,"
"Fabian Schär,,""$ 27,268"",""$ 1,417,932"",,""$ 1,417,932"",""$ 1,521,576"",Active,D,31,Switzerland,Newcastle,,"
"Matías Viña,,""$ 26,072"",""$ 1,355,742"",,""$ 1,355,742"",""$ 1,454,840"",Loan,D,25,Uruguay,Bournemouth,,"
"Alex Telles,,""$ 25,594"",""$ 1,330,866"",,""$ 1,330,866"",""$ 1,428,145"",Inactive,D,30,Brazil,Manchester United,,"
"Vladimir Coufal,,""$ 23,919"",""$ 1,243,800"",,""$ 1,243,800"",""$ 1,334,715"",Active,D,30,Czech Republic,West Ham,,"
"Maximilian Wöber,,""$ 23,919"",""$ 1,243,800"",,""$ 1,243,800"",""$ 1,334,715"",Active,D,24,Austria,Leeds,,"
"Harry Wilson,,""$ 23,919"",""$ 1,243,800"",,""$ 1,243,800"",""$ 1,334,715"",Active,F,25,Wales,Fulham,,"
"Bobby Reid,,""$ 23,919"",""$ 1,243,800"",,""$ 1,243,800"",""$ 1,334,715"",Active,F,29,Jamaica,Fulham,,"
"Jack Butland,,""$ 23,919"",""$ 1,243,800"",,""$ 1,243,800"",""$ 1,334,715"",Loan,K,29,England,Manchester United,,"
"Will Hughes,,""$ 23,919"",""$ 1,243,800"",,""$ 1,243,800"",""$ 1,334,715"",Active,M,27,England,Crystal Palace,,"
"Jordan Ayew,,""$ 23,919"",""$ 1,243,800"",,""$ 1,243,800"",""$ 1,334,715"",Active,F,31,Ghana,Crystal Palace,,"
"Wout Weghorst,,""$ 23,919"",""$ 1,243,800"",,""$ 1,243,800"",""$ 1,334,715"",Loan,F,30,Netherlands,Manchester United,,"
"Joel Ward,,""$ 23,919"",""$ 1,243,800"",,""$ 1,243,800"",""$ 1,334,715"",Active,D,33,England,Crystal Palace,,"
"Marcus Bettinelli,,""$ 23,919"",""$ 1,243,800"",,""$ 1,243,800"",""$ 1,334,715"",Active,K,30,England,Chelsea,,"
"Jacob Murphy,,""$ 23,919"",""$ 1,243,800"",,""$ 1,243,800"",""$ 1,334,715"",Active,F,27,England,Newcastle,,"
"Javier Manquillo,,""$ 23,919"",""$ 1,243,800"",,""$ 1,243,800"",""$ 1,334,715"",Active,D,28,Spain,Newcastle,,"
"Tariq Lamptey,,""$ 23,919"",""$ 1,243,800"",,""$ 1,243,800"",""$ 1,334,715"",Active,D,22,Ghana,Brighton,,"
"Paul Dummett,,""$ 23,919"",""$ 1,243,800"",,""$ 1,243,800"",""$ 1,334,715"",Active,D,31,Wales,Newcastle,,"
"Matt Turner,,""$ 23,919"",""$ 1,243,800"",""$ 447,768"",""$ 1,691,568"",""$ 1,815,213"",Active,K,28,United States,Arsenal,,"
"Ainsley Maitland-Niles,,""$ 23,919"",""$ 1,243,800"",,""$ 1,243,800"",""$ 1,334,715"",Loan,M,25,England,Southampton,,"
"Lyanco,,""$ 23,919"",""$ 1,243,800"",,""$ 1,243,800"",""$ 1,334,715"",Active,D,26,Brazil,Southampton,,"
"Rico Henry,,""$ 23,919"",""$ 1,243,800"",,""$ 1,243,800"",""$ 1,334,715"",Active,D,25,England,Brentford,,"
"Kristoffer Ajer,,""$ 23,919"",""$ 1,243,800"",,""$ 1,243,800"",""$ 1,334,715"",Active,D,24,Norway,Brentford,,"
"Keane Lewis-Potter,,""$ 23,919"",""$ 1,243,800"",,""$ 1,243,800"",""$ 1,334,715"",Active,F,21,England,Brentford,,"
"Christian Nörgaard,,""$ 23,919"",""$ 1,243,800"",,""$ 1,243,800"",""$ 1,334,715"",Active,M,28,Denmark,Brentford,,"
"Ryan Fredericks,,""$ 23,919"",""$ 1,243,800"",,""$ 1,243,800"",""$ 1,334,715"",Active,D,30,England,Bournemouth,,"
"Marcus Tavernier,,""$ 23,919"",""$ 1,243,800"",,""$ 1,243,800"",""$ 1,334,715"",Active,M,24,England,Bournemouth,,"
"Junior Stanislas,,""$ 23,919"",""$ 1,243,800"",,""$ 1,243,800"",""$ 1,334,715"",Active,F,33,England,Bournemouth,,"
"Dango Ouattara,,""$ 23,919"",""$ 1,243,800"",,""$ 1,243,800"",""$ 1,334,715"",Active,F,20,Burkina Faso,Bournemouth,,"
"Chris Mepham,,""$ 23,919"",""$ 1,243,800"",,""$ 1,243,800"",""$ 1,334,715"",Active,D,25,Wales,Bournemouth,,"
"Adam Smith,,""$ 23,919"",""$ 1,243,800"",,""$ 1,243,800"",""$ 1,334,715"",Active,D,31,England,Bournemouth,,"
"Sasa Kalajdzic,,""$ 23,919"",""$ 1,243,800"",,""$ 1,243,800"",""$ 1,334,715"",Active,F,25,Austria,Wolverhampton,,"
"Álex Moreno,,""$ 23,919"",""$ 1,243,800"",,""$ 1,243,800"",""$ 1,334,715"",Active,D,29,Spain,Aston Villa,,"
"Jonny Otto,,""$ 23,919"",""$ 1,243,800"",,""$ 1,243,800"",""$ 1,334,715"",Active,D,28,Spain,Wolverhampton,,"
"Youri Tielemans,,""$ 23,919"",""$ 1,243,800"",,""$ 1,243,800"",""$ 1,334,715"",Active,M,25,Belgium,Leicester,,"
"Orel Mangala,,""$ 20,571"",""$ 1,069,668"",,""$ 1,069,668"",""$ 1,147,855"",Active,M,24,Belgium,Nottingham Forest,,"
"Ché Adams,,""$ 20,571"",""$ 1,069,668"",,""$ 1,069,668"",""$ 1,147,855"",Active,F,26,Scotland,Southampton,,"
"João Gomes,,""$ 20,571"",""$ 1,069,668"",,""$ 1,069,668"",""$ 1,147,855"",Active,M,21,Brazil,Wolverhampton,,"
"Neeskens Kebano,,""$ 20,571"",""$ 1,069,668"",,""$ 1,069,668"",""$ 1,147,855"",Active,F,30,Democratic Republic of the Congo,Fulham,,"
"Steve Cook,,""$ 20,571"",""$ 1,069,668"",,""$ 1,069,668"",""$ 1,147,855"",Active,D,31,England,Nottingham Forest,,"
"David Datro Fofana,,""$ 20,571"",""$ 1,069,668"",,""$ 1,069,668"",""$ 1,147,855"",Active,F,20,Cote d'Ivoire,Chelsea,,"
"Elliot Anderson,,""$ 20,571"",""$ 1,069,668"",,""$ 1,069,668"",""$ 1,147,855"",Active,F,20,Scotland,Newcastle,,"
"James Justin,,""$ 20,571"",""$ 1,069,668"",,""$ 1,069,668"",""$ 1,147,855"",Active,D,24,England,Leicester,,"
"Brennan Johnson,,""$ 20,571"",""$ 1,069,668"",,""$ 1,069,668"",""$ 1,147,855"",Active,F,21,Wales,Nottingham Forest,,"
"Hee-chan Hwang,,""$ 20,571"",""$ 1,069,668"",,""$ 1,069,668"",""$ 1,147,855"",Active,F,27,South Korea,Wolverhampton,,"
"James Garner,,""$ 20,571"",""$ 1,069,668"",,""$ 1,069,668"",""$ 1,147,855"",Active,M,21,England,Everton,,"
"Eberechi Eze,,""$ 20,571"",""$ 1,069,668"",,""$ 1,069,668"",""$ 1,147,855"",Active,F,24,England,Crystal Palace,,"
"Danilo,,""$ 20,571"",""$ 1,069,668"",,""$ 1,069,668"",""$ 1,147,855"",Active,M,21,Brazil,Nottingham Forest,,"
"Scott Carson,,""$ 20,571"",""$ 1,069,668"",,""$ 1,069,668"",""$ 1,147,855"",Active,K,37,England,Manchester City,,"
"Harrison Reed,,""$ 20,571"",""$ 1,069,668"",,""$ 1,069,668"",""$ 1,147,855"",Active,M,28,England,Fulham,,"
"Ezri Konsa,,""$ 20,571"",""$ 1,069,668"",,""$ 1,069,668"",""$ 1,147,855"",Active,D,25,England,Aston Villa,,"
"Jhon Durán,,""$ 20,571"",""$ 1,069,668"",,""$ 1,069,668"",""$ 1,147,855"",Active,F,19,Colombia,Aston Villa,,"
"Gustavo Scarpa,,""$ 20,571"",""$ 1,069,668"",,""$ 1,069,668"",""$ 1,147,855"",Active,F,29,Brazil,Nottingham Forest,,"
"Jack Stacey,,""$ 20,571"",""$ 1,069,668"",,""$ 1,069,668"",""$ 1,147,855"",Active,D,26,England,Bournemouth,,"
"Illan Meslier,,""$ 20,571"",""$ 1,069,668"",,""$ 1,069,668"",""$ 1,147,855"",Active,K,22,France,Leeds,,"
"Lloyd Kelly,,""$ 20,571"",""$ 1,069,668"",,""$ 1,069,668"",""$ 1,147,855"",Active,D,24,England,Bournemouth,,"
"Alex Smithies,,""$ 20,571"",""$ 1,069,668"",,""$ 1,069,668"",""$ 1,147,855"",Active,K,32,England,Leicester,,"
"Máximo Perrone,,""$ 20,571"",""$ 1,069,668"",,""$ 1,069,668"",""$ 1,147,855"",Active,M,20,Argentina,Manchester City,,"
"Ethan Pinnock,,""$ 20,571"",""$ 1,069,668"",,""$ 1,069,668"",""$ 1,147,855"",Active,D,29,Jamaica,Brentford,,"
"Mikkel Damsgaard,,""$ 20,571"",""$ 1,069,668"",,""$ 1,069,668"",""$ 1,147,855"",Active,F,22,Denmark,Brentford,,"
"Tom Cairney,,""$ 20,571"",""$ 1,069,668"",,""$ 1,069,668"",""$ 1,147,855"",Active,M,32,Scotland,Fulham,,"
"Sam Greenwood,,""$ 20,571"",""$ 1,069,668"",,""$ 1,069,668"",""$ 1,147,855"",Active,F,21,England,Leeds,,"
"Romain Perraud,,""$ 20,571"",""$ 1,069,668"",,""$ 1,069,668"",""$ 1,147,855"",Active,D,25,France,Southampton,,"
"Paul Onuachu,,""$ 20,571"",""$ 1,069,668"",,""$ 1,069,668"",""$ 1,147,855"",Active,F,28,Nigeria,Southampton,,"
"Tim Ream,,""$ 20,571"",""$ 1,069,668"",,""$ 1,069,668"",""$ 1,147,855"",Active,D,35,United States,Fulham,,"
"Vitaly Janelt,,""$ 20,571"",""$ 1,069,668"",,""$ 1,069,668"",""$ 1,147,855"",Active,M,24,Germany,Brentford,,"
"Omar Richards,,""$ 20,571"",""$ 1,069,668"",,""$ 1,069,668"",""$ 1,147,855"",Active,D,24,England,Nottingham Forest,,"
"Nathan Patterson,,""$ 19,135"",""$ 995,040"",,""$ 995,040"",""$ 1,067,772"",Active,D,21,Scotland,Everton,,"
"Darren Randolph,,""$ 17,222"",""$ 895,536"",,""$ 895,536"",""$ 960,995"",Active,K,35,Ireland,Bournemouth,,"
"Rúben Vinagre,,""$ 17,222"",""$ 895,536"",,""$ 895,536"",""$ 960,995"",Loan,D,23,Portugal,Everton,,"
"Tom Davies,,""$ 17,222"",""$ 895,536"",,""$ 895,536"",""$ 960,995"",Active,M,24,England,Everton,,"
"Antonee Robinson,,""$ 17,222"",""$ 895,536"",,""$ 895,536"",""$ 960,995"",Active,D,25,United States,Fulham,,"
"Ryan Yates,,""$ 17,222"",""$ 895,536"",,""$ 895,536"",""$ 960,995"",Active,M,25,England,Nottingham Forest,,"
"José Sá,,""$ 17,222"",""$ 895,536"",,""$ 895,536"",""$ 960,995"",Active,K,30,Portugal,Wolverhampton,,"
"Carlos Alcaraz,,""$ 17,222"",""$ 895,536"",,""$ 895,536"",""$ 960,995"",Active,M,20,Argentina,Southampton,,"
"Zanka,,""$ 17,222"",""$ 895,536"",,""$ 895,536"",""$ 960,995"",Active,D,33,Denmark,Brentford,,"
"Yoane Wissa,,""$ 17,222"",""$ 895,536"",,""$ 895,536"",""$ 960,995"",Active,F,26,Democratic Republic of the Congo,Brentford,,"
"Thomas Strakosha,,""$ 17,222"",""$ 895,536"",,""$ 895,536"",""$ 960,995"",Active,K,27,Albania,Brentford,,"
"Mohammed Salisu,,""$ 17,222"",""$ 895,536"",,""$ 895,536"",""$ 960,995"",Active,D,23,Ghana,Southampton,,"
"Roméo Lavia,,""$ 17,222"",""$ 895,536"",,""$ 895,536"",""$ 960,995"",Active,M,19,Belgium,Southampton,,"
"Sékou Mara,,""$ 17,222"",""$ 895,536"",,""$ 895,536"",""$ 960,995"",Active,F,20,France,Southampton,,"
"Pontus Jansson,,""$ 17,222"",""$ 895,536"",,""$ 895,536"",""$ 960,995"",Active,D,31,Sweden,Brentford,,"
"Frank Onyeka,,""$ 17,222"",""$ 895,536"",,""$ 895,536"",""$ 960,995"",Active,M,25,Nigeria,Brentford,,"
"David Raya,,""$ 17,222"",""$ 895,536"",,""$ 895,536"",""$ 960,995"",Active,K,27,Spain,Brentford,,"
"Japhet Tanganga,,""$ 17,222"",""$ 895,536"",,""$ 895,536"",""$ 960,995"",Active,D,23,England,Tottenham,,"
"Flynn Downes,,""$ 17,222"",""$ 895,536"",,""$ 895,536"",""$ 960,995"",Active,M,24,England,West Ham,,"
"Jaidon Anthony,,""$ 17,222"",""$ 895,536"",,""$ 895,536"",""$ 960,995"",Active,F,23,England,Bournemouth,,"
"Ilya Zabarnyi,,""$ 17,222"",""$ 895,536"",,""$ 895,536"",""$ 960,995"",Active,D,20,Ukraine,Bournemouth,,"
"Robert Sánchez,,""$ 17,222"",""$ 895,536"",,""$ 895,536"",""$ 960,995"",Active,K,25,Spain,Brighton,,"
"Victor Kristiansen,,""$ 17,222"",""$ 895,536"",,""$ 895,536"",""$ 960,995"",Active,D,20,Denmark,Leicester,,"
"Liam Cooper,,""$ 17,222"",""$ 895,536"",,""$ 895,536"",""$ 960,995"",Active,D,31,Scotland,Leeds,,"
"Luke Ayling,,""$ 17,222"",""$ 895,536"",,""$ 895,536"",""$ 960,995"",Active,D,31,England,Leeds,,"
"Nathan Ferguson,,""$ 17,222"",""$ 895,536"",,""$ 895,536"",""$ 960,995"",Active,D,22,England,Crystal Palace,,"
"Demarai Gray,,""$ 17,222"",""$ 895,536"",,""$ 895,536"",""$ 960,995"",Active,F,26,England,Everton,,"
"Dwight McNeil,,""$ 17,222"",""$ 895,536"",,""$ 895,536"",""$ 960,995"",Active,F,23,England,Everton,,"
"Mark Travers,,""$ 13,634"",""$ 708,966"",,""$ 708,966"",""$ 760,788"",Active,K,23,Ireland,Bournemouth,,"
"Harry Arter,,""$ 13,634"",""$ 708,966"",,""$ 708,966"",""$ 760,788"",Active,M,33,Ireland,Nottingham Forest,,"
"Jeremy Sarmiento,,""$ 13,634"",""$ 708,966"",,""$ 708,966"",""$ 760,788"",Active,F,21,Ecuador,Brighton,,"
"Billy Gilmour,,""$ 13,634"",""$ 708,966"",,""$ 708,966"",""$ 760,788"",Active,M,21,Scotland,Brighton,,"
"Gavin Bazunu,,""$ 13,634"",""$ 708,966"",,""$ 708,966"",""$ 760,788"",Active,K,20,Ireland,Southampton,,"
"Mads Roerslev Rasmussen,,""$ 13,634"",""$ 708,966"",,""$ 708,966"",""$ 760,788"",Active,D,23,Denmark,Brentford,,"
"Wilfried Gnonto,,""$ 13,634"",""$ 708,966"",,""$ 708,966"",""$ 760,788"",Active,F,19,Italy,Leeds,,"
"Lyle Taylor,,""$ 13,634"",""$ 708,966"",,""$ 708,966"",""$ 760,788"",Active,F,32,Montserrat,Nottingham Forest,,"
"Manor Solomon,,""$ 13,634"",""$ 708,966"",,""$ 708,966"",""$ 760,788"",Loan,F,23,Israel,Fulham,,"
"Joshua Da Silva,,""$ 13,634"",""$ 708,966"",,""$ 708,966"",""$ 760,788"",Active,M,24,England,Brentford,,"
"Ivan Toney,,""$ 13,634"",""$ 708,966"",,""$ 708,966"",""$ 760,788"",Active,F,26,England,Brentford,,"
"Evan Ferguson,,""$ 13,634"",""$ 708,966"",,""$ 708,966"",""$ 760,788"",Active,F,18,Ireland,Brighton,,"
"Deniz Undav,,""$ 13,634"",""$ 708,966"",,""$ 708,966"",""$ 760,788"",Active,F,26,Germany,Brighton,,"
"Adam Forshaw,,""$ 13,634"",""$ 708,966"",,""$ 708,966"",""$ 760,788"",Active,M,31,England,Leeds,,"
"Joel Robles,,""$ 13,634"",""$ 708,966"",,""$ 708,966"",""$ 760,788"",Active,K,32,Spain,Leeds,,"
"Scott McKenna,,""$ 13,634"",""$ 708,966"",,""$ 708,966"",""$ 760,788"",Active,D,26,Scotland,Nottingham Forest,,"
"Jason Steele,,""$ 13,634"",""$ 708,966"",,""$ 708,966"",""$ 760,788"",Active,K,32,England,Brighton,,"
"Kyle Walker-Peters,,""$ 13,634"",""$ 708,966"",,""$ 708,966"",""$ 760,788"",Active,D,25,England,Southampton,,"
"Ben Johnson,,""$ 13,634"",""$ 708,966"",,""$ 708,966"",""$ 760,788"",Active,D,23,England,West Ham,,"
"Daniel Amartey,,""$ 13,634"",""$ 708,966"",,""$ 708,966"",""$ 760,788"",Active,D,28,Ghana,Leicester,,"
"Nathan Collins,,""$ 13,634"",""$ 708,966"",,""$ 708,966"",""$ 760,788"",Active,D,21,Ireland,Wolverhampton,,"
"Kiernan Dewsbury-Hall,,""$ 13,634"",""$ 708,966"",,""$ 708,966"",""$ 760,788"",Active,M,24,England,Leicester,,"
"Daniel Iversen,,""$ 13,634"",""$ 708,966"",,""$ 708,966"",""$ 760,788"",Active,K,25,Denmark,Leicester,,"
"Cole Palmer,,""$ 13,634"",""$ 708,966"",,""$ 708,966"",""$ 760,788"",Active,F,20,England,Manchester City,,"
"Jed Steer,,""$ 13,634"",""$ 708,966"",,""$ 708,966"",""$ 760,788"",Active,K,30,England,Aston Villa,,"
"Antoine Semenyo,,""$ 13,634"",""$ 708,966"",,""$ 708,966"",""$ 760,788"",Active,F,23,Ghana,Bournemouth,,"
"Willy Caballero,,""$ 13,634"",""$ 708,966"",,""$ 708,966"",""$ 760,788"",Active,K,41,Argentina,Southampton,,"
"Facundo Pellistri,,""$ 13,634"",""$ 708,966"",,""$ 708,966"",""$ 760,788"",Active,F,21,Uruguay,Manchester United,,"
"Giulian Biancone,,""$ 13,634"",""$ 708,966"",,""$ 708,966"",""$ 760,788"",Active,D,22,France,Nottingham Forest,,"
"Naouirou Ahamada,,""$ 13,634"",""$ 708,966"",,""$ 708,966"",""$ 760,788"",Active,M,20,France,Crystal Palace,,"
"Lewis O'Brien,,""$ 10,285"",""$ 534,834"",,""$ 534,834"",""$ 573,928"",Active,M,24,England,Nottingham Forest,,"
"Saman Ghoddos,,""$ 10,285"",""$ 534,834"",,""$ 534,834"",""$ 573,928"",Active,F,29,Iran,Brentford,,"
"Harry Toffolo,,""$ 10,285"",""$ 534,834"",,""$ 534,834"",""$ 573,928"",Active,D,27,England,Nottingham Forest,,"
"Marek Rodak,,""$ 10,285"",""$ 534,834"",,""$ 534,834"",""$ 573,928"",Active,K,26,Slovakia,Fulham,,"
"Kieffer Moore,,""$ 10,285"",""$ 534,834"",,""$ 534,834"",""$ 573,928"",Active,F,30,Wales,Bournemouth,,"
"Armel Bella-Kotchap,,""$ 10,285"",""$ 534,834"",,""$ 534,834"",""$ 573,928"",Active,D,21,Germany,Southampton,,"
"Juan Larios,,""$ 10,285"",""$ 534,834"",,""$ 534,834"",""$ 573,928"",Active,D,19,Spain,Southampton,,"
"Max Kilman,,""$ 10,285"",""$ 534,834"",,""$ 534,834"",""$ 573,928"",Active,D,25,England,Wolverhampton,,"
"Ellis Simms,,""$ 10,285"",""$ 534,834"",,""$ 534,834"",""$ 573,928"",Active,F,22,England,Everton,,"
"Sam Surridge,,""$ 10,285"",""$ 534,834"",,""$ 534,834"",""$ 573,928"",Active,F,24,England,Nottingham Forest,,"
"Shandon Baptiste,,""$ 10,285"",""$ 534,834"",,""$ 534,834"",""$ 573,928"",Active,M,24,Grenada,Brentford,,"
"Facundo Buonanotte,,""$ 10,285"",""$ 534,834"",,""$ 534,834"",""$ 573,928"",Active,F,18,Argentina,Brighton,,"
"Wayne Hennessey,,""$ 10,285"",""$ 534,834"",,""$ 534,834"",""$ 573,928"",Active,K,36,Wales,Nottingham Forest,,"
"Samuel Edozie,,""$ 10,285"",""$ 534,834"",,""$ 534,834"",""$ 573,928"",Active,F,20,England,Southampton,,"
"Joe Worrall,,""$ 10,285"",""$ 534,834"",,""$ 534,834"",""$ 573,928"",Active,D,26,England,Nottingham Forest,,"
"Calvin Ramsay,,""$ 10,285"",""$ 534,834"",""$ 348,264"",""$ 883,098"",""$ 947,648"",Active,D,19,Scotland,Liverpool,,"
"Jack Colback,,""$ 10,285"",""$ 534,834"",,""$ 534,834"",""$ 573,928"",Active,M,33,England,Nottingham Forest,,"
"Curtis Jones,,""$ 10,285"",""$ 534,834"",,""$ 534,834"",""$ 573,928"",Active,M,22,England,Liverpool,,"
"Crysencio Summerville,,""$ 10,285"",""$ 534,834"",,""$ 534,834"",""$ 573,928"",Active,F,21,Netherlands,Leeds,,"
"Loris Karius,,""$ 6,937"",""$ 360,702"",,""$ 360,702"",""$ 387,067"",Active,K,29,Germany,Newcastle,,"
"Kaoru Mitoma,,""$ 6,937"",""$ 360,702"",,""$ 360,702"",""$ 387,067"",Active,F,25,Japan,Brighton,,"
"Andy Lonergan,,""$ 6,937"",""$ 360,702"",,""$ 360,702"",""$ 387,067"",Active,K,39,England,Everton,,"
"Harrison Ashby,,""$ 6,937"",""$ 360,702"",,""$ 360,702"",""$ 387,067"",Active,D,21,Scotland,Newcastle,,"
"Jakub Moder,,""$ 6,937"",""$ 360,702"",,""$ 360,702"",""$ 387,067"",Active,M,23,Poland,Brighton,,"
"Kevin Schade,,""$ 6,937"",""$ 360,702"",,""$ 360,702"",""$ 387,067"",Loan,F,21,Germany,Brentford,,"
"Caoimhín Kelleher,,""$ 6,937"",""$ 360,702"",,""$ 360,702"",""$ 387,067"",Active,K,24,Ireland,Liverpool,,"
"Pape Sarr,,""$ 6,937"",""$ 360,702"",,""$ 360,702"",""$ 387,067"",Active,M,20,Senegal,Tottenham,,"
"Rayan Aït-Nouri,,""$ 6,937"",""$ 360,702"",,""$ 360,702"",""$ 387,067"",Active,D,21,Algeria,Wolverhampton,,"
"Kristoffer Klaesson,,""$ 6,937"",""$ 360,702"",,""$ 360,702"",""$ 387,067"",Active,K,22,Norway,Leeds,,"
"Tom McGill,,""$ 6,937"",""$ 360,702"",,""$ 360,702"",""$ 387,067"",Active,K,23,Canada,Brighton,,"
"Luke Thomas,,""$ 6,937"",""$ 360,702"",,""$ 360,702"",""$ 387,067"",Active,D,21,England,Leicester,,"
"Mark Gillespie,,""$ 6,937"",""$ 360,702"",,""$ 360,702"",""$ 387,067"",Active,K,31,England,Newcastle,,"
"Chiquinho,,""$ 6,937"",""$ 360,702"",,""$ 360,702"",""$ 387,067"",Active,F,22,Portugal,Wolverhampton,,"
"Daniel Bentley,,""$ 6,937"",""$ 360,702"",,""$ 360,702"",""$ 387,067"",Active,K,29,England,Wolverhampton,,"
"Toti Gomes,,""$ 6,937"",""$ 360,702"",,""$ 360,702"",""$ 387,067"",Active,D,24,Portugal,Wolverhampton,,"
"Julio Enciso,,""$ 6,937"",""$ 360,702"",,""$ 360,702"",""$ 387,067"",Active,F,19,Paraguay,Brighton,,"
"Cafú,,""$ 6,937"",""$ 360,702"",,""$ 360,702"",""$ 387,067"",Active,M,29,Portugal,Nottingham Forest,,"
"James Bree,,""$ 6,937"",""$ 360,702"",,""$ 360,702"",""$ 387,067"",Active,D,25,England,Southampton,,"
"Rhys Williams,,""$ 6,937"",""$ 360,702"",,""$ 360,702"",""$ 387,067"",Active,D,21,England,Liverpool,,"
"Jordan Zemura,,""$ 5,501"",""$ 286,074"",,""$ 286,074"",""$ 306,985"",Active,D,23,Zimbabwe,Bournemouth,,"
"Joe Rothwell,,""$ 5,501"",""$ 286,074"",,""$ 286,074"",""$ 306,985"",Active,M,28,England,Bournemouth,,"
"Yasin Ayari,,""$ 5,501"",""$ 286,074"",,""$ 286,074"",""$ 306,985"",Active,M,19,Sweden,Brighton,,"
"Yerson Mosquera,,""$ 5,501"",""$ 286,074"",,""$ 286,074"",""$ 306,985"",Active,D,21,Colombia,Wolverhampton,,"
"Tino Livramento,,""$ 5,501"",""$ 286,074"",,""$ 286,074"",""$ 306,985"",Active,D,20,England,Southampton,,"
"Brandon Austin,,""$ 5,023"",""$ 261,198"",,""$ 261,198"",""$ 280,290"",Active,K,24,England,Tottenham,,"
"Alfie Whiteman,,""$ 5,023"",""$ 261,198"",,""$ 261,198"",""$ 280,290"",Active,K,24,England,Tottenham,,"
"Matthew Longstaff,,""$ 5,023"",""$ 261,198"",,""$ 261,198"",""$ 280,290"",Active,M,22,England,Newcastle,,"
"Lewis Hall,,""$ 4,784"",""$ 248,760"",,""$ 248,760"",""$ 266,943"",Active,D,18,England,Chelsea,,"
"Tyrese Francois,,""$ 4,784"",""$ 248,760"",,""$ 248,760"",""$ 266,943"",Active,M,22,Australia,Fulham,,"
"Rico Lewis,,""$ 3,349"",""$ 174,132"",,""$ 174,132"",""$ 186,860"",Active,D,18,England,Manchester City,,"
"Louie Moulden,,""$ 3,349"",""$ 174,132"",,""$ 174,132"",""$ 186,860"",Active,K,21,England,Wolverhampton,,"
"Levi Colwill,,""$ 3,349"",""$ 174,132"",,""$ 174,132"",""$ 186,860"",Loan,D,19,England,Brighton,,"
"Joe Hodge,,""$ 3,349"",""$ 174,132"",,""$ 174,132"",""$ 186,860"",Active,M,20,Ireland,Wolverhampton,,"
"Jan Paul van Hecke,,""$ 3,349"",""$ 174,132"",,""$ 174,132"",""$ 186,860"",Active,D,22,Netherlands,Brighton,,"
"Fin Stevens,,""$ 3,349"",""$ 174,132"",,""$ 174,132"",""$ 186,860"",Active,D,19,Wales,Brentford,,"
"Anthony Elanga,,""$ 3,349"",""$ 174,132"",,""$ 174,132"",""$ 186,860"",Active,F,20,Sweden,Manchester United,,"
"Hugo Bueno,,""$ 3,349"",""$ 174,132"",,""$ 174,132"",""$ 186,860"",Active,D,20,Spain,Wolverhampton,,"
"Alex Mighten,,""$ 2,392"",""$ 124,380"",,""$ 124,380"",""$ 133,472"",Active,F,20,England,Nottingham Forest,,"
"Jordan Smith,,""$ 1,674"",""$ 87,066"",,""$ 87,066"",""$ 93,430"",Active,K,28,England,Nottingham Forest,,"
Sergio Reguilón,,,,,,,Inactive,D,25,Spain,Tottenham,,
