Player,Player.1,Apps,Mins,Goals,Assists,Yel,Red,SpG,PS%,AerialsWon,MotM,Rating
"1Mohamed SalahLiverpool, 33, AM(CLR),FW","Mohamed Salah Liverpool, 33, AM(CLR),FW",38,3380,29,18,1,-,3.4,73.9,0.2,10,7.61
"2Bukayo SakaArsenal, 24, D(L),M(CLR)","Bukayo Saka Arsenal, 24, D(L),M(CLR)",20(5),1737,6,10,3,-,2.7,84.3,0.4,6,7.37
"3Cole PalmerChelsea, 23, AM(CLR),FW","Cole Palmer Chelsea, 23, AM(CLR),FW",36(1),3199,15,8,7,-,3.4,83.1,0.1,6,7.33
"4Bryan MbeumoBrentford, 26, AM(CLR),FW","Bryan Mbeumo Brentford, 26, AM(CLR),FW",38,3417,20,7,3,-,2.2,73.9,0.9,6,7.33
"5Erling HaalandMan City, 25, FW","Erling Haaland Man City, 25, FW",31,2742,22,3,2,-,3.5,67.5,1.8,6,7.32
"6Matheus CunhaWolves, 26, AM(CL),FW","Matheus Cunha Wolves, 26, AM(CL),FW",29(4),2604,15,6,4,-,3.3,79.3,0.4,9,7.32
"7Alexander IsakNewcastle, 26, AM(L),FW","Alexander Isak Newcastle, 26, AM(L),FW",34,2774,23,6,1,-,2.9,77.1,0.8,5,7.3
"8Luis DíazLiverpool, 29, AM(LR),FW","Luis Díaz Liverpool, 29, AM(LR),FW",28(8),2413,13,5,2,-,2,86.1,0.4,5,7.21
"9Bruno FernandesMan Utd, 31, M(CLR),FW","Bruno Fernandes Man Utd, 31, M(CLR),FW",35(1),3024,8,10,3,2,2.7,81.5,0.6,5,7.2
"10Mark TraversBournemouth, 26, GK","Mark Travers Bournemouth, 26, GK",5,450,-,-,-,-,-,62.8,0.2,1,7.2
"11Antoine SemenyoBournemouth, 26, AM(CLR),FW","Antoine Semenyo Bournemouth, 26, AM(CLR),FW",36(1),3210,11,5,9,-,3.4,78.2,1.8,5,7.2
"12Amad DialloMan Utd, 23, M(CR)","Amad Diallo Man Utd, 23, M(CR)",20(6),1903,8,6,5,-,1.8,85.9,0.4,3,7.17
"13Jarrod BowenWest Ham, 29, AM(CLR),FW","Jarrod Bowen West Ham, 29, AM(CLR),FW",34,2980,13,8,1,-,2.6,79.1,0.4,5,7.15
"14Omar MarmoushMan City, 27, AM(CL),FW","Omar Marmoush Man City, 27, AM(CL),FW",14(2),1183,7,-,-,-,3.1,84.3,0.3,1,7.13
"15Brandon AustinTottenham, 27, GK","Brandon Austin Tottenham, 27, GK",1,90,-,-,-,-,-,66.7,4,-,7.11
"16Daniel MuñozCrystal Palace, 29, D(CR),DMC,M(R)","Daniel Muñoz Crystal Palace, 29, D(CR),DMC,M(R)",37,3233,4,5,10,-,1,75.1,1.6,2,7.11
"17Jérémy DokuMan City, 23, M(CLR)","Jérémy Doku Man City, 23, M(CLR)",16(13),1515,3,6,1,-,1,84.4,-,3,7.11
"18Antonín KinskyTottenham, 23, GK","Antonín Kinsky Tottenham, 23, GK",6,540,-,-,-,-,-,72.6,0.3,-,7.1
"19James TarkowskiEverton, 33, D(C)","James Tarkowski Everton, 33, D(C)",33,2924,1,1,6,-,0.5,81.6,3.1,2,7.09
"20Declan RiceArsenal, 27, D(C),DMC","Declan Rice Arsenal, 27, D(C),DMC",33(2),2833,4,7,5,1,1.4,89.8,1.1,3,7.09
"21Eberechi EzeCrystal Palace, 27, AM(CLR)","Eberechi Eze Crystal Palace, 27, AM(CLR)",31(3),2604,8,8,1,-,3,81.5,0.2,3,7.09
"22Alexis Mac AllisterLiverpool, 27, M(CL),FW","Alexis Mac Allister Liverpool, 27, M(CL),FW",30(5),2608,5,5,6,-,1.1,87.2,0.5,1,7.08
"23Youri TielemansAston Villa, 28, M(C)","Youri Tielemans Aston Villa, 28, M(C)",35(1),3033,3,7,4,-,1.1,86.0,0.7,4,7.08
"24Virgil van DijkLiverpool, 34, D(C)","Virgil van Dijk Liverpool, 34, D(C)",37,3330,3,1,5,-,0.7,91.7,3.2,2,7.07
"25Aaron Wan-BissakaWest Ham, 28, D(LR),M(R)","Aaron Wan-Bissaka West Ham, 28, D(LR),M(R)",35(1),3155,2,5,1,-,0.4,82.8,0.6,4,7.07
"26Antonee RobinsonFulham, 28, D(L),M(L)","Antonee Robinson Fulham, 28, D(L),M(L)",35(1),3167,-,10,8,-,0.4,81.0,1.4,4,7.07
"27Trent Alexander-ArnoldLiverpool, 27, D(R),DMC,M(R)","Trent Alexander-Arnold Liverpool, 27, D(R),DMC,M(R)",28(5),2378,3,6,5,-,1.4,77.7,0.1,1,7.06
"28NetoBournemouth, 36, GK","Neto Bournemouth, 36, GK",2,180,-,-,-,-,-,61.1,-,-,7.03
"29Moisés CaicedoChelsea, 24, D(R),DMC","Moisés Caicedo Chelsea, 24, D(R),DMC",38,3356,1,2,11,-,0.5,90.2,0.9,-,7.02
"30Mikkel DamsgaardBrentford, 25, AM(CL)","Mikkel Damsgaard Brentford, 25, AM(CL)",34(4),2930,2,10,2,-,0.9,77.6,0.3,2,7.01
"31MurilloNottingham Forest, 23, D(C)","Murillo Nottingham Forest, 23, D(C)",36,3191,2,-,6,-,0.7,79.5,1.2,4,7.01
"32Jacob MurphyNewcastle, 31, D(R),M(LR)","Jacob Murphy Newcastle, 31, D(R),M(LR)",31(4),2380,8,12,4,-,1.2,75.5,0.1,3,7.01
"33Yoane WissaBrentford, 29, AM(L),FW","Yoane Wissa Brentford, 29, AM(L),FW",34(1),2930,19,4,5,-,2.6,79.6,0.9,1,7.0
"34Son Heung-MinTottenham, 33, M(CLR),FW","Son Heung-Min Tottenham, 33, M(CLR),FW",24(6),2118,7,9,1,-,1.9,84.0,0.2,3,7.0
"35Josko GvardiolMan City, 24, D(CL)","Josko Gvardiol Man City, 24, D(CL)",36(1),3280,5,-,2,-,1.1,91.4,1.5,2,7.0
"36Morgan Gibbs-WhiteNottingham Forest, 26, AM(CLR),FW","Morgan Gibbs-White Nottingham Forest, 26, AM(CLR),FW",34,2825,7,8,9,1,1.8,80.7,1.2,4,7.0
"37Kai HavertzArsenal, 26, M(CR),FW","Kai Havertz Arsenal, 26, M(CR),FW",21(2),1875,9,3,5,-,2.3,79.8,2.8,1,7.0
"38Mark FlekkenBrentford, 32, GK","Mark Flekken Brentford, 32, GK",37,3276,-,2,1,-,-,71.8,0.1,2,6.99
"39Iliman NdiayeEverton, 26, AM(CLR),FW","Iliman Ndiaye Everton, 26, AM(CLR),FW",29(4),2441,9,-,3,-,1.1,84.9,0.2,2,6.99
"40James MaddisonTottenham, 29, AM(CLR)","James Maddison Tottenham, 29, AM(CLR)",21(10),1818,9,7,6,-,1.3,86.7,0.2,2,6.98
"41Elliot AndersonNottingham Forest, 23, M(CL)","Elliot Anderson Nottingham Forest, 23, M(CL)",33(4),2744,2,6,10,-,1.1,82.3,1.5,3,6.98
"42Bruno GuimarãesNewcastle, 28, DMC","Bruno Guimarães Newcastle, 28, DMC",38,3286,5,6,7,-,1.2,83.7,0.5,-,6.98
"43Kevin De BruyneMan City, 34, M(CLR),FW","Kevin De Bruyne Man City, 34, M(CLR),FW",19(9),1707,4,7,2,-,2.0,83.0,0.2,2,6.97
"44Mateo KovacicMan City, 31, M(CL)","Mateo Kovacic Man City, 31, M(CL)",25(6),2205,6,2,5,1,1.5,92.8,0.3,2,6.97
"45Chris WoodNottingham Forest, 34, FW","Chris Wood Nottingham Forest, 34, FW",35(1),2978,20,3,1,-,1.9,64.9,2.6,2,6.96
"46Abdul FatawuLeicester, 22, AM(LR)","Abdul Fatawu Leicester, 22, AM(LR)",6(5),577,-,2,-,-,1.2,68.4,1.3,1,6.96
"47Pedro PorroTottenham, 26, D(R),M(R)","Pedro Porro Tottenham, 26, D(R),M(R)",28(5),2609,2,6,5,-,1.2,76.0,0.4,2,6.95
"48Christian NørgaardBrentford, 32, D(C),DMC","Christian Nørgaard Brentford, 32, D(C),DMC",34,2831,5,4,8,1,1.1,82.7,1.5,1,6.95
"49Rayan Aït-NouriWolves, 24, D(L),M(L)","Rayan Aït-Nouri Wolves, 24, D(L),M(L)",37,3129,4,7,5,1,1.0,86.7,0.6,2,6.95
"50Enzo FernándezChelsea, 25, M(C)","Enzo Fernández Chelsea, 25, M(C)",32(4),2948,6,7,8,-,1.5,83.7,0.4,1,6.95
"51Ryan GravenberchLiverpool, 23, DMC","Ryan Gravenberch Liverpool, 23, DMC",37,3169,-,4,6,1,0.5,89.5,0.7,1,6.94
"52Alex IwobiFulham, 29, D(R),M(CLR)","Alex Iwobi Fulham, 29, D(R),M(CLR)",35(3),2999,9,6,1,-,1.8,80.0,0.2,6,6.94
"53Dango OuattaraBournemouth, 24, D(L),M(LR),FW","Dango Ouattara Bournemouth, 24, D(L),M(LR),FW",21(11),2009,7,4,3,-,1.9,65.9,1.4,1,6.94
"54Lewis HallNewcastle, 21, D(L),M(L)","Lewis Hall Newcastle, 21, D(L),M(L)",24(3),2193,-,4,3,-,0.4,85.4,1.1,2,6.93
"55Nathan CollinsBrentford, 24, D(CR)","Nathan Collins Brentford, 24, D(CR)",38,3420,2,3,5,-,0.4,86.3,3.1,1,6.93
"56Nikola MilenkovicNottingham Forest, 28, D(CR)","Nikola Milenkovic Nottingham Forest, 28, D(CR)",37,3330,5,2,4,-,0.8,82.8,2.7,2,6.93
"57Dean HuijsenBournemouth, 21, D(C)","Dean Huijsen Bournemouth, 21, D(C)",26(6),2422,3,2,10,-,0.6,84.2,2.1,2,6.93
"58JoelintonNewcastle, 29, AM(CLR),FW","Joelinton Newcastle, 29, AM(CLR),FW",29,2405,4,3,10,-,1.6,83.8,2.0,3,6.93
"59Thomas ParteyArsenal, 32, D(R),M(CR)","Thomas Partey Arsenal, 32, D(R),M(CR)",31(4),2799,4,2,4,-,0.7,88.6,0.8,1,6.93
"60Morgan RogersAston Villa, 23, AM(CLR),FW","Morgan Rogers Aston Villa, 23, AM(CLR),FW",37,3131,8,10,10,-,1.5,75.3,0.4,3,6.92
"61Kaoru MitomaBrighton, 28, M(L)","Kaoru Mitoma Brighton, 28, M(L)",28(8),2612,10,4,1,-,1.6,80.8,0.8,1,6.92
"62Ryan ChristieBournemouth, 31, M(CLR),FW","Ryan Christie Bournemouth, 31, M(CLR),FW",27(2),2131,2,3,9,-,1.1,82.1,0.8,3,6.92
"63Trevoh ChalobahCrystal Palace, 26, D(CR),DMC","Trevoh Chalobah Crystal Palace, 26, D(CR),DMC",12,1063,3,-,1,-,0.9,79.8,1.8,-,6.92
"64Jason SteeleBrighton, 35, GK","Jason Steele Brighton, 35, GK",2,180,-,-,-,-,-,89.5,0.5,-,6.92
"65SavinhoMan City, 22, AM(CLR)","Savinho Man City, 22, AM(CLR)",21(8),1773,1,8,3,-,1.9,87.3,-,3,6.91
"66Bernardo SilvaMan City, 31, M(CLR),FW","Bernardo Silva Man City, 31, M(CLR),FW",29(4),2668,4,4,7,-,1,89.0,0.2,2,6.91
"67Gabriel MagalhãesArsenal, 28, D(C)","Gabriel Magalhães Arsenal, 28, D(C)",28,2366,3,1,4,-,0.8,90.7,2,-,6.91
"68Dwight McNeilEverton, 26, M(CLR)","Dwight McNeil Everton, 26, M(CLR)",15(6),1371,4,6,1,-,1.2,82.6,0.1,-,6.91
"69Martin ØdegaardArsenal, 27, AM(CR)","Martin Ødegaard Arsenal, 27, AM(CR)",26(4),2332,3,8,4,-,1.6,86.9,0.3,1,6.9
"70Mohammed KudusWest Ham, 25, M(CLR),FW","Mohammed Kudus West Ham, 25, M(CLR),FW",31(1),2604,5,3,2,1,2.3,89.9,0.3,1,6.89
"71João PedroBrighton, 24, AM(CL),FW","João Pedro Brighton, 24, AM(CL),FW",23(4),1955,10,6,4,1,1.7,74.6,1.6,4,6.89
"72Dominik SzoboszlaiLiverpool, 25, D(R),M(CLR),FW","Dominik Szoboszlai Liverpool, 25, D(R),M(CLR),FW",29(7),2496,6,6,6,-,1.9,85.8,0.5,2,6.89
"73Kevin SchadeBrentford, 24, AM(LR),FW","Kevin Schade Brentford, 24, AM(LR),FW",26(12),2301,11,2,3,-,1.4,64.3,2.4,3,6.89
"74Maxence LacroixCrystal Palace, 26, D(C)","Maxence Lacroix Crystal Palace, 26, D(C)",35,3119,1,1,5,-,0.9,81.9,1.7,2,6.88
"75Carlos BalebaBrighton, 22, DMC","Carlos Baleba Brighton, 22, DMC",31(3),2674,3,1,6,1,1.3,87.9,1.1,1,6.88
"76Emmanuel AgbadouWolves, 28, D(CR),DMC","Emmanuel Agbadou Wolves, 28, D(CR),DMC",16,1411,1,-,3,-,0.4,85.8,1.6,1,6.88
"77Neco WilliamsNottingham Forest, 25, D(LR),M(LR)","Neco Williams Nottingham Forest, 25, D(LR),M(LR)",28(7),2592,1,3,7,-,1.1,81.4,1.1,1,6.88
"78Nicolas JacksonChelsea, 24, FW","Nicolas Jackson Chelsea, 24, FW",28(2),2241,10,5,7,1,2.5,76.7,0.7,2,6.88
"79Pervis EstupiñánBrighton, 28, D(L),M(L)","Pervis Estupiñán Brighton, 28, D(L),M(L)",26(4),2403,1,1,5,-,0.9,88.3,1.5,1,6.86
"80Callum Hudson-OdoiNottingham Forest, 25, M(CLR),FW","Callum Hudson-Odoi Nottingham Forest, 25, M(CLR),FW",25(6),2205,5,2,2,-,1.2,88.6,0.1,1,6.86
"81Justin KluivertBournemouth, 26, AM(CLR),FW","Justin Kluivert Bournemouth, 26, AM(CLR),FW",29(5),2360,12,6,8,-,1.9,81.0,0.2,2,6.86
"82Lisandro MartínezMan Utd, 28, D(CL),DMC","Lisandro Martínez Man Utd, 28, D(CL),DMC",20,1754,2,1,7,-,0.9,90.0,0.8,1,6.86
"83Leandro TrossardArsenal, 31, M(CLR),FW","Leandro Trossard Arsenal, 31, M(CLR),FW",28(10),2560,8,7,2,1,1.9,80.5,0.2,3,6.86
"84Cody GakpoLiverpool, 26, AM(CLR),FW","Cody Gakpo Liverpool, 26, AM(CLR),FW",23(12),1939,10,4,5,-,1.6,83.7,0.5,2,6.86
"85Wilfred NdidiLeicester, 29, D(C),M(C)","Wilfred Ndidi Leicester, 29, D(C),M(C)",28,2337,-,5,8,-,0.8,82.4,2.2,1,6.85
"86Jordan PickfordEverton, 32, GK","Jordan Pickford Everton, 32, GK",38,3420,-,1,7,-,-,63.1,0.2,4,6.85
"87Martin DúbravkaNewcastle, 37, GK","Martin Dúbravka Newcastle, 37, GK",10,900,-,-,-,-,-,75.9,0.4,-,6.85
"88CasemiroMan Utd, 34, D(C),DMC","Casemiro Man Utd, 34, D(C),DMC",18(6),1499,1,-,5,-,1.3,80.2,1.6,2,6.84
"89Dominic SolankeTottenham, 28, FW","Dominic Solanke Tottenham, 28, FW",25(2),2205,9,3,-,-,2.2,71.4,1.7,1,6.84
"90Marcus TavernierBournemouth, 27, M(CLR)","Marcus Tavernier Bournemouth, 27, M(CLR)",20(9),1940,3,5,6,-,2,80.3,0.9,-,6.84
"91Ibrahima KonatéLiverpool, 26, D(C)","Ibrahima Konaté Liverpool, 26, D(C)",30(1),2567,1,2,5,-,0.6,90.3,2.4,-,6.84
"92Yankuba MintehBrighton, 21, AM(LR)","Yankuba Minteh Brighton, 21, AM(LR)",20(12),1846,6,4,6,-,1.1,68.7,0.6,3,6.84
"93Tomás SoucekWest Ham, 31, M(C)","Tomás Soucek West Ham, 31, M(C)",30(5),2573,9,1,8,-,1.6,74.8,2.9,3,6.84
"94Anthony GordonNewcastle, 25, AM(CLR),FW","Anthony Gordon Newcastle, 25, AM(CLR),FW",28(6),2447,6,5,2,-,1.7,81.0,0.2,1,6.84
"95Dan BurnNewcastle, 33, D(CL),M(L)","Dan Burn Newcastle, 33, D(CL),M(L)",37,3330,1,1,11,-,0.6,88.6,4.0,-,6.84
"96Vitalii MykolenkoEverton, 26, D(CL),M(L)","Vitalii Mykolenko Everton, 26, D(CL),M(L)",35,3084,1,2,4,-,0.4,78.6,1.4,1,6.83
"97Dejan KulusevskiTottenham, 26, AM(CR),FW","Dejan Kulusevski Tottenham, 26, AM(CR),FW",27(5),2392,7,4,3,-,1.5,81.2,0.3,1,6.83
"98Diogo DalotMan Utd, 27, D(LR),M(LR)","Diogo Dalot Man Utd, 27, D(LR),M(LR)",31(2),2814,-,3,5,-,0.8,83.8,1.2,-,6.83
"99Sandro TonaliNewcastle, 25, DMC","Sandro Tonali Newcastle, 25, DMC",28(8),2632,4,2,5,-,1.0,85.9,0.3,2,6.83
"100Gabriel MartinelliArsenal, 24, AM(LR),FW","Gabriel Martinelli Arsenal, 24, AM(LR),FW",25(8),2302,8,4,1,-,1.7,79.0,0.5,1,6.83
"101Noni MaduekeChelsea, 24, AM(LR),FW","Noni Madueke Chelsea, 24, AM(LR),FW",27(5),2049,7,3,3,-,2.5,83.6,0.3,2,6.82
"102Idrissa GueyeEverton, 36, M(C)","Idrissa Gueye Everton, 36, M(C)",35(2),3070,-,3,9,-,0.7,87.1,0.7,1,6.82
"103Mario LeminaWolves, 32, D(C),M(C)","Mario Lemina Wolves, 32, D(C),M(C)",15(2),1365,1,3,4,-,1.1,81.3,1.5,2,6.82
"104Raúl JiménezFulham, 34, FW","Raúl Jiménez Fulham, 34, FW",30(8),2506,12,3,4,-,2.5,73.0,2.4,3,6.82
"105Kenny TeteFulham, 30, D(CR),M(R)","Kenny Tete Fulham, 30, D(CR),M(R)",21(1),1779,-,2,5,-,1.1,82.9,1.2,1,6.82
"106Marcus RashfordAston Villa, 28, AM(CLR),FW","Marcus Rashford Aston Villa, 28, AM(CLR),FW",4(6),443,2,2,-,-,1.9,82.1,0.1,1,6.82
"107William SalibaArsenal, 25, D(C)","William Saliba Arsenal, 25, D(C)",35,3042,2,-,2,1,0.2,94.6,1.8,2,6.82
"108Tyrone MingsAston Villa, 33, D(CL)","Tyrone Mings Aston Villa, 33, D(CL)",12(2),1121,-,-,1,-,0.6,88.3,2.0,-,6.81
"109Julio EncisoIpswich, 22, AM(CL),FW","Julio Enciso Ipswich, 22, AM(CL),FW",12(1),878,2,3,3,-,2.5,73.7,0.6,1,6.81
"110Anthony ElangaNottingham Forest, 23, AM(CLR),FW","Anthony Elanga Nottingham Forest, 23, AM(CLR),FW",31(7),2512,6,11,1,-,1.2,77.7,0.6,1,6.81
"111Marc GuéhiCrystal Palace, 25, D(C)","Marc Guéhi Crystal Palace, 25, D(C)",34,3060,3,2,7,1,0.4,84.1,2.0,2,6.81
"112Alisson BeckerLiverpool, 33, GK","Alisson Becker Liverpool, 33, GK",28,2509,-,-,-,-,-,80.7,0.3,-,6.8
"113Jean-Philippe MatetaCrystal Palace, 28, FW","Jean-Philippe Mateta Crystal Palace, 28, FW",33(4),2659,14,2,2,-,1.9,68.1,1.7,3,6.8
"114Cristian RomeroTottenham, 27, D(C)","Cristian Romero Tottenham, 27, D(C)",18,1421,1,-,3,-,0.9,89.7,2.3,-,6.8
"115Mikel MerinoArsenal, 29, M(C),FW","Mikel Merino Arsenal, 29, M(C),FW",17(11),1582,7,2,2,1,1.4,79.9,2.1,3,6.8
"116Danny WelbeckBrighton, 35, AM(CLR),FW","Danny Welbeck Brighton, 35, AM(CLR),FW",24(6),2123,10,4,5,-,2,85.6,0.6,3,6.8
"117Ollie WatkinsAston Villa, 30, AM(LR),FW","Ollie Watkins Aston Villa, 30, AM(LR),FW",31(7),2612,16,8,2,-,2.2,74.2,1.4,3,6.8
"118Nick PopeNewcastle, 34, GK","Nick Pope Newcastle, 34, GK",28,2520,-,-,2,-,-,65.3,0.5,1,6.8
"119Joachim AndersenFulham, 29, D(C)","Joachim Andersen Fulham, 29, D(C)",29,2573,-,-,6,1,0.7,83.3,2.6,1,6.79
"120Matz SelsNottingham Forest, 34, GK","Matz Sels Nottingham Forest, 34, GK",38,3420,-,-,4,-,-,48.6,0.4,1,6.79
"121Fabian SchärNewcastle, 34, D(C)","Fabian Schär Newcastle, 34, D(C)",33(1),2938,4,-,9,1,1.2,84.5,1.7,-,6.79
"122Jarrad BranthwaiteEverton, 23, D(C)","Jarrad Branthwaite Everton, 23, D(C)",28(2),2510,-,1,4,-,0.3,82.9,2.1,-,6.79
"123Nico O'ReillyMan City, 21, D(L),DMC","Nico O'Reilly Man City, 21, D(L),DMC",6(3),527,2,-,-,-,0.9,87.7,0.7,1,6.79
"124Lewis CookBournemouth, 29, D(R),M(CL)","Lewis Cook Bournemouth, 29, D(R),M(CL)",32(4),2978,1,3,8,1,0.4,81.9,1.1,-,6.78
"125Illia ZabarnyiBournemouth, 23, D(C)","Illia Zabarnyi Bournemouth, 23, D(C)",35(1),3113,-,1,4,1,0.3,82.5,2.1,2,6.78
"126EvanilsonBournemouth, 26, FW","Evanilson Bournemouth, 26, FW",28(3),2337,10,1,1,1,2.4,71.6,1.4,2,6.78
"127Ismaïla SarrCrystal Palace, 28, AM(CLR),FW","Ismaïla Sarr Crystal Palace, 28, AM(CLR),FW",30(8),2721,8,6,4,-,1.6,70.0,1.0,3,6.78
"128Jurriën TimberArsenal, 24, D(CLR)","Jurriën Timber Arsenal, 24, D(CLR)",27(3),2423,1,3,7,-,0.5,87.9,0.7,1,6.78
"129Noussair MazraouiMan Utd, 28, D(CLR),M(R)","Noussair Mazraoui Man Utd, 28, D(CLR),M(R)",34(3),2850,-,1,3,-,0.4,86.1,1.4,1,6.78
"130Ethan PinnockBrentford, 32, D(C)","Ethan Pinnock Brentford, 32, D(C)",21(1),1914,2,-,2,-,0.5,87.6,2.9,-,6.78
"131Milos KerkezBournemouth, 22, D(L),M(L)","Milos Kerkez Bournemouth, 22, D(L),M(L)",38,3341,2,5,4,-,0.5,80.4,0.7,1,6.77
"132Sven BotmanNewcastle, 26, D(C)","Sven Botman Newcastle, 26, D(C)",6(2),416,-,-,1,-,0.6,89.4,2.1,-,6.77
"133Brennan JohnsonTottenham, 24, M(CLR),FW","Brennan Johnson Tottenham, 24, M(CLR),FW",24(9),2181,11,3,5,-,1.6,75.8,0.2,2,6.76
"134Lucas DigneAston Villa, 32, D(CL),M(L)","Lucas Digne Aston Villa, 32, D(CL),M(L)",28(4),2362,-,4,4,-,0.4,82.8,1.2,1,6.76
"135Pedro NetoChelsea, 26, AM(CLR),FW","Pedro Neto Chelsea, 26, AM(CLR),FW",24(11),2270,4,6,8,-,1.7,88.6,0.3,3,6.76
"136Ola AinaNottingham Forest, 29, D(CLR),M(LR)","Ola Aina Nottingham Forest, 29, D(CLR),M(LR)",35,3003,2,1,5,-,0.3,80.0,0.4,3,6.76
"137Tyrick MitchellCrystal Palace, 26, D(L),M(L)","Tyrick Mitchell Crystal Palace, 26, D(L),M(L)",37,3102,-,5,2,-,0.3,73.6,0.5,1,6.76
"138Jørgen Strand LarsenWolves, 26, FW","Jørgen Strand Larsen Wolves, 26, FW",30(5),2603,14,4,4,-,1.5,65.2,1.9,2,6.75
"139Charly AlcarazEverton, 23, M(CLR),FW","Charly Alcaraz Everton, 23, M(CLR),FW",7(8),763,2,3,4,-,1.7,82.7,0.9,-,6.75
"140James Ward-ProwseWest Ham, 31, M(CR)","James Ward-Prowse West Ham, 31, M(CR)",12(3),1043,1,1,2,-,0.9,92.8,0.7,-,6.75
"141Phil FodenMan City, 25, AM(CLR),FW","Phil Foden Man City, 25, AM(CLR),FW",20(8),1779,7,2,2,-,1.9,88.6,0.1,1,6.75
"142Toti GomesWolves, 27, D(CL)","Toti Gomes Wolves, 27, D(CL)",30(1),2616,-,1,7,-,0.2,86.5,1.7,-,6.74
"143Levi ColwillChelsea, 23, D(CL)","Levi Colwill Chelsea, 23, D(CL)",35,3150,2,1,9,-,0.5,89.7,2.4,1,6.74
"144Jake O'BrienEverton, 24, D(CR)","Jake O'Brien Everton, 24, D(CR)",17(3),1569,2,-,5,-,0.3,81.3,2.1,1,6.74
"145Marco AsensioAston Villa, 30, AM(CLR),FW","Marco Asensio Aston Villa, 30, AM(CLR),FW",9(4),749,3,1,2,-,1.8,86.4,-,1,6.74
"146Djed SpenceTottenham, 25, D(LR),M(LR)","Djed Spence Tottenham, 25, D(LR),M(LR)",19(6),1791,1,2,2,1,0.4,86.8,0.8,1,6.73
"147Tosin AdarabioyoChelsea, 28, D(CR)","Tosin Adarabioyo Chelsea, 28, D(CR)",15(7),1405,1,1,4,-,0.6,91.3,1.9,-,6.73
"148Marshall MunetsiWolves, 29, D(C),M(C)","Marshall Munetsi Wolves, 29, D(C),M(C)",12(2),1079,2,1,-,-,1.6,73.6,2.1,1,6.73
"149Amadou OnanaAston Villa, 24, DMC","Amadou Onana Aston Villa, 24, DMC",20(6),1626,3,-,4,-,0.7,87.7,1.3,1,6.73
"150Ferdi KadiogluBrighton, 26, D(LR),M(CLR)","Ferdi Kadioglu Brighton, 26, D(LR),M(CLR)",5(1),389,1,-,1,-,0.7,85.3,0.5,-,6.73
"151Maximilian KilmanWest Ham, 28, D(C)","Maximilian Kilman West Ham, 28, D(C)",38,3349,-,1,5,-,0.3,87.1,3.0,1,6.73
"152David RayaArsenal, 30, GK","David Raya Arsenal, 30, GK",38,3420,-,-,3,-,-,70.6,0.4,2,6.73
"153Wesley FofanaChelsea, 25, D(CR)","Wesley Fofana Chelsea, 25, D(CR)",14,1176,-,-,7,-,0.2,90.8,1.9,-,6.73
"154Ilkay GündoganMan City, 35, M(C)","Ilkay Gündogan Man City, 35, M(C)",25(8),2229,1,6,1,-,0.8,92.4,0.4,1,6.72
"155Harvey BarnesNewcastle, 28, AM(CLR)","Harvey Barnes Newcastle, 28, AM(CLR)",17(16),1756,9,4,-,-,1.9,82.1,0.2,1,6.72
"156Jan Paul van HeckeBrighton, 25, D(C)","Jan Paul van Hecke Brighton, 25, D(C)",33(1),2961,1,-,6,1,0.5,88.5,2.4,1,6.72
"157Marcus RashfordMan Utd, 28, AM(CLR),FW","Marcus Rashford Man Utd, 28, AM(CLR),FW",12(3),983,4,1,2,-,1.1,76.9,0.3,-,6.72
"158Tyler AdamsBournemouth, 27, D(R),M(CR)","Tyler Adams Bournemouth, 27, D(R),M(CR)",21(7),1966,-,3,7,-,0.3,84.9,1.1,-,6.72
"159Mateus FernandesSouthampton, 21, AM(CL)","Mateus Fernandes Southampton, 21, AM(CL)",34(2),2923,2,4,8,-,1.2,84.5,0.4,1,6.71
"160Emiliano MartínezAston Villa, 33, GK","Emiliano Martínez Aston Villa, 33, GK",37,3198,-,-,5,1,-,77.0,0.3,2,6.71
"161Ayden HeavenMan Utd, 19, D(C)","Ayden Heaven Man Utd, 19, D(C)",2(2),171,-,-,1,-,0.5,85.7,0.5,-,6.71
"162Jan BednarekSouthampton, 30, D(C)","Jan Bednarek Southampton, 30, D(C)",30,2535,2,-,7,-,0.2,92.9,2.4,2,6.71
"163Guglielmo VicarioTottenham, 29, GK","Guglielmo Vicario Tottenham, 29, GK",24,2160,-,-,1,-,-,85.9,0.4,1,6.71
"164Lukasz FabianskiWest Ham, 41, GK","Lukasz Fabianski West Ham, 41, GK",13(1),1161,-,-,2,-,-,63.6,0.3,-,6.71
"165Nico GonzálezMan City, 24, M(C)","Nico González Man City, 24, M(C)",9(2),763,1,-,3,-,0.8,92.3,1.5,-,6.71
"166Kieran TrippierNewcastle, 35, D(LR),M(R)","Kieran Trippier Newcastle, 35, D(LR),M(R)",14(11),1310,-,3,1,-,0.2,85.4,0.9,1,6.7
"167Matty CashAston Villa, 28, D(R),M(CLR)","Matty Cash Aston Villa, 28, D(R),M(CLR)",24(3),2077,1,1,7,-,0.5,84.6,0.7,-,6.7
"168Matheus NunesMan City, 27, D(R),M(CLR)","Matheus Nunes Man City, 27, D(R),M(CLR)",19(7),1673,1,6,4,-,0.3,88.8,0.6,1,6.7
"169Kepa ArrizabalagaBournemouth, 31, GK","Kepa Arrizabalaga Bournemouth, 31, GK",31,2790,-,-,3,-,-,70.4,0.3,1,6.7
"170Chris RichardsCrystal Palace, 26, D(C),DMC","Chris Richards Crystal Palace, 26, D(C),DMC",22(2),1925,1,-,2,1,0.5,81.3,2.0,-,6.7
"171Keane Lewis-PotterBrentford, 25, D(L),M(CLR),FW","Keane Lewis-Potter Brentford, 25, D(L),M(CLR),FW",36(2),3103,1,3,7,-,0.7,80.5,0.7,1,6.7
"172James GarnerEverton, 25, D(R),M(CR)","James Garner Everton, 25, D(R),M(CR)",17(4),1595,-,1,5,-,0.6,82.1,0.5,-,6.7
"173Matthijs de LigtMan Utd, 26, D(C)","Matthijs de Ligt Man Utd, 26, D(C)",25(4),2128,2,-,3,-,0.6,90.4,2.0,1,6.69
"174Dara O'SheaIpswich, 27, D(CR)","Dara O'Shea Ipswich, 27, D(CR)",35,3123,-,2,6,-,0.6,79.2,3.3,-,6.69
"175Yerson MosqueraWolves, 24, D(C)","Yerson Mosquera Wolves, 24, D(C)",5,442,-,-,2,-,0.4,86.1,2.2,-,6.69
"176Sepp van den BergBrentford, 24, D(CR),M(R)","Sepp van den Berg Brentford, 24, D(CR),M(R)",29(2),2589,-,-,3,-,0.6,85.7,3.0,-,6.68
"177Nélson SemedoWolves, 32, D(CLR),M(R)","Nélson Semedo Wolves, 32, D(CLR),M(R)",32(2),2896,-,4,8,-,0.5,82.2,0.8,-,6.68
"178Marc CucurellaChelsea, 27, D(CL),M(L)","Marc Cucurella Chelsea, 27, D(CL),M(L)",33(3),2991,5,1,8,1,0.7,88.7,0.9,3,6.68
"179Harry MaguireMan Utd, 33, D(C)","Harry Maguire Man Utd, 33, D(C)",19(8),1758,1,-,7,-,0.6,86.1,2.4,-,6.68
"180Tino LivramentoNewcastle, 23, D(LR)","Tino Livramento Newcastle, 23, D(LR)",32(5),2842,-,1,1,-,0.2,87.4,0.7,-,6.68
"181Ben DaviesTottenham, 33, D(CL),M(L)","Ben Davies Tottenham, 33, D(CL),M(L)",14(3),1330,-,-,5,-,0.3,88.0,3.1,-,6.67
"182Ben WhiteArsenal, 28, D(CR),DMC","Ben White Arsenal, 28, D(CR),DMC",13(4),1198,-,2,2,-,0.5,86.4,1.1,-,6.67
"183Dan BentleyWolves, 32, GK","Dan Bentley Wolves, 32, GK",2,180,-,-,-,-,-,72.9,1.0,-,6.67
"184Rúben DiasMan City, 28, D(C)","Rúben Dias Man City, 28, D(C)",25(2),2269,-,-,4,-,0.8,93.8,1.4,-,6.66
"185Ryan SessegnonFulham, 25, D(L),M(LR)","Ryan Sessegnon Fulham, 25, D(L),M(LR)",7(9),580,4,2,1,-,0.9,81.1,0.5,1,6.66
"186Rodrigo BentancurTottenham, 28, M(C)","Rodrigo Bentancur Tottenham, 28, M(C)",21(5),1654,2,-,9,-,0.8,88.2,1.4,-,6.66
"187Kostas TsimikasLiverpool, 29, D(L),M(L)","Kostas Tsimikas Liverpool, 29, D(L),M(L)",9(9),835,-,1,2,-,0.2,91.0,0.3,1,6.66
"188Joël VeltmanBrighton, 34, D(CR),M(R)","Joël Veltman Brighton, 34, D(CR),M(R)",19(2),1699,-,-,5,-,0.3,82.4,1.0,-,6.66
"189Conor TownsendIpswich, 33, D(CL),M(L)","Conor Townsend Ipswich, 33, D(CL),M(L)",3(3),335,-,1,1,-,0.2,68.1,1.0,-,6.66
"190Harry WilsonFulham, 29, M(CLR),FW","Harry Wilson Fulham, 29, M(CLR),FW",12(13),1159,6,1,2,-,1.7,77.9,0.2,2,6.65
"191BetoEverton, 28, FW","Beto Everton, 28, FW",15(15),1531,8,-,2,-,1.6,58.7,3.3,2,6.65
"192Riccardo CalafioriArsenal, 23, D(CL)","Riccardo Calafiori Arsenal, 23, D(CL)",11(8),986,2,1,4,-,0.5,87.9,1.2,-,6.65
"193Trevoh ChalobahChelsea, 26, D(CR),DMC","Trevoh Chalobah Chelsea, 26, D(CR),DMC",11(2),911,-,1,2,-,0.5,90.5,1.8,1,6.65
"194Alex PalmerIpswich, 29, GK","Alex Palmer Ipswich, 29, GK",13,1170,-,-,2,-,-,66.3,0.4,-,6.64
"195Boubacar KamaraAston Villa, 26, D(CL),DMC","Boubacar Kamara Aston Villa, 26, D(CL),DMC",20(6),1726,1,-,2,-,0.4,88.7,0.8,2,6.64
"196Michael KayodeBrentford, 21, D(R)","Michael Kayode Brentford, 21, D(R)",6(6),528,-,1,2,-,0.2,85.0,0.8,1,6.64
"197Aaron RamsdaleSouthampton, 27, GK","Aaron Ramsdale Southampton, 27, GK",30,2700,-,-,2,-,-,59.5,0.3,3,6.64
"198Michael KeaneEverton, 33, D(CR)","Michael Keane Everton, 33, D(CR)",11(3),1046,3,-,5,-,0.7,83.9,1.9,1,6.64
"199João GomesWolves, 25, M(C)","João Gomes Wolves, 25, M(C)",35(1),2990,3,1,9,1,1,86.2,0.3,1,6.64
"200Ethan NwaneriArsenal, 19, AM(CR)","Ethan Nwaneri Arsenal, 19, AM(CR)",11(15),892,4,2,1,-,0.9,89.0,0.2,1,6.64
"201Destiny UdogieTottenham, 23, D(L),M(L)","Destiny Udogie Tottenham, 23, D(L),M(L)",24(1),1933,-,1,2,-,0.2,88.2,0.5,-,6.64
"202Matt DohertyWolves, 34, D(CLR),M(LR)","Matt Doherty Wolves, 34, D(CLR),M(LR)",25(5),2115,2,1,6,-,0.3,85.2,1.9,-,6.64
"203Timothy CastagneFulham, 30, D(CLR),M(LR)","Timothy Castagne Fulham, 30, D(CLR),M(LR)",17(7),1643,-,1,1,-,0.3,83.0,1.5,-,6.64
"204Jadon SanchoChelsea, 26, AM(CLR)","Jadon Sancho Chelsea, 26, AM(CLR)",19(12),1767,3,4,2,-,0.8,85.2,0.2,-,6.63
"205Cameron BurgessIpswich, 30, D(CL)","Cameron Burgess Ipswich, 30, D(CL)",16(2),1540,-,2,-,-,0.6,81.3,2.4,-,6.62
"206Bernd LenoFulham, 34, GK","Bernd Leno Fulham, 34, GK",38,3420,-,1,5,-,-,79.8,0.2,3,6.62
"207Jonny EvansMan Utd, 38, D(CL)","Jonny Evans Man Utd, 38, D(CL)",3(4),314,-,-,1,-,0.3,88.8,1.4,-,6.62
"208Adam WebsterBrighton, 31, D(C)","Adam Webster Brighton, 31, D(C)",11(3),888,-,-,1,-,0.4,88.2,1.7,-,6.62
"209Liam DelapIpswich, 23, AM(R),FW","Liam Delap Ipswich, 23, AM(R),FW",32(5),2613,12,2,12,-,1.8,62.1,1.6,3,6.62
"210Adam WhartonCrystal Palace, 22, DMC","Adam Wharton Crystal Palace, 22, DMC",16(4),1327,-,2,2,-,0.7,78.6,0.4,-,6.62
"211Marcos SenesiBournemouth, 28, D(C)","Marcos Senesi Bournemouth, 28, D(C)",13(4),1109,-,-,5,-,0.2,77.4,1.9,1,6.62
"212Nicolás DomínguezNottingham Forest, 27, M(CLR)","Nicolás Domínguez Nottingham Forest, 27, M(CLR)",23(11),1971,-,1,9,-,0.6,87.7,0.8,-,6.61
"213EdersonMan City, 32, GK","Ederson Man City, 32, GK",26,2321,-,4,4,-,-,86.3,0.2,1,6.61
"214Jack HinshelwoodBrighton, 21, D(LR),M(C)","Jack Hinshelwood Brighton, 21, D(LR),M(C)",22(4),1849,5,2,5,-,0.7,85.2,0.8,2,6.61
"215Robert SánchezChelsea, 28, GK","Robert Sánchez Chelsea, 28, GK",32,2880,-,-,5,-,-,65.3,0.4,3,6.61
"216Kevin DansoTottenham, 27, D(C)","Kevin Danso Tottenham, 27, D(C)",9(1),843,-,-,-,-,0.7,86.5,2.1,-,6.61
"217Orel MangalaEverton, 28, M(C)","Orel Mangala Everton, 28, M(C)",14(5),1256,1,-,2,-,0.8,90.3,0.3,-,6.61
"218Diogo JotaLiverpool, 29, AM(CLR),FW","Diogo Jota Liverpool, 29, AM(CLR),FW",14(12),1195,6,3,2,-,2,71.2,0.8,1,6.61
"219AndréWolves, 24, DMC","André Wolves, 24, DMC",31(2),2488,-,-,7,-,0.3,93.0,0.1,-,6.61
"220Ezri KonsaAston Villa, 28, D(CR)","Ezri Konsa Aston Villa, 28, D(CR)",33(1),2937,2,-,1,-,0.3,93.3,0.9,1,6.61
"221Georginio RutterBrighton, 24, AM(CR),FW","Georginio Rutter Brighton, 24, AM(CR),FW",19(9),1667,5,3,2,-,1.8,68.6,0.9,-,6.6
"222Jefferson LermaCrystal Palace, 31, D(CR),DMC","Jefferson Lerma Crystal Palace, 31, D(CR),DMC",26(7),2277,-,1,9,-,0.8,77.8,1.4,-,6.6
"223Sasa LukicFulham, 29, M(C)","Sasa Lukic Fulham, 29, M(C)",28(2),2358,-,2,12,-,0.6,90.1,0.6,1,6.6
"224Jacob GreavesIpswich, 25, D(CL)","Jacob Greaves Ipswich, 25, D(CL)",25,2206,1,-,5,-,0.4,86.6,3.4,-,6.6
"225Reiss NelsonFulham, 26, M(LR)","Reiss Nelson Fulham, 26, M(LR)",5(6),486,1,1,1,-,1.1,91.4,-,-,6.6
"226Facundo BuonanotteLeicester, 21, AM(CR)","Facundo Buonanotte Leicester, 21, AM(CR)",14(17),1517,5,2,8,-,1.2,79.6,0.6,2,6.6
"227Ryan ManningSouthampton, 29, D(CL),M(CLR)","Ryan Manning Southampton, 29, D(CL),M(CLR)",18(6),1470,-,1,2,-,0.3,83.7,0.6,-,6.6
"228Axel DisasiAston Villa, 28, D(CR)","Axel Disasi Aston Villa, 28, D(CR)",5(2),488,-,-,2,-,0.3,89.1,1.1,-,6.6
"229Dean HendersonCrystal Palace, 29, GK","Dean Henderson Crystal Palace, 29, GK",38,3420,-,-,3,-,-,57.4,0.3,1,6.6
"230Adama TraoréFulham, 30, M(CLR),FW","Adama Traoré Fulham, 30, M(CLR),FW",18(18),1770,2,7,3,-,1.1,81.2,0.7,1,6.59
"231Yasin AyariBrighton, 22, M(C)","Yasin Ayari Brighton, 22, M(C)",22(12),1971,2,1,4,-,0.8,85.4,0.5,-,6.59
"232Caoimhín KelleherLiverpool, 27, GK","Caoimhín Kelleher Liverpool, 27, GK",10,900,-,-,-,-,-,72.1,0.2,-,6.59
"233Arijanet MuricIpswich, 27, GK","Arijanet Muric Ipswich, 27, GK",18,1620,-,-,1,-,-,68.2,0.6,2,6.59
"234Luke ThomasLeicester, 24, D(L),M(L)","Luke Thomas Leicester, 24, D(L),M(L)",13(1),1113,-,-,3,-,0.4,84.1,0.9,-,6.58
"235Mats WiefferBrighton, 26, D(R),DMC","Mats Wieffer Brighton, 26, D(R),DMC",10(15),1008,1,4,6,-,0.4,86.4,1.4,2,6.58
"236Ben ChilwellCrystal Palace, 29, D(CL),M(L)","Ben Chilwell Crystal Palace, 29, D(CL),M(L)",1(7),255,1,-,1,-,0.6,72.3,0.4,-,6.58
"237James JustinLeicester, 28, D(CLR),M(LR)","James Justin Leicester, 28, D(CLR),M(LR)",34(2),2921,2,2,6,-,0.7,78.1,1.9,-,6.58
"238Jakub StolarczykLeicester, 25, GK","Jakub Stolarczyk Leicester, 25, GK",10,900,-,-,1,-,-,58.0,0.5,-,6.58
"239Jamie VardyLeicester, 39, AM(L),FW","Jamie Vardy Leicester, 39, AM(L),FW",35,2840,9,4,5,-,1.7,69.3,1.5,1,6.58
"240Ashley YoungEverton, 40, D(LR),M(LR)","Ashley Young Everton, 40, D(LR),M(LR)",19(13),1872,1,3,7,1,0.2,73.5,0.3,1,6.58
"241Andy RobertsonLiverpool, 32, D(L),M(L)","Andy Robertson Liverpool, 32, D(L),M(L)",29(4),2493,-,1,3,1,0.5,88.0,0.2,-,6.57
"242Manuel UgarteMan Utd, 25, DMC","Manuel Ugarte Man Utd, 25, DMC",22(7),1790,1,2,11,-,0.7,88.6,0.6,-,6.57
"243Gabriel JesusArsenal, 29, AM(LR),FW","Gabriel Jesus Arsenal, 29, AM(LR),FW",6(11),604,3,-,4,-,1.2,80.0,0.5,1,6.57
"244EmersonWest Ham, 31, D(CL),M(L)","Emerson West Ham, 31, D(CL),M(L)",26(5),2128,2,1,5,-,0.5,82.4,0.6,-,6.56
"245Mathys TelTottenham, 20, AM(L),FW","Mathys Tel Tottenham, 20, AM(L),FW",11(2),913,2,1,2,-,1.8,76.7,0.3,-,6.56
"246Tyler FredricsonMan Utd, 21, Defender","Tyler Fredricson Man Utd, 21, Defender",2,166,-,-,-,-,-,90.2,3.5,-,6.56
"247Joe GomezLiverpool, 28, D(CLR)","Joe Gomez Liverpool, 28, D(CLR)",6(3),519,-,-,1,-,0.3,89.4,1.0,-,6.56
"248Lucas PaquetáWest Ham, 28, M(CLR),FW","Lucas Paquetá West Ham, 28, M(CLR),FW",27(6),2385,4,-,10,-,1.2,78.8,1.5,-,6.56
"249Rodrigo MunizFulham, 24, FW","Rodrigo Muniz Fulham, 24, FW",8(23),952,8,1,1,-,1.3,65.7,2.2,1,6.56
"250Emile Smith RoweFulham, 25, AM(CL)","Emile Smith Rowe Fulham, 25, AM(CL)",25(9),2061,6,3,3,-,1.1,91.3,0.2,-,6.55
"251Toby CollyerMan Utd, 22, DMC","Toby Collyer Man Utd, 22, DMC",0(6),175,-,-,-,-,0.2,82.2,0.5,-,6.55
"252Robin OlsenAston Villa, 36, GK","Robin Olsen Aston Villa, 36, GK",1(3),222,-,-,-,-,-,64.0,-,-,6.55
"253Bilal El KhannoussLeicester, 21, AM(CLR)","Bilal El Khannouss Leicester, 21, AM(CLR)",27(5),2195,2,3,4,-,0.9,80.3,0.6,2,6.55
"254Ryan YatesNottingham Forest, 28, M(C)","Ryan Yates Nottingham Forest, 28, M(C)",18(17),1909,2,1,10,-,0.9,82.7,1.4,-,6.54
"255Konstantinos MavropanosWest Ham, 28, D(CR)","Konstantinos Mavropanos West Ham, 28, D(CR)",21(12),2039,-,-,4,1,0.5,86.9,1.8,-,6.54
"256Reece JamesChelsea, 26, D(CLR),DMC,M(R)","Reece James Chelsea, 26, D(CLR),DMC,M(R)",12(7),1064,1,1,1,-,0.6,88.4,1.3,-,6.54
"257André OnanaMan Utd, 30, GK","André Onana Man Utd, 30, GK",34,3060,-,-,-,-,-,69.8,0.2,-,6.54
"258Jakub KiwiorArsenal, 26, D(CL),DMC","Jakub Kiwior Arsenal, 26, D(CL),DMC",10(7),1117,1,-,1,-,0.2,91.9,0.6,1,6.53
"259Pape Matar SarrTottenham, 23, M(C)","Pape Matar Sarr Tottenham, 23, M(C)",22(14),1917,3,2,6,-,0.9,87.6,0.9,1,6.53
"260John McGinnAston Villa, 31, M(CLR)","John McGinn Aston Villa, 31, M(CLR)",27(7),2232,1,4,7,-,0.9,86.6,0.5,-,6.53
"261Alphonse AreolaWest Ham, 33, GK","Alphonse Areola West Ham, 33, GK",25(1),2260,-,-,-,-,-,66.1,0.1,-,6.53
"262Álex MorenoNottingham Forest, 32, D(L),M(L)","Álex Moreno Nottingham Forest, 32, D(L),M(L)",11(4),960,-,1,2,-,0.4,77.8,0.2,-,6.53
"263Mads HermansenLeicester, 25, GK","Mads Hermansen Leicester, 25, GK",27,2386,-,-,1,-,-,56.2,0.1,1,6.52
"264Charly AlcarazSouthampton, 23, M(CLR),FW","Charly Alcaraz Southampton, 23, M(CLR),FW",0(1),9,-,-,-,-,1,100.0,1.0,-,6.52
"265Fraser ForsterTottenham, 38, GK","Fraser Forster Tottenham, 38, GK",7,630,-,-,-,-,-,82.6,0.1,-,6.52
"266João FélixChelsea, 26, AM(CL),FW","João Félix Chelsea, 26, AM(CL),FW",3(9),364,1,1,2,-,1.7,86.2,0.3,-,6.52
"267Alejandro GarnachoMan Utd, 21, AM(CLR)","Alejandro Garnacho Man Utd, 21, AM(CLR)",23(13),2196,6,2,3,-,2.3,83.3,0.1,1,6.52
"268Romain EsseCrystal Palace, 20, AM(CLR)","Romain Esse Crystal Palace, 20, AM(CLR)",1(6),136,1,1,-,-,0.1,76.2,0.4,-,6.51
"269Vitaly JaneltBrentford, 27, D(L),DMC","Vitaly Janelt Brentford, 27, D(L),DMC",27(5),2267,1,3,3,-,0.4,84.4,0.6,-,6.51
"270Matt O'RileyBrighton, 25, M(CR)","Matt O'Riley Brighton, 25, M(CR)",11(10),939,2,2,1,-,1,83.1,0.3,-,6.51
"271Victor KristiansenLeicester, 23, D(L),M(L)","Victor Kristiansen Leicester, 23, D(L),M(L)",29(1),2490,-,1,1,-,0.1,81.8,0.8,-,6.51
"272Calvin BasseyFulham, 26, D(CL)","Calvin Bassey Fulham, 26, D(CL)",34(1),3074,1,-,7,-,0.4,90.1,1.3,-,6.51
"273Stefan OrtegaMan City, 33, GK","Stefan Ortega Man City, 33, GK",12(1),1099,-,-,1,-,-,79.4,0.2,-,6.51
"274Abdoulaye DoucouréEverton, 33, M(C)","Abdoulaye Doucouré Everton, 33, M(C)",31(2),2577,3,2,3,1,0.9,82.7,0.9,-,6.51
"275Curtis JonesLiverpool, 25, D(R),M(CL)","Curtis Jones Liverpool, 25, D(R),M(CL)",19(14),1715,3,3,1,1,1,93.7,0.4,1,6.51
"276Dominic Calvert-LewinEverton, 29, AM(L),FW","Dominic Calvert-Lewin Everton, 29, AM(L),FW",19(7),1614,3,1,2,-,1.9,63.5,3.3,1,6.51
"277Andreas PereiraFulham, 30, M(CLR)","Andreas Pereira Fulham, 30, M(CLR)",25(8),2025,2,4,8,-,1.2,77.7,0.4,-,6.51
"278Ibrahim SangaréNottingham Forest, 28, DMC","Ibrahim Sangaré Nottingham Forest, 28, DMC",7(6),591,-,1,3,-,0.1,85.3,0.8,-,6.51
"279Micky van de VenTottenham, 25, D(CL)","Micky van de Ven Tottenham, 25, D(CL)",12(1),1019,-,2,4,-,0.5,91.0,1.5,-,6.5
"280Sander BergeFulham, 28, M(C)","Sander Berge Fulham, 28, M(C)",26(5),2231,-,-,6,-,0.1,91.7,0.9,-,6.5
"281WelingtonSouthampton, 25, D(L),M(L)","Welington Southampton, 25, D(L),M(L)",6(4),482,-,-,1,-,0.3,83.7,0.5,-,6.5
"282Nathan AkéMan City, 31, D(CL),DMC","Nathan Aké Man City, 31, D(CL),DMC",8(2),683,-,-,-,-,0.3,94.4,1.3,-,6.5
"283James MilnerBrighton, 40, D(LR),M(CLR)","James Milner Brighton, 40, D(LR),M(CLR)",3(1),173,-,-,1,-,0.5,78.5,-,-,6.5
"284Omari HutchinsonIpswich, 22, AM(CLR)","Omari Hutchinson Ipswich, 22, AM(CLR)",30(1),2594,3,2,5,-,1.5,84.4,0.2,1,6.49
"285Will HughesCrystal Palace, 31, M(CLR)","Will Hughes Crystal Palace, 31, M(CLR)",24(9),2122,-,3,11,-,0.7,81.0,0.6,-,6.49
"286Kyle Walker-PetersSouthampton, 29, D(CLR),M(LR)","Kyle Walker-Peters Southampton, 29, D(CLR),M(LR)",33,2922,-,2,5,-,0.6,90.5,0.3,-,6.49
"287Jean-Ricner BellegardeWolves, 27, M(CLR)","Jean-Ricner Bellegarde Wolves, 27, M(CLR)",20(15),1685,2,7,3,-,0.6,83.3,0.3,1,6.48
"288Niclas FüllkrugWest Ham, 33, FW","Niclas Füllkrug West Ham, 33, FW",6(12),788,3,2,2,-,0.9,67.9,2.2,-,6.48
"289Benoît BadiashileChelsea, 25, D(C)","Benoît Badiashile Chelsea, 25, D(C)",3(2),334,-,-,-,-,-,90.1,1.6,-,6.48
"290José SáWolves, 33, GK","José Sá Wolves, 33, GK",29,2610,-,-,2,-,-,59.3,0.4,-,6.48
"291Stephy MavididiLeicester, 27, AM(LR),FW","Stephy Mavididi Leicester, 27, AM(LR),FW",16(14),1618,4,1,2,-,0.9,82.8,0.3,1,6.48
"292Leif DavisIpswich, 26, D(L),M(L)","Leif Davis Ipswich, 26, D(L),M(L)",32(1),2747,1,2,5,1,0.5,80.5,1.1,1,6.47
"293Jordan AyewLeicester, 34, AM(CLR),FW","Jordan Ayew Leicester, 34, AM(CLR),FW",19(11),1644,5,-,5,-,1.1,80.2,1.3,-,6.47
"294Diego GómezBrighton, 23, M(CLR)","Diego Gómez Brighton, 23, M(CLR)",4(12),511,1,-,-,-,0.6,82.4,0.6,-,6.47
"295Ross BarkleyAston Villa, 32, M(CLR)","Ross Barkley Aston Villa, 32, M(CLR)",3(17),570,3,1,3,-,0.8,85.7,0.3,1,6.47
"296Lucas BergvallTottenham, 20, M(C)","Lucas Bergvall Tottenham, 20, M(C)",11(16),1206,-,1,3,-,0.4,88.7,0.3,-,6.47
"297Jaden PhilogeneIpswich, 24, M(LR)","Jaden Philogene Ipswich, 24, M(LR)",5(5),475,2,-,1,-,1.2,78.4,0.5,1,6.47
"298Kobbie MainooMan Utd, 21, M(C)","Kobbie Mainoo Man Utd, 21, M(C)",19(6),1657,-,-,5,-,0.6,87.4,0.8,1,6.47
"299Jesper LindstrømEverton, 26, AM(CLR),FW","Jesper Lindstrøm Everton, 26, AM(CLR),FW",15(10),1242,-,1,2,-,1.1,78.7,0.2,1,6.47
"300James HillBournemouth, 24, D(CR)","James Hill Bournemouth, 24, D(CR)",6(4),448,-,1,1,-,0.6,71.7,1.5,-,6.47
"301Luis SinisterraBournemouth, 26, AM(LR),FW","Luis Sinisterra Bournemouth, 26, AM(LR),FW",1(11),230,1,1,-,-,1.1,83.5,0.3,-,6.47
"302Takehiro TomiyasuArsenal, 27, D(CLR)","Takehiro Tomiyasu Arsenal, 27, D(CLR)",0(1),6,-,-,-,-,1,75.0,-,-,6.46
"303Jean-Clair TodiboWest Ham, 26, D(C)","Jean-Clair Todibo West Ham, 26, D(C)",20(7),1833,-,-,3,-,0.2,88.3,1,-,6.46
"304Bart VerbruggenBrighton, 23, GK","Bart Verbruggen Brighton, 23, GK",36,3240,-,1,6,-,-,75.1,0.3,1,6.46
"305Rico LewisMan City, 21, D(LR),M(C)","Rico Lewis Man City, 21, D(LR),M(C)",21(7),1893,1,2,3,1,0.4,91.4,0.2,-,6.46
"306Tariq LampteyBrighton, 25, D(LR),M(R)","Tariq Lamptey Brighton, 25, D(LR),M(R)",10(5),861,2,2,-,-,0.4,87.0,0.1,-,6.46
"307Paul OnuachuSouthampton, 31, FW","Paul Onuachu Southampton, 31, FW",11(14),1045,4,1,4,-,1.4,61.3,3.7,1,6.45
"308Patrick DorguMan Utd, 21, D(L),M(LR)","Patrick Dorgu Man Utd, 21, D(L),M(LR)",10(2),844,-,-,3,1,0.8,86.1,1.3,-,6.45
"309Harry ToffoloNottingham Forest, 30, D(L),M(L)","Harry Toffolo Nottingham Forest, 30, D(L),M(L)",1(3),135,-,-,1,-,0.3,77.8,0.3,-,6.45
"310Vítezslav JarosLiverpool, 24, GK","Vítezslav Jaros Liverpool, 24, GK",0(1),11,-,-,-,-,-,66.7,-,-,6.45
"311Ian MaatsenAston Villa, 24, D(L),M(CLR)","Ian Maatsen Aston Villa, 24, D(L),M(CLR)",10(19),1129,1,2,2,-,0.7,86.9,0.3,1,6.45
"312Matheus FrançaCrystal Palace, 22, FW","Matheus França Crystal Palace, 22, FW",0(4),52,1,-,-,-,1.5,71.4,0.3,-,6.45
"313Christian EriksenMan Utd, 34, M(CLR),FW","Christian Eriksen Man Utd, 34, M(CLR),FW",11(12),1059,1,2,4,-,0.7,85.5,0.1,-,6.45
"314Darwin NúñezLiverpool, 26, AM(CL),FW","Darwin Núñez Liverpool, 26, AM(CL),FW",8(22),1123,5,2,8,-,1.1,71.4,0.7,-,6.45
"315Manuel AkanjiMan City, 30, D(CLR),DMC","Manuel Akanji Man City, 30, D(CLR),DMC",23(3),2015,-,-,3,-,0.6,94.1,1.2,-,6.44
"316Jack GrealishMan City, 30, M(CL),FW","Jack Grealish Man City, 30, M(CL),FW",7(13),716,1,1,3,-,0.8,91.0,0.1,-,6.44
"317Myles Lewis-SkellyArsenal, 19, D(L)","Myles Lewis-Skelly Arsenal, 19, D(L)",15(8),1372,1,-,3,2,0.1,93.6,0.5,-,6.44
"318Abdukodir KhusanovMan City, 22, D(CR)","Abdukodir Khusanov Man City, 22, D(CR)",6,504,-,-,1,-,0.2,91.3,1.2,-,6.44
"319Alex ScottBournemouth, 22, M(CR)","Alex Scott Bournemouth, 22, M(CR)",8(12),753,-,-,3,-,0.8,85.2,0.4,-,6.44
"320Axel DisasiChelsea, 28, D(CR)","Axel Disasi Chelsea, 28, D(CR)",4(2),365,1,-,1,-,0.3,91.7,0.8,-,6.44
"321Brajan GrudaBrighton, 21, AM(CR)","Brajan Gruda Brighton, 21, AM(CR)",8(13),683,1,4,-,-,0.5,78.3,0.1,1,6.43
"322Jhon DuránAston Villa, 22, FW","Jhon Durán Aston Villa, 22, FW",4(16),627,7,-,3,1,1.6,72.3,1.0,-,6.43
"323Conor BradleyLiverpool, 22, D(R),M(R)","Conor Bradley Liverpool, 22, D(R),M(R)",7(12),750,-,2,4,-,0.5,84.3,0.6,-,6.43
"324Sam JohnstoneWolves, 33, GK","Sam Johnstone Wolves, 33, GK",7,630,-,-,-,-,-,62.7,0.6,-,6.43
"325Malo GustoChelsea, 22, D(LR),M(R)","Malo Gusto Chelsea, 22, D(LR),M(R)",19(13),1860,-,1,4,-,0.7,89.0,0.3,-,6.42
"326Roméo LaviaChelsea, 22, DMC","Roméo Lavia Chelsea, 22, DMC",11(5),803,-,1,4,-,0.1,92.2,0.8,-,6.42
"327Chadi RiadCrystal Palace, 22, D(C)","Chadi Riad Crystal Palace, 22, D(C)",1,90,-,-,-,-,-,85.4,2.0,-,6.42
"328Wout FaesLeicester, 28, D(CL)","Wout Faes Leicester, 28, D(CL)",30(4),2813,1,-,4,-,0.4,88.4,1.4,-,6.42
"329Kasey McAteerLeicester, 24, AM(CLR)","Kasey McAteer Leicester, 24, AM(CLR)",9(9),853,1,1,3,-,0.7,78.6,0.7,1,6.42
"330Pau TorresAston Villa, 29, D(C)","Pau Torres Aston Villa, 29, D(C)",23(1),2020,-,-,2,-,0.3,89.3,0.8,-,6.42
"331Yehor YarmoliukBrentford, 22, DMC","Yehor Yarmoliuk Brentford, 22, DMC",15(16),1446,-,-,6,-,0.3,88.2,0.3,-,6.42
"332John StonesMan City, 31, D(CR),DMC","John Stones Man City, 31, D(CR),DMC",6(5),547,2,-,1,-,0.2,91.3,0.7,-,6.42
"333Kamaldeen SulemanaSouthampton, 24, AM(CLR),FW","Kamaldeen Sulemana Southampton, 24, AM(CLR),FW",17(9),1406,1,1,2,-,1.1,83.8,0.5,-,6.42
"334Tyler DiblingSouthampton, 20, AM(CR),FW","Tyler Dibling Southampton, 20, AM(CR),FW",20(13),1875,2,-,6,-,0.8,84.3,0.3,1,6.42
"335Billy GilmourBrighton, 24, DMC","Billy Gilmour Brighton, 24, DMC",1(1),98,-,-,-,-,0.5,87.9,-,-,6.42
"336Christopher NkunkuChelsea, 28, M(CLR),FW","Christopher Nkunku Chelsea, 28, M(CLR),FW",9(18),912,3,2,2,-,0.9,90.6,0.6,1,6.41
"337Jacob RamseyAston Villa, 24, M(CLR)","Jacob Ramsey Aston Villa, 24, M(CLR)",19(10),1634,1,3,2,1,0.7,86.6,0.2,-,6.41
"338Taylor Harwood-BellisSouthampton, 24, D(CR)","Taylor Harwood-Bellis Southampton, 24, D(CR)",32(2),2829,1,-,9,-,0.6,88.1,1.9,-,6.41
"339Edson ÁlvarezWest Ham, 28, D(C),DMC","Edson Álvarez West Ham, 28, D(C),DMC",20(8),1785,-,1,7,1,0.4,86.5,1.1,-,6.4
"340Luke WoolfendenIpswich, 27, D(C)","Luke Woolfenden Ipswich, 27, D(C)",12(3),1187,-,-,2,-,0.1,88.6,1,-,6.4
"341Leon BaileyAston Villa, 28, M(CLR),FW","Leon Bailey Aston Villa, 28, M(CLR),FW",14(10),1144,1,2,3,-,1.2,77.6,0.3,1,6.4
"342Jota SilvaNottingham Forest, 26, AM(CLR),FW","Jota Silva Nottingham Forest, 26, AM(CLR),FW",5(26),842,3,1,5,-,0.7,66.1,0.7,-,6.4
"343Joe AriboSouthampton, 29, M(CLR),FW","Joe Aribo Southampton, 29, M(CLR),FW",21(11),2020,3,-,1,-,0.5,89.5,0.8,-,6.4
"344Santiago BuenoWolves, 27, D(C)","Santiago Bueno Wolves, 27, D(C)",18(11),1683,-,-,2,-,0.2,88.1,1.2,1,6.4
"345Philip BillingBournemouth, 29, M(C),FW","Philip Billing Bournemouth, 29, M(C),FW",1(9),178,-,-,1,-,0.5,74.4,0.6,-,6.4
"346Kristoffer AjerBrentford, 28, D(CLR),DMC","Kristoffer Ajer Brentford, 28, D(CLR),DMC",17(7),1443,-,-,5,-,0.4,77.8,1.2,-,6.39
"347Guido RodríguezWest Ham, 32, DMC","Guido Rodríguez West Ham, 32, DMC",16(7),1158,-,1,6,-,0.3,84.9,0.5,-,6.39
"348Aaron CresswellWest Ham, 36, D(CL),M(L)","Aaron Cresswell West Ham, 36, D(CL),M(L)",10(8),824,-,-,3,-,0.3,86.6,0.4,1,6.39
"349Tyrique GeorgeChelsea, 20, FW","Tyrique George Chelsea, 20, FW",1(7),178,1,1,1,-,0.4,82.0,-,-,6.39
"350Jens CajusteIpswich, 26, DMC","Jens Cajuste Ipswich, 26, DMC",25(5),1978,1,1,2,-,0.4,85.9,0.4,-,6.39
"351Jack HarrisonEverton, 29, M(CLR),FW","Jack Harrison Everton, 29, M(CLR),FW",24(10),2085,1,-,-,-,0.9,73.3,0.1,1,6.39
"352Nathan BroadheadIpswich, 28, AM(CLR),FW","Nathan Broadhead Ipswich, 28, AM(CLR),FW",7(11),697,2,-,1,-,0.7,81.6,0.1,-,6.39
"353Lewis DunkBrighton, 34, D(C)","Lewis Dunk Brighton, 34, D(C)",23(2),2083,-,-,5,-,0.5,91.4,2.1,-,6.39
"354Yves BissoumaTottenham, 29, M(C)","Yves Bissouma Tottenham, 29, M(C)",16(12),1408,2,-,7,-,0.4,89.0,0.3,-,6.39
"355RodriMan City, 29, D(C),DMC","Rodri Man City, 29, D(C),DMC",1(2),73,-,-,-,-,-,94.1,0.3,-,6.39
"356Jay RobinsonSouthampton, 19, AM(C)","Jay Robinson Southampton, 19, AM(C)",1(3),135,-,-,-,-,0.3,69.7,-,-,6.39
"357Sam MorsyIpswich, 34, M(C)","Sam Morsy Ipswich, 34, M(C)",31(2),2755,1,1,10,-,0.4,87.4,0.5,-,6.38
"358Ollie ScarlesWest Ham, 20, D(L),M(L)","Ollie Scarles West Ham, 20, D(L),M(L)",7(8),665,-,-,1,-,0.2,81.7,0.4,-,6.38
"359Crysencio SummervilleWest Ham, 24, AM(LR),FW","Crysencio Summerville West Ham, 24, AM(LR),FW",7(12),784,1,1,2,-,0.7,79.2,0.2,-,6.38
"360Jannik VestergaardLeicester, 33, D(C)","Jannik Vestergaard Leicester, 33, D(C)",16(2),1396,-,-,5,-,0.2,90.8,1.5,-,6.38
"361Mads RoerslevBrentford, 26, D(R),M(R)","Mads Roerslev Brentford, 26, D(R),M(R)",11(8),1097,-,2,2,-,0.3,82.1,0.5,-,6.38
"362Oleksandr ZinchenkoArsenal, 29, D(L),M(CLR)","Oleksandr Zinchenko Arsenal, 29, D(L),M(CLR)",5(10),522,-,1,1,-,0.7,87.1,0.8,-,6.37
"363Mathias JensenBrentford, 30, M(CR)","Mathias Jensen Brentford, 30, M(CR)",8(16),857,-,2,2,-,0.3,81.7,0.3,-,6.37
"364David BrooksBournemouth, 28, AM(CLR),FW","David Brooks Bournemouth, 28, AM(CLR),FW",9(20),952,2,-,3,-,0.9,82.2,0.2,-,6.37
"365Julio EncisoBrighton, 22, AM(CL),FW","Julio Enciso Brighton, 22, AM(CL),FW",2(10),288,-,-,-,-,1.7,73.8,0.5,-,6.37
"366RicharlisonTottenham, 28, AM(CLR),FW","Richarlison Tottenham, 28, AM(CLR),FW",4(11),502,4,1,2,-,1.1,62.5,0.7,-,6.37
"367Donyell MalenAston Villa, 27, AM(CLR),FW","Donyell Malen Aston Villa, 27, AM(CLR),FW",2(12),298,3,-,-,-,1.1,77.6,0.3,-,6.37
"368Charlie TaylorSouthampton, 32, D(CL),M(L)","Charlie Taylor Southampton, 32, D(CL),M(L)",3(5),353,-,-,1,-,-,92.2,0.8,-,6.37
"369DaniloNottingham Forest, 24, M(C)","Danilo Nottingham Forest, 24, M(C)",5(3),275,-,-,-,-,-,80.3,0.1,-,6.36
"370Ricardo PereiraLeicester, 32, D(LR),M(R)","Ricardo Pereira Leicester, 32, D(LR),M(R)",4(6),386,-,-,1,-,0.2,82.9,0.4,-,6.36
"371Sergio ReguilónTottenham, 29, D(L),M(L)","Sergio Reguilón Tottenham, 29, D(L),M(L)",1(3),195,-,-,2,-,0.5,71.0,1.3,-,6.36
"372Michail AntonioWest Ham, 36, D(R),M(CLR),FW","Michail Antonio West Ham, 36, D(R),M(CLR),FW",11(3),845,1,1,1,-,1.4,70.8,1.2,-,6.36
"373Kieran TierneyArsenal, 28, D(CL),M(L)","Kieran Tierney Arsenal, 28, D(CL),M(L)",2(11),253,1,-,-,-,0.2,91.0,0.5,1,6.36
"374Lesley UgochukwuSouthampton, 22, M(C)","Lesley Ugochukwu Southampton, 22, M(C)",18(8),1667,1,1,7,-,0.4,85.6,0.8,1,6.36
"375Adam SmithBournemouth, 34, D(LR),M(LR)","Adam Smith Bournemouth, 34, D(LR),M(LR)",19(6),1599,-,-,7,-,0.1,78.7,0.6,-,6.35
"376Igor JulioBrighton, 28, D(CL),M(L)","Igor Julio Brighton, 28, D(CL),M(L)",10(3),960,-,-,4,-,0.1,92.7,0.6,-,6.35
"377Eddie NketiahCrystal Palace, 26, AM(C),FW","Eddie Nketiah Crystal Palace, 26, AM(C),FW",9(20),1029,3,1,4,1,1.5,75.7,0.7,1,6.34
"378Caleb OkoliLeicester, 24, D(C)","Caleb Okoli Leicester, 24, D(C)",12(7),1126,1,-,4,-,0.2,86.5,1.2,-,6.34
"379Nathan WoodSouthampton, 23, D(C)","Nathan Wood Southampton, 23, D(C)",9(2),775,-,-,2,-,0.2,94.1,1.4,-,6.34
"380Pablo SarabiaWolves, 33, D(L),M(CLR),FW","Pablo Sarabia Wolves, 33, D(L),M(CLR),FW",8(16),809,3,2,3,-,0.7,76.1,0.3,1,6.34
"381Flynn DownesSouthampton, 27, D(C),M(C)","Flynn Downes Southampton, 27, D(C),M(C)",25(2),2156,1,-,12,-,0.4,90.8,0.6,-,6.34
"382Simon AdingraBrighton, 24, M(LR),FW","Simon Adingra Brighton, 24, M(LR),FW",12(17),1091,2,2,-,-,1.1,81.9,0.2,-,6.34
"383Harry WinksLeicester, 30, DMC","Harry Winks Leicester, 30, DMC",17(5),1541,-,2,4,-,0.5,88.9,0.4,-,6.33
"384Vladimír CoufalWest Ham, 33, D(CR),M(R)","Vladimír Coufal West Ham, 33, D(CR),M(R)",11(11),1063,-,-,5,-,0.3,82.2,1,-,6.33
"385Leny YoroMan Utd, 20, D(C)","Leny Yoro Man Utd, 20, D(C)",12(9),1165,-,-,5,-,0.2,92.5,0.8,-,6.33
"386Radu DragusinTottenham, 24, D(C)","Radu Dragusin Tottenham, 24, D(C)",14(2),1254,-,-,1,-,0.3,85.2,2.1,-,6.33
"387Jack ClarkeIpswich, 25, M(LR)","Jack Clarke Ipswich, 25, M(LR)",12(20),1173,-,4,2,-,0.5,78.9,0.2,-,6.33
"388Willy BolyNottingham Forest, 35, D(C)","Willy Boly Nottingham Forest, 35, D(C)",1(5),147,-,-,1,-,0.2,78.6,1,-,6.33
"389Filip JörgensenChelsea, 24, GK","Filip Jörgensen Chelsea, 24, GK",6,540,-,-,-,-,-,82.4,0.2,-,6.33
"390AntonyMan Utd, 26, AM(R)","Antony Man Utd, 26, AM(R)",0(8),135,-,-,-,-,0.8,81.4,-,-,6.32
"391Ben JohnsonIpswich, 26, D(CLR),M(LR)","Ben Johnson Ipswich, 26, D(CLR),M(LR)",14(9),1349,1,2,3,1,0.3,77.8,0.8,1,6.32
"392Pedro LimaWolves, 19, Defender","Pedro Lima Wolves, 19, Defender",1(2),70,-,-,-,-,0.3,76.9,-,-,6.32
"393Daichi KamadaCrystal Palace, 29, AM(CLR),FW","Daichi Kamada Crystal Palace, 29, AM(CLR),FW",15(19),1558,-,-,4,1,0.6,82.5,0.1,-,6.32
"394Joshua ZirkzeeMan Utd, 24, AM(C),FW","Joshua Zirkzee Man Utd, 24, AM(C),FW",14(18),1395,3,1,2,-,0.9,72.1,0.7,-,6.32
"395Max AaronsBournemouth, 26, D(R),M(R)","Max Aarons Bournemouth, 26, D(R),M(R)",1(2),86,-,-,-,-,-,80.4,-,-,6.32
"396Issa DiopFulham, 29, D(C)","Issa Diop Fulham, 29, D(C)",15(6),1336,-,-,2,-,0.2,87.5,1,-,6.32
"397Christian WaltonIpswich, 30, GK","Christian Walton Ipswich, 30, GK",7,630,-,-,-,-,-,64.5,0.3,-,6.31
"398Nathan PattersonEverton, 24, D(R),M(R)","Nathan Patterson Everton, 24, D(R),M(R)",3(7),345,-,1,1,-,0.1,79.2,0.1,-,6.31
"399Rodrigo GomesWolves, 22, M(LR)","Rodrigo Gomes Wolves, 22, M(LR)",7(18),799,2,-,-,-,0.3,70.7,0.3,-,6.31
"400Lamare BogardeAston Villa, 22, D(R),DMC","Lamare Bogarde Aston Villa, 22, D(R),DMC",5(3),476,-,-,2,-,0.1,88.1,0.8,-,6.31
"401Sam SzmodicsIpswich, 30, AM(CLR),FW","Sam Szmodics Ipswich, 30, AM(CLR),FW",13(7),1000,4,-,2,-,1.1,77,0.3,-,6.3
"402Chiedozie OgbeneIpswich, 28, M(CLR),FW","Chiedozie Ogbene Ipswich, 28, M(CLR),FW",3(2),240,-,-,-,-,-,79.5,0.2,-,6.3
"403Nathan Butler-OyedejiArsenal, 23, Forward","Nathan Butler-Oyedeji Arsenal, 23, Forward",0(1),6,-,-,-,-,1,-,-,-,6.3
"404Boubakary SoumaréLeicester, 27, DMC","Boubakary Soumaré Leicester, 27, DMC",25(6),2172,-,-,8,-,0.2,87.5,0.7,-,6.3
"405MoratoNottingham Forest, 24, D(CL)","Morato Nottingham Forest, 24, D(CL)",6(20),895,-,-,5,-,0.1,77.6,0.2,-,6.3
"406Danny IngsWest Ham, 33, AM(C),FW","Danny Ings West Ham, 33, AM(C),FW",1(14),274,1,2,-,-,0.9,71.6,0.5,-,6.29
"407Séamus ColemanEverton, 37, D(CR),M(R)","Séamus Coleman Everton, 37, D(CR),M(R)",3(2),216,-,-,1,-,0.2,77,0.4,-,6.29
"408Timo WernerTottenham, 30, AM(CLR),FW","Timo Werner Tottenham, 30, AM(CLR),FW",4(14),508,-,3,-,-,0.4,74.2,-,-,6.29
"409Victor LindelöfMan Utd, 31, D(CLR)","Victor Lindelöf Man Utd, 31, D(CLR)",6(10),696,-,-,1,-,-,93.7,1.1,-,6.29
"410Carlos SolerWest Ham, 29, M(CLR)","Carlos Soler West Ham, 29, M(CLR)",14(17),1407,1,1,6,-,0.8,88.7,0.4,-,6.29
"411Dane ScarlettTottenham, 22, FW","Dane Scarlett Tottenham, 22, FW",0(3),31,-,1,-,-,0.3,60.0,0.3,-,6.29
"412James McAteeMan City, 23, AM(CR)","James McAtee Man City, 23, AM(CR)",3(12),343,3,-,1,-,0.8,83.8,0.1,-,6.29
"413Tim IroegbunamEverton, 22, M(C)","Tim Iroegbunam Everton, 22, M(C)",5(13),565,-,1,4,-,0.3,74.2,0.6,-,6.29
"414Tom CairneyFulham, 35, M(CR)","Tom Cairney Fulham, 35, M(CR)",3(22),615,2,-,3,1,0.4,92.7,0.2,-,6.28
"415Raheem SterlingArsenal, 31, M(CLR),FW","Raheem Sterling Arsenal, 31, M(CLR),FW",7(10),497,-,2,1,-,0.6,84.6,0.1,-,6.28
"416Harvey ElliottLiverpool, 23, AM(CR)","Harvey Elliott Liverpool, 23, AM(CR)",2(16),360,1,2,1,-,0.9,85.1,0.1,-,6.28
"417Harry AmassMan Utd, 19, M(L)","Harry Amass Man Utd, 19, M(L)",4(1),346,-,-,-,-,0.6,87.4,1.4,-,6.28
"418Josh KingFulham, 19, AM(C)","Josh King Fulham, 19, AM(C)",1(7),126,-,-,-,-,0.4,85.5,0.1,-,6.28
"419Jarell QuansahLiverpool, 23, D(C)","Jarell Quansah Liverpool, 23, D(C)",4(9),489,-,-,2,-,0.1,91.5,0.5,-,6.28
"420Rasmus HøjlundMan Utd, 23, FW","Rasmus Højlund Man Utd, 23, FW",23(9),2013,4,-,2,-,1.0,76.3,1.0,-,6.27
"421Alex McCarthySouthampton, 36, GK","Alex McCarthy Southampton, 36, GK",5,450,-,-,-,-,-,69.8,0.4,-,6.27
"422Renato VeigaChelsea, 22, D(CL)","Renato Veiga Chelsea, 22, D(CL)",1(6),177,-,-,2,-,0.4,84.1,0.4,-,6.27
"423Kyle WalkerMan City, 35, D(CR),M(R)","Kyle Walker Man City, 35, D(CR),M(R)",9(6),967,-,-,3,-,0.3,88.6,0.6,-,6.27
"424Cheick DoucouréCrystal Palace, 26, DMC","Cheick Doucouré Crystal Palace, 26, DMC",4(9),447,-,-,1,-,0.5,85.7,0.4,-,6.27
"425Samuel EdozieSouthampton, 23, AM(CLR)","Samuel Edozie Southampton, 23, AM(CLR)",0(2),64,-,-,1,-,-,82.8,-,-,6.27
"426Hákon ValdimarssonBrentford, 24, GK","Hákon Valdimarsson Brentford, 24, GK",1(1),144,-,-,-,-,-,61.9,0.5,-,6.27
"427Fábio CarvalhoBrentford, 23, AM(CL),FW","Fábio Carvalho Brentford, 23, AM(CL),FW",3(16),447,2,1,1,-,0.6,74.7,0.1,-,6.26
"428Armel Bella-KotchapSouthampton, 24, D(C)","Armel Bella-Kotchap Southampton, 24, D(C)",2(2),329,-,-,-,-,0.3,90.6,1.5,-,6.26
"429Hamza ChoudhuryLeicester, 28, D(R),DMC","Hamza Choudhury Leicester, 28, D(R),DMC",1(3),130,-,-,-,-,-,89.5,-,-,6.26
"430Axel TuanzebeIpswich, 28, D(CR)","Axel Tuanzebe Ipswich, 28, D(CR)",20(2),1717,-,1,3,1,0.2,86.1,1,-,6.26
"431Craig DawsonWolves, 35, D(CR)","Craig Dawson Wolves, 35, D(CR)",10(5),969,-,-,2,-,0.3,86.7,1.4,-,6.26
"432Lloyd KellyNewcastle, 27, D(CL)","Lloyd Kelly Newcastle, 27, D(CL)",4(6),302,-,1,2,-,0.3,81.2,0.7,-,6.26
"433Enes ÜnalBournemouth, 28, FW","Enes Ünal Bournemouth, 28, FW",2(15),332,2,1,2,-,1.2,67.0,1.4,-,6.25
"434Joachim AndersenCrystal Palace, 29, D(C)","Joachim Andersen Crystal Palace, 29, D(C)",1,90,-,-,1,-,1.0,74.4,2.0,-,6.25
"435Joe WillockNewcastle, 26, M(C)","Joe Willock Newcastle, 26, M(C)",11(21),1077,-,2,4,-,0.6,87.0,0.2,-,6.25
"436Sean LongstaffNewcastle, 28, DMC","Sean Longstaff Newcastle, 28, DMC",8(17),788,-,-,2,-,0.2,86.0,0.4,-,6.25
"437James BreeSouthampton, 28, D(CLR),M(R)","James Bree Southampton, 28, D(CLR),M(R)",13(4),1076,-,1,-,-,0.2,86.5,0.8,-,6.25
"438Ramón SosaNottingham Forest, 26, AM(LR),FW","Ramón Sosa Nottingham Forest, 26, AM(LR),FW",1(18),284,1,-,1,-,0.6,71.4,0.2,-,6.25
"439Lewis MileyNewcastle, 19, D(R),DMC","Lewis Miley Newcastle, 19, D(R),DMC",1(13),304,1,-,-,-,0.2,88.4,0.4,-,6.24
"440Yukinari SugawaraSouthampton, 25, D(R),M(R)","Yukinari Sugawara Southampton, 25, D(R),M(R)",16(14),1560,1,1,4,-,0.5,84.6,0.2,-,6.24
"441Mason MountMan Utd, 27, M(CLR)","Mason Mount Man Utd, 27, M(CLR)",8(9),623,1,-,3,-,1.2,84.0,0.2,-,6.24
"442Igor ThiagoBrentford, 24, FW","Igor Thiago Brentford, 24, FW",1(7),168,-,-,-,-,0.3,74.1,0.9,-,6.24
"443Armando BrojaEverton, 24, AM(R),FW","Armando Broja Everton, 24, AM(R),FW",4(6),331,-,-,1,-,0.4,74.6,1.8,-,6.23
"444George HirstIpswich, 27, FW","George Hirst Ipswich, 27, FW",5(21),651,3,1,3,-,0.5,57.6,1.2,-,6.23
"445Wilson OdobertTottenham, 21, AM(CLR),FW","Wilson Odobert Tottenham, 21, AM(CLR),FW",9(7),849,1,-,-,-,0.8,84.8,0.3,-,6.23
"446Kiernan Dewsbury-HallChelsea, 27, M(C)","Kiernan Dewsbury-Hall Chelsea, 27, M(C)",2(11),259,-,1,-,-,0.1,85.2,-,-,6.23
"447WillianFulham, 37, AM(CLR)","Willian Fulham, 37, AM(CLR)",2(8),253,-,-,-,-,0.7,88.9,0.1,-,6.23
"448Diego CarlosAston Villa, 33, D(C)","Diego Carlos Aston Villa, 33, D(C)",8(2),829,-,-,1,-,0.4,89.0,1.1,-,6.23
"449Kalvin PhillipsIpswich, 30, D(C),DMC","Kalvin Phillips Ipswich, 30, D(C),DMC",14(5),1240,-,-,4,1,0.6,81.1,0.4,-,6.22
"450Wes BurnsIpswich, 31, D(R),M(LR)","Wes Burns Ipswich, 31, D(R),M(LR)",12(6),933,-,1,1,-,0.4,69.8,0.4,-,6.22
"451Jorge CuencaFulham, 26, D(CL)","Jorge Cuenca Fulham, 26, D(CL)",4(4),350,-,-,-,-,0.1,84.1,0.8,-,6.22
"452Gonçalo GuedesWolves, 29, AM(CLR),FW","Gonçalo Guedes Wolves, 29, AM(CLR),FW",10(19),989,2,4,1,-,0.9,77.4,0.2,-,6.22
"453Jack StephensSouthampton, 32, D(CLR)","Jack Stephens Southampton, 32, D(CLR)",17(2),1395,1,-,2,2,0.2,92.3,0.3,-,6.22
"454Adam LallanaSouthampton, 37, M(CLR)","Adam Lallana Southampton, 37, M(CLR)",5(9),357,-,2,4,-,0.2,85.5,0.1,-,6.22
"455Ross StewartSouthampton, 29, AM(L),FW","Ross Stewart Southampton, 29, AM(L),FW",4(8),387,1,-,1,-,0.8,70.5,1.1,-,6.21
"456Paris MaghomaBrentford, 24, M(C)","Paris Maghoma Brentford, 24, M(C)",0(8),113,-,-,-,-,0.1,93.8,0.1,-,6.2
"457Emil KrafthNewcastle, 31, D(CR),M(R)","Emil Krafth Newcastle, 31, D(CR),M(R)",2(10),335,-,-,2,-,0.1,79.3,0.7,-,6.19
"458Chido ObiMan Utd, 18, Forward","Chido Obi Man Utd, 18, Forward",1(6),161,-,-,1,-,0.7,83.3,0.3,-,6.19
"459Justin DevennyCrystal Palace, 22, M(CL)","Justin Devenny Crystal Palace, 22, M(CL)",4(19),498,1,1,1,-,0.4,78.0,0.1,-,6.19
"460Conor ChaplinIpswich, 29, AM(CLR),FW","Conor Chaplin Ipswich, 29, AM(CLR),FW",10(12),854,1,1,2,-,0.7,74.8,0.1,-,6.19
"461JorginhoArsenal, 34, DMC","Jorginho Arsenal, 34, DMC",9(6),704,-,-,5,-,0.1,86.9,0.1,-,6.19
"462Mykhailo MudrykChelsea, 25, AM(L)","Mykhailo Mudryk Chelsea, 25, AM(L)",1(6),146,-,-,-,-,0.1,77.1,0.3,-,6.18
"463Harry HowellBrighton, 18, Midfielder","Harry Howell Brighton, 18, Midfielder",0(1),6,-,-,-,-,-,88.9,-,-,6.18
"464Matt TargettNewcastle, 30, D(CL),M(L)","Matt Targett Newcastle, 30, D(CL),M(L)",0(2),20,-,-,-,-,-,92.9,-,-,6.18
"465Wataru EndoLiverpool, 33, DMC","Wataru Endo Liverpool, 33, DMC",1(19),261,-,-,-,-,-,94.2,0.2,-,6.18
"466Andrés GarcíaAston Villa, 23, D(R)","Andrés García Aston Villa, 23, D(R)",5(2),320,-,-,-,-,0.3,92.4,-,-,6.18
"467Archie GrayTottenham, 20, D(CLR),DMC","Archie Gray Tottenham, 20, D(CLR),DMC",19(9),1746,-,-,1,-,-,89.3,0.4,-,6.17
"468Luis GuilhermeWest Ham, 20, AM(L)","Luis Guilherme West Ham, 20, AM(L)",1(11),141,-,-,-,-,0.3,93.1,0.2,-,6.17
"469Conor CoadyLeicester, 33, D(CR),DMC","Conor Coady Leicester, 33, D(CR),DMC",19(3),1714,1,-,3,-,0.1,91.5,0.6,-,6.17
"470Adam ArmstrongSouthampton, 29, AM(CLR),FW","Adam Armstrong Southampton, 29, AM(CLR),FW",15(5),1255,2,2,4,-,1.3,83.6,0.3,-,6.17
"471Oscar BobbMan City, 22, AM(LR)","Oscar Bobb Man City, 22, AM(LR)",0(3),14,-,-,-,-,-,86.7,-,-,6.17
"472Oliver SkippLeicester, 25, DMC","Oliver Skipp Leicester, 25, DMC",10(14),1123,-,-,8,-,0.2,84.4,0.5,-,6.17
"473Andy IrvingWest Ham, 25, Midfielder","Andy Irving West Ham, 25, Midfielder",1(9),162,-,-,2,-,0.4,90.0,0.1,-,6.17
"474Kosta NedeljkovicAston Villa, 20, D(R),M(R)","Kosta Nedeljkovic Aston Villa, 20, D(R),M(R)",0(5),121,-,-,-,-,-,90.2,-,-,6.16
"475Eric da Silva MoreiraNottingham Forest, 19, Forward","Eric da Silva Moreira Nottingham Forest, 19, Forward",0(2),28,-,-,-,-,-,83.3,-,-,6.16
"476ChiquinhoWolves, 26, AM(LR)","Chiquinho Wolves, 26, AM(LR)",0(1),6,-,-,-,-,-,100.0,-,-,6.16
"477Evan FergusonBrighton, 21, FW","Evan Ferguson Brighton, 21, FW",2(11),236,1,-,-,-,0.5,75.4,0.3,-,6.16
"478Maxwel CornetSouthampton, 29, D(L),M(LR),FW","Maxwel Cornet Southampton, 29, D(L),M(LR),FW",1(1),72,-,-,1,-,0.5,89.5,1.5,-,6.16
"479William OsulaNewcastle, 22, FW","William Osula Newcastle, 22, FW",0(14),124,1,-,-,-,0.3,72.0,0.4,-,6.15
"480Jack TaylorIpswich, 27, M(C)","Jack Taylor Ipswich, 27, M(C)",4(28),841,1,-,4,-,0.6,83.8,0.2,-,6.15
"481Evan FergusonWest Ham, 21, FW","Evan Ferguson West Ham, 21, FW",1(7),152,-,-,-,-,0.6,77.8,0.6,-,6.15
"482Martial GodoFulham, 23, AM(CLR)","Martial Godo Fulham, 23, AM(CLR)",0(2),21,-,-,-,-,-,71.4,-,-,6.15
"483Reiss NelsonArsenal, 26, M(LR)","Reiss Nelson Arsenal, 26, M(LR)",0(1),2,-,-,-,-,-,-,-,-,6.15
"484Tommy DoyleWolves, 24, M(C)","Tommy Doyle Wolves, 24, M(C)",3(21),477,-,1,1,-,0.4,85.4,-,-,6.15
"485James Ward-ProwseNottingham Forest, 31, M(CR)","James Ward-Prowse Nottingham Forest, 31, M(CR)",5(4),399,-,1,-,1,0.2,86.4,0.3,-,6.14
"486Ben MeeBrentford, 36, D(CL)","Ben Mee Brentford, 36, D(CL)",2(5),181,-,-,2,-,-,77.6,0.7,-,6.14
"487Solly MarchBrighton, 31, M(CLR)","Solly March Brighton, 31, M(CLR)",1(7),162,-,-,2,-,0.3,71,0.1,-,6.14
"488Woyo CoulibalyLeicester, 26, D(LR)","Woyo Coulibaly Leicester, 26, D(LR)",1(3),108,-,-,1,-,0.5,84.1,-,-,6.14
"489Daniel JebbisonBournemouth, 22, FW","Daniel Jebbison Bournemouth, 22, FW",0(16),105,1,-,1,-,0.3,84.6,0.2,-,6.14
"490Hwang Hee-ChanWolves, 30, AM(CLR),FW","Hwang Hee-Chan Wolves, 30, AM(CLR),FW",5(16),652,2,-,-,-,0.2,83.6,0.1,-,6.14
"491Youssef ChermitiEverton, 21, FW","Youssef Chermiti Everton, 21, FW",0(4),42,-,-,1,-,0.8,60.0,0.5,-,6.14
"492Patson DakaLeicester, 27, FW","Patson Daka Leicester, 27, FW",6(17),723,1,-,-,-,0.7,73.9,0.5,-,6.13
"493Will SmallboneSouthampton, 26, M(CR)","Will Smallbone Southampton, 26, M(CR)",6(12),684,1,-,1,-,0.4,82.4,0.2,-,6.13
"494Ben WinterburnBournemouth, 21, AM(C)","Ben Winterburn Bournemouth, 21, AM(C)",0(4),22,-,-,-,-,-,71.4,0.3,-,6.13
"495Ryan TrevittBrentford, 23, AM(C)","Ryan Trevitt Brentford, 23, AM(C)",0(1),3,-,-,-,-,-,66.7,-,-,6.13
"496Cameron ArcherSouthampton, 24, AM(C),FW","Cameron Archer Southampton, 24, AM(C),FW",13(22),1435,2,-,-,-,0.8,83.1,0.3,-,6.13
"497Jakub ModerBrighton, 27, M(CL)","Jakub Moder Brighton, 27, M(CL)",0(4),9,-,-,-,-,-,81.0,-,-,6.12
"498Miguel AlmirónNewcastle, 32, AM(CLR),FW","Miguel Almirón Newcastle, 32, AM(CLR),FW",1(8),151,-,-,-,-,0.7,82.8,-,-,6.12
"499Jeremy SarmientoBrighton, 23, AM(CL)","Jeremy Sarmiento Brighton, 23, AM(CL)",0(1),8,-,-,-,-,-,100.0,-,-,6.12
"500Joe LumleySouthampton, 31, GK","Joe Lumley Southampton, 31, GK",3,270,-,-,-,-,-,67.6,0.7,-,6.12
"501Luke ShawMan Utd, 30, D(CL),M(L)","Luke Shaw Man Utd, 30, D(CL),M(L)",4(3),349,-,-,1,-,0.1,88.8,0.4,-,6.12
"502Carlos ViníciusFulham, 31, FW","Carlos Vinícius Fulham, 31, FW",0(3),13,-,-,-,-,0.3,33.3,-,-,6.12
"503Federico ChiesaLiverpool, 28, M(CLR),FW","Federico Chiesa Liverpool, 28, M(CLR),FW",1(5),104,-,-,-,-,0.8,92.9,-,-,6.11
"504Julián AraujoBournemouth, 24, D(R),M(R)","Julián Araujo Bournemouth, 24, D(R),M(R)",7(5),499,-,-,2,-,-,81.7,0.3,-,6.11
"505Bobby De Cordova-ReidLeicester, 33, D(R),M(CLR),FW","Bobby De Cordova-Reid Leicester, 33, D(R),M(CLR),FW",9(14),744,1,2,2,-,0.3,75.1,0.3,-,6.11
"506Jayden MeghomaBrentford, 19, D(L),M(L)","Jayden Meghoma Brentford, 19, D(L),M(L)",0(1),4,-,-,-,-,-,100.0,-,-,6.11
"507Lewis OrfordWest Ham, 20, Midfielder","Lewis Orford West Ham, 20, Midfielder",0(2),47,-,-,-,-,0.5,86.5,-,-,6.11
"508Jeremy MongaLeicester, 16, AM(L)","Jeremy Monga Leicester, 16, AM(L)",0(7),105,-,-,-,-,0.4,72.0,-,-,6.11
"509Asher AgbinoneCrystal Palace, 20, Midfielder","Asher Agbinone Crystal Palace, 20, Midfielder",0(2),4,-,-,-,-,0.5,100.0,-,-,6.1
"510Claudio EcheverriMan City, 20, AM(C)","Claudio Echeverri Man City, 20, AM(C)",0(1),5,-,-,-,-,-,100.0,-,-,6.1
"511Mikey MooreTottenham, 18, AM(CLR)","Mikey Moore Tottenham, 18, AM(CLR)",3(7),362,-,1,-,-,0.3,82.1,0.1,-,6.09
"512Rico HenryBrentford, 28, D(L),M(L)","Rico Henry Brentford, 28, D(L),M(L)",0(5),94,-,-,-,-,-,67.6,0.4,-,6.09
"513Divin MubamaMan City, 21, FW","Divin Mubama Man City, 21, FW",0(1),27,-,-,-,-,1,66.7,-,-,6.09
"514Joachim Kayi-SandaSouthampton, 19, Defender","Joachim Kayi-Sanda Southampton, 19, Defender",0(2),12,-,-,-,-,-,100.0,-,-,6.09
"515Mateus ManéWolves, 18, AM(C)","Mateus Mané Wolves, 18, AM(C)",0(1),1,-,-,-,-,-,80.0,1,-,6.09
"516Taiwo AwoniyiNottingham Forest, 28, FW","Taiwo Awoniyi Nottingham Forest, 28, FW",3(23),402,1,-,-,-,0.4,64.9,0.5,-,6.09
"517Altay BayindirMan Utd, 28, GK","Altay Bayindir Man Utd, 28, GK",4,360,-,-,-,-,-,57.1,0.3,-,6.09
"518Caleb KporhaCrystal Palace, 19, Defender","Caleb Kporha Crystal Palace, 19, Defender",0(2),11,-,-,-,-,-,75.0,-,-,6.09
"519Albert GrønbækSouthampton, 24, AM(CL)","Albert Grønbæk Southampton, 24, AM(CL)",2(2),143,-,-,-,-,0.5,76.5,0.5,-,6.08
"520Alfie DorringtonTottenham, 21, D(C)","Alfie Dorrington Tottenham, 21, D(C)",0(1),13,-,-,-,-,-,93.8,-,-,6.08
"521Olabade AlukoLeicester, 19, Defender","Olabade Aluko Leicester, 19, Defender",0(1),1,-,-,-,-,-,60.0,-,-,6.08
"522Roman DixonEverton, 21, Defender","Roman Dixon Everton, 21, Defender",1,90,-,-,-,-,-,56.3,-,-,6.08
"523Carlos ForbsWolves, 22, AM(LR)","Carlos Forbs Wolves, 22, AM(LR)",1(9),234,-,-,2,-,0.2,71.3,0.1,-,6.08
"524Yunus KonakBrentford, 20, DMC","Yunus Konak Brentford, 20, DMC",0(10),37,-,-,-,-,0.1,71.4,0.5,-,6.08
"525Ben BreretonSouthampton, 27, AM(CLR),FW","Ben Brereton Southampton, 27, AM(CLR),FW",4(6),448,-,-,1,-,1.1,79.2,0.9,-,6.07
"526Emiliano BuendíaAston Villa, 29, M(CLR),FW","Emiliano Buendía Aston Villa, 29, M(CLR),FW",0(12),89,-,-,1,-,0.4,81.7,-,-,6.07
"527Gustavo NunesBrentford, 20, AM(L)","Gustavo Nunes Brentford, 20, AM(L)",0(3),11,-,-,-,-,-,100.0,-,-,6.07
"528Julio SolerBournemouth, 21, D(L)","Julio Soler Bournemouth, 21, D(L)",0(3),9,-,-,-,-,-,84.6,-,-,6.06
"529Massimo LuongoIpswich, 33, M(C)","Massimo Luongo Ipswich, 33, M(C)",2(9),197,-,-,-,-,-,78.1,0.2,-,6.05
"530Odsonne ÉdouardLeicester, 28, AM(L),FW","Odsonne Édouard Leicester, 28, AM(L),FW",0(4),26,-,-,-,-,-,75.0,0.3,-,6.05
"531Kim Ji-SooBrentford, 21, D(C)","Kim Ji-Soo Brentford, 21, D(C)",0(3),29,-,-,-,-,-,89.3,-,-,6.05
"532Harrison ReedFulham, 31, D(R),M(CR)","Harrison Reed Fulham, 31, D(R),M(CR)",0(12),94,-,-,2,-,0.3,79.2,0.1,-,6.05
"533Daniel PodenceWolves, 30, AM(CLR),FW","Daniel Podence Wolves, 30, AM(CLR),FW",0(2),47,-,-,-,-,0.5,73.3,-,-,6.05
"534Scott McTominayMan Utd, 29, D(C),M(CL)","Scott McTominay Man Utd, 29, D(C),M(CL)",0(2),17,-,-,-,-,0.5,100.0,0.5,-,6.05
"535Jeffrey SchluppCrystal Palace, 33, D(L),M(CLR)","Jeffrey Schlupp Crystal Palace, 33, D(L),M(CLR)",0(12),95,-,-,-,-,0.3,86.0,0.3,-,6.04
"536Nathaniel ClyneCrystal Palace, 35, D(CLR),M(R)","Nathaniel Clyne Crystal Palace, 35, D(CLR),M(R)",5(8),481,-,-,1,-,0.2,77.8,0.1,-,6.04
"537Marc GuiuChelsea, 20, FW","Marc Guiu Chelsea, 20, FW",0(3),71,-,-,-,-,-,68.8,-,-,6.04
"538Sam Amo-AmeyawSouthampton, 19, M(R)","Sam Amo-Ameyaw Southampton, 19, M(R)",0(2),26,-,-,1,-,0.5,100.0,-,-,6.04
"539Mathis AmougouChelsea, 20, M(C)","Mathis Amougou Chelsea, 20, M(C)",0(1),7,-,-,-,-,-,100.0,-,-,6.03
"540Tyrell MalaciaMan Utd, 26, D(L),M(L)","Tyrell Malacia Man Utd, 26, D(L),M(L)",2(1),101,-,-,1,-,-,89.6,-,-,6.02
"541Jake EvansLeicester, 17, Forward","Jake Evans Leicester, 17, Forward",0(4),21,-,-,-,-,-,66.7,-,-,6.02
"542Eiran CashinBrighton, 24, D(CL)","Eiran Cashin Brighton, 24, D(CL)",0(2),19,-,-,-,-,-,85.2,1,-,6.02
"543Jahmai Simpson-PuseyMan City, 20, D(C)","Jahmai Simpson-Pusey Man City, 20, D(C)",1(1),95,-,-,1,-,-,93,0.5,-,6.01
"544Joel WardCrystal Palace, 36, D(CLR),DMC,M(R)","Joel Ward Crystal Palace, 36, D(CLR),DMC,M(R)",1(1),72,-,-,1,-,-,58.3,0.5,-,6.01
"545Ronnie EdwardsSouthampton, 23, D(CR)","Ronnie Edwards Southampton, 23, D(CR)",0(1),12,-,-,-,-,-,100,-,-,6.01
"546Josh AcheampongChelsea, 19, D(CR)","Josh Acheampong Chelsea, 19, D(CR)",2(2),169,-,-,1,-,0.5,83.7,0.3,-,6.0
"547Alfie PondWolves, 22, D(C)","Alfie Pond Wolves, 22, D(C)",0(1),1,-,-,-,-,-,100,-,-,6.0
"548Boubacar TraoréWolves, 24, DMC","Boubacar Traoré Wolves, 24, DMC",0(1),1,-,-,-,-,-,-,-,-,6.0
"549Jay StansfieldFulham, 23, AM(CL),FW","Jay Stansfield Fulham, 23, AM(CL),FW",0(1),1,-,-,-,-,-,-,-,-,6.0
"550Kaelan CaseyWest Ham, 21, D(C)","Kaelan Casey West Ham, 21, D(C)",0(1),1,-,-,-,-,-,-,1,-,6.0
"551Michael GoldingLeicester, 19, Midfielder","Michael Golding Leicester, 19, Midfielder",0(1),1,-,-,-,-,-,-,-,-,6.0
"552Remy Rees-DottinBournemouth, 20, Forward","Remy Rees-Dottin Bournemouth, 20, Forward",0(1),1,-,-,-,-,-,-,-,-,6.0
"553Shumaira MheukaChelsea, 18, Forward","Shumaira Mheuka Chelsea, 18, Forward",0(1),1,-,-,-,-,1,-,1,-,6.0
"554Tom KingWolves, 31, GK","Tom King Wolves, 31, GK",0(1),1,-,-,-,-,-,-,-,-,6.0
"555Vitor ReisMan City, 20, D(C)","Vitor Reis Man City, 20, D(C)",0(1),1,-,-,-,-,-,100,-,-,6.0
"556Will AlvesLeicester, 20, AM(CL)","Will Alves Leicester, 20, AM(CL)",0(1),1,-,-,-,-,-,100,-,-,6.0
"557Zain Silcott-DuberryBournemouth, 20, Midfielder","Zain Silcott-Duberry Bournemouth, 20, Midfielder",0(1),1,-,-,-,-,-,50,-,-,6.0
"558Will LankshearTottenham, 21, FW","Will Lankshear Tottenham, 21, FW",0(3),10,-,-,-,-,-,-,-,-,6.0
"559Ali Al HamadiIpswich, 24, FW","Ali Al Hamadi Ipswich, 24, FW",0(11),125,-,-,3,-,0.4,83.3,0.5,-,5.99
"560George EdmundsonIpswich, 28, D(C)","George Edmundson Ipswich, 28, D(C)",0(1),1,-,-,-,-,-,50,-,-,5.99
"561Ryan FraserSouthampton, 32, M(CLR),FW","Ryan Fraser Southampton, 32, M(CLR),FW",4(4),307,-,-,-,1,0.1,85.1,0.3,-,5.96
"562Callum WilsonNewcastle, 34, FW","Callum Wilson Newcastle, 34, FW",2(16),358,-,-,1,-,0.3,78.0,0.1,-,5.96
"563Danny WardLeicester, 32, GK","Danny Ward Leicester, 32, GK",1(1),135,-,-,-,-,-,72.7,-,-,5.95
"564Nasser DjigaWolves, 23, D(C)","Nasser Djiga Wolves, 23, D(C)",1(4),66,-,-,-,-,-,82.6,0.2,-,5.95
"565Odsonne ÉdouardCrystal Palace, 28, AM(L),FW","Odsonne Édouard Crystal Palace, 28, AM(L),FW",1(1),116,-,-,-,-,2.5,63.0,0.5,-,5.95
"566Harrison ArmstrongEverton, 19, M(C)","Harrison Armstrong Everton, 19, M(C)",0(3),47,-,-,1,-,0.3,53.8,-,-,5.94
"567Frank OnyekaBrentford, 28, DMC","Frank Onyeka Brentford, 28, DMC",0(2),23,-,-,-,-,-,85.7,-,-,5.94
"568Marcus HarnessIpswich, 30, M(CLR),FW","Marcus Harness Ipswich, 30, M(CLR),FW",0(2),43,-,-,-,-,-,62.5,-,-,5.94
"569Jaden PhilogeneAston Villa, 24, M(LR)","Jaden Philogene Aston Villa, 24, M(LR)",2(9),326,-,-,2,1,0.6,76.5,-,-,5.92
"570Jordan AyewCrystal Palace, 34, AM(CLR),FW","Jordan Ayew Crystal Palace, 34, AM(CLR),FW",0(1),20,-,-,1,-,1,88.9,1,-,5.9
"571Mason HolgateEverton, 29, D(CR),DMC,M(R)","Mason Holgate Everton, 29, D(CR),DMC,M(R)",0(1),5,-,-,-,-,-,-,-,-,5.87
"572Harry ClarkeIpswich, 25, D(CR),M(R)","Harry Clarke Ipswich, 25, D(CR),M(R)",4(3),378,-,-,1,1,0.1,82.2,1.4,-,5.85
"573Jayden DannsLiverpool, 20, Forward","Jayden Danns Liverpool, 20, Forward",0(1),10,-,-,-,-,-,100,-,-,5.84
"574Ben GodfreyIpswich, 28, D(CLR)","Ben Godfrey Ipswich, 28, D(CLR)",2(1),160,-,-,1,-,-,82,1,-,5.68
